id,data_inversa,uf,br,municipio,causa_acidente,tipo_acidente,classificacao_acidente,fase_dia,condicao_metereologica,tipo_pista,uso_solo,tipo_veiculo,estado_fisico,idade,sexo
868252,09/03/2011,RN,101,PARNAMIRIM,Falta de atenção,Colisão traseira,Sem Vítimas        ,Pleno dia,Ceu Claro,Dupla   ,Urbano,Automóvel,Ileso       ,-1.0,Inválido
868284,27/02/2011,RN,101,SAO JOSE DE MIPIBU,Outras,Colisão lateral,Sem Vítimas        ,Pleno dia,Ceu Claro,Dupla   ,Rural ,Automóvel,Ileso       ,31.0,Masculino
868284,27/02/2011,RN,101,SAO JOSE DE MIPIBU,Outras,Colisão lateral,Sem Vítimas        ,Pleno dia,Ceu Claro,Dupla   ,Rural ,Caminhonete,Ileso       ,54.0,Masculino
868298,09/03/2011,RN,101,PARNAMIRIM,Falta de atenção,Colisão traseira,Sem Vítimas        ,Pleno dia,Ceu Claro,Dupla   ,Urbano,Camioneta,Ileso       ,26.0,Masculino
868298,09/03/2011,RN,101,PARNAMIRIM,Falta de atenção,Colisão traseira,Sem Vítimas        ,Pleno dia,Ceu Claro,Dupla   ,Urbano,Automóvel,Ileso       ,20.0,Masculino
868313,09/03/2011,RN,101,SAO GONCALO DO AMARANTE,Não guardar distância de segurança,Colisão traseira,Sem Vítimas        ,Pleno dia,Chuva,Dupla   ,Urbano,Automóvel,Ileso       ,23.0,Masculino
868313,09/03/2011,RN,101,SAO GONCALO DO AMARANTE,Não guardar distância de segurança,Colisão traseira,Sem Vítimas        ,Pleno dia,Chuva,Dupla   ,Urbano,Caminhão-Trator,Ileso       ,32.0,Masculino
868321,09/03/2011,RN,304,MACAIBA,Outras,Colisão lateral,Sem Vítimas        ,Pleno dia,Chuva,Dupla   ,Urbano,Automóvel,Ileso       ,30.0,Masculino
868321,09/03/2011,RN,304,MACAIBA,Outras,Colisão lateral,Sem Vítimas        ,Pleno dia,Chuva,Dupla   ,Urbano,Automóvel,Ileso       ,49.0,Masculino
868358,05/03/2011,RN,226,NATAL,Outras,Colisão frontal,Com Vítimas Feridas,Pleno dia,Sol,Simples ,Urbano,Automóvel,Ileso       ,31.0,Feminino
868358,05/03/2011,RN,226,NATAL,Outras,Colisão frontal,Com Vítimas Feridas,Pleno dia,Sol,Simples ,Urbano,Motocicletas,Ferido Leve ,21.0,Masculino
868542,04/03/2011,RN,304,MOSSORO,Outras,Colisão com objeto móvel,Ignorado           ,Plena noite,Ceu Claro,Simples ,Urbano,Motoneta,Ignorado    ,-1.0,Inválido
868542,04/03/2011,RN,304,MOSSORO,Outras,Colisão com objeto móvel,Ignorado           ,Plena noite,Ceu Claro,Simples ,Urbano,Não identificado,Ignorado    ,-1.0,Inválido
868545,09/03/2011,RN,101,NATAL,Falta de atenção,Colisão traseira,Sem Vítimas        ,Plena noite,Ceu Claro,Dupla   ,Urbano,Automóvel,Ileso       ,45.0,Feminino
868545,09/03/2011,RN,101,NATAL,Falta de atenção,Colisão traseira,Sem Vítimas        ,Plena noite,Ceu Claro,Dupla   ,Urbano,Automóvel,Ileso       ,22.0,Masculino
868603,08/03/2011,RN,226,NATAL,Não guardar distância de segurança,Colisão traseira,Sem Vítimas        ,Pleno dia,Chuva,Simples ,Urbano,Automóvel,Ileso       ,-1.0,Masculino
868603,08/03/2011,RN,226,NATAL,Não guardar distância de segurança,Colisão traseira,Sem Vítimas        ,Pleno dia,Chuva,Simples ,Urbano,Automóvel,Ignorado    ,-1.0,Inválido
868604,06/03/2011,RN,304,MACAIBA,Ingestão de álcool,Colisão lateral,Com Vítimas Feridas,Plena noite,Ceu Claro,Simples ,Urbano,Automóvel,Ileso       ,48.0,Masculino
868604,06/03/2011,RN,304,MACAIBA,Ingestão de álcool,Colisão lateral,Com Vítimas Feridas,Plena noite,Ceu Claro,Simples ,Urbano,Automóvel,Ferido Leve ,36.0,Masculino
868604,06/03/2011,RN,304,MACAIBA,Ingestão de álcool,Colisão lateral,Com Vítimas Feridas,Plena noite,Ceu Claro,Simples ,Urbano,Automóvel,Ferido Grave,45.0,Masculino
868604,06/03/2011,RN,304,MACAIBA,Ingestão de álcool,Colisão lateral,Com Vítimas Feridas,Plena noite,Ceu Claro,Simples ,Urbano,Automóvel,Ferido Leve ,22.0,Feminino
868604,06/03/2011,RN,304,MACAIBA,Ingestão de álcool,Colisão lateral,Com Vítimas Feridas,Plena noite,Ceu Claro,Simples ,Urbano,Automóvel,Ferido Grave,1.0,Masculino
868710,10/03/2011,RN,304,MOSSORO,Não guardar distância de segurança,Colisão traseira,Sem Vítimas        ,Pleno dia,Sol,Simples ,Urbano,Caminhonete,Ileso       ,34.0,Masculino
868710,10/03/2011,RN,304,MOSSORO,Não guardar distância de segurança,Colisão traseira,Sem Vítimas        ,Pleno dia,Sol,Simples ,Urbano,Automóvel,Ileso       ,23.0,Masculino
868720,05/03/2011,RN,406,TAIPU,Falta de atenção,Colisão traseira,Com Vítimas Feridas,Pleno dia,Ceu Claro,Simples ,Rural ,Motocicletas,Ferido Leve ,22.0,Masculino
868720,05/03/2011,RN,406,TAIPU,Falta de atenção,Colisão traseira,Com Vítimas Feridas,Pleno dia,Ceu Claro,Simples ,Rural ,Automóvel,Ileso       ,46.0,Masculino
868744,04/03/2011,RN,406,GUAMARE,Falta de atenção,Colisão Transversal,Com Vítimas Feridas,Plena noite,Ceu Claro,Simples ,Rural ,Automóvel,Ferido Grave,43.0,Masculino
868744,04/03/2011,RN,406,GUAMARE,Falta de atenção,Colisão Transversal,Com Vítimas Feridas,Plena noite,Ceu Claro,Simples ,Rural ,Automóvel,Ignorado    ,-1.0,Inválido
868744,04/03/2011,RN,406,GUAMARE,Falta de atenção,Colisão Transversal,Com Vítimas Feridas,Plena noite,Ceu Claro,Simples ,Rural ,Automóvel,Ferido Grave,-1.0,Feminino
868744,04/03/2011,RN,406,GUAMARE,Falta de atenção,Colisão Transversal,Com Vítimas Feridas,Plena noite,Ceu Claro,Simples ,Rural ,Automóvel,Ferido Grave,-1.0,Feminino
868744,04/03/2011,RN,406,GUAMARE,Falta de atenção,Colisão Transversal,Com Vítimas Feridas,Plena noite,Ceu Claro,Simples ,Rural ,Automóvel,Ferido Grave,34.0,Masculino
868744,04/03/2011,RN,406,GUAMARE,Falta de atenção,Colisão Transversal,Com Vítimas Feridas,Plena noite,Ceu Claro,Simples ,Rural ,Automóvel,Ferido Grave,5.0,Feminino
868755,04/03/2011,RN,304,MOSSORO,Dormindo,Colisão frontal,Sem Vítimas        ,Plena noite,Nublado,Simples ,Rural ,Ônibus,Ileso       ,48.0,Masculino
868755,04/03/2011,RN,304,MOSSORO,Dormindo,Colisão frontal,Sem Vítimas        ,Plena noite,Nublado,Simples ,Rural ,Caminhão-Trator,Ileso       ,30.0,Masculino
868755,04/03/2011,RN,304,MOSSORO,Dormindo,Colisão frontal,Sem Vítimas        ,Plena noite,Nublado,Simples ,Rural ,Caminhão,Ileso       ,29.0,Masculino
868811,08/03/2011,RN,101,NATAL,Falta de atenção,Colisão traseira,Sem Vítimas        ,Pleno dia,Sol,Dupla   ,Urbano,Automóvel,Ileso       ,24.0,Masculino
868811,08/03/2011,RN,101,NATAL,Falta de atenção,Colisão traseira,Sem Vítimas        ,Pleno dia,Sol,Dupla   ,Urbano,Automóvel,Ignorado    ,-1.0,Inválido
868832,10/03/2011,RN,101,NATAL,Falta de atenção,Colisão traseira,Sem Vítimas        ,Pleno dia,Sol,Dupla   ,Urbano,Automóvel,Ileso       ,30.0,Masculino
868832,10/03/2011,RN,101,NATAL,Falta de atenção,Colisão traseira,Sem Vítimas        ,Pleno dia,Sol,Dupla   ,Urbano,Automóvel,Ileso       ,21.0,Feminino
868832,10/03/2011,RN,101,NATAL,Falta de atenção,Colisão traseira,Sem Vítimas        ,Pleno dia,Sol,Dupla   ,Urbano,Automóvel,Ileso       ,36.0,Masculino
868887,10/03/2011,RN,304,MOSSORO,Defeito mecânico em veículo,Queda de motocicleta / bicicleta / veículo,Com Vítimas Feridas,Pleno dia,Chuva,Simples ,Rural ,Motocicletas,Ferido Leve ,31.0,Masculino
868900,06/03/2011,RN,405,FELIPE GUERRA,Falta de atenção,Colisão lateral,Com Vítimas Fatais ,Plena noite,Nublado,Simples ,Urbano,Motocicletas,Morto       ,37.0,Masculino
868900,06/03/2011,RN,405,FELIPE GUERRA,Falta de atenção,Colisão lateral,Com Vítimas Fatais ,Plena noite,Nublado,Simples ,Urbano,Automóvel,Ignorado    ,-1.0,Inválido
868912,09/03/2011,RN,304,MOSSORO,Não guardar distância de segurança,Colisão traseira,Sem Vítimas        ,Pleno dia,Nublado,Simples ,Urbano,Automóvel,Ileso       ,47.0,Masculino
868912,09/03/2011,RN,304,MOSSORO,Não guardar distância de segurança,Colisão traseira,Sem Vítimas        ,Pleno dia,Nublado,Simples ,Urbano,Automóvel,Ileso       ,28.0,Masculino
868912,09/03/2011,RN,304,MOSSORO,Não guardar distância de segurança,Colisão traseira,Sem Vítimas        ,Pleno dia,Nublado,Simples ,Urbano,Automóvel,Ileso       ,31.0,Masculino
868933,10/03/2011,RN,101,SAO GONCALO DO AMARANTE,Outras,Colisão traseira,Sem Vítimas        ,Pleno dia,Nublado,Dupla   ,Urbano,Automóvel,Ileso       ,49.0,Masculino
868933,10/03/2011,RN,101,SAO GONCALO DO AMARANTE,Outras,Colisão traseira,Sem Vítimas        ,Pleno dia,Nublado,Dupla   ,Urbano,Automóvel,Ileso       ,39.0,Feminino
868933,10/03/2011,RN,101,SAO GONCALO DO AMARANTE,Outras,Colisão traseira,Sem Vítimas        ,Pleno dia,Nublado,Dupla   ,Urbano,Automóvel,Ileso       ,47.0,Masculino
868933,10/03/2011,RN,101,SAO GONCALO DO AMARANTE,Outras,Colisão traseira,Sem Vítimas        ,Pleno dia,Nublado,Dupla   ,Urbano,Automóvel,Ileso       ,55.0,Masculino
868933,10/03/2011,RN,101,SAO GONCALO DO AMARANTE,Outras,Colisão traseira,Sem Vítimas        ,Pleno dia,Nublado,Dupla   ,Urbano,Automóvel,Ileso       ,29.0,Masculino
868956,07/03/2011,RN,101,PARNAMIRIM,Outras,Queda de motocicleta / bicicleta / veículo,Com Vítimas Feridas,Plena noite,Nublado,Dupla   ,Urbano,Motocicletas,Ferido Leve ,26.0,Masculino
868984,10/03/2011,RN,101,NATAL,Falta de atenção,Colisão traseira,Sem Vítimas        ,Pleno dia,Ceu Claro,Dupla   ,Urbano,Automóvel,Ileso       ,34.0,Masculino
868984,10/03/2011,RN,101,NATAL,Falta de atenção,Colisão traseira,Sem Vítimas        ,Pleno dia,Ceu Claro,Dupla   ,Urbano,Ônibus,Ileso       ,44.0,Masculino
869017,09/03/2011,RN,226,TANGARA,Falta de atenção,Tombamento,Com Vítimas Feridas,Pleno dia,Nublado,Simples ,Rural ,Caminhão,Ferido Leve ,43.0,Masculino
869097,10/03/2011,RN,406,JOAO CAMARA,Outras,Capotamento,Com Vítimas Feridas,Pleno dia,Nublado,Simples ,Rural ,Automóvel,Ferido Leve ,37.0,Masculino
869097,10/03/2011,RN,406,JOAO CAMARA,Outras,Capotamento,Com Vítimas Feridas,Pleno dia,Nublado,Simples ,Rural ,Caminhão,Ileso       ,23.0,Masculino
869107,10/03/2011,RN,110,MOSSORO,Falta de atenção,Colisão Transversal,Com Vítimas Feridas,Plena noite,Nublado,Simples ,Urbano,Motocicletas,Ferido Grave,22.0,Masculino
869107,10/03/2011,RN,110,MOSSORO,Falta de atenção,Colisão Transversal,Com Vítimas Feridas,Plena noite,Nublado,Simples ,Urbano,Motocicletas,Ferido Grave,20.0,Masculino
869139,10/03/2011,RN,101,PARNAMIRIM,Outras,Colisão traseira,Sem Vítimas        ,Anoitecer,Nublado,Dupla   ,Urbano,Caminhonete,Ileso       ,59.0,Masculino
869139,10/03/2011,RN,101,PARNAMIRIM,Outras,Colisão traseira,Sem Vítimas        ,Anoitecer,Nublado,Dupla   ,Urbano,Automóvel,Ileso       ,27.0,Masculino
869194,05/03/2011,RN,406,CEARA-MIRIM,Falta de atenção,Colisão traseira,Sem Vítimas        ,Pleno dia,Ceu Claro,Simples ,Urbano,Automóvel,Ileso       ,34.0,Masculino
869194,05/03/2011,RN,406,CEARA-MIRIM,Falta de atenção,Colisão traseira,Sem Vítimas        ,Pleno dia,Ceu Claro,Simples ,Urbano,Caminhonete,Ileso       ,32.0,Masculino
869238,10/03/2011,RN,101,PARNAMIRIM,Outras,Saída de Pista,Sem Vítimas        ,Plena noite,Chuva,Dupla   ,Rural ,Automóvel,Ileso       ,35.0,Masculino
869257,10/03/2011,RN,101,PARNAMIRIM,Falta de atenção,Colisão traseira,Sem Vítimas        ,Plena noite,Ceu Claro,Múltipla,Urbano,Automóvel,Ileso       ,31.0,Feminino
869257,10/03/2011,RN,101,PARNAMIRIM,Falta de atenção,Colisão traseira,Sem Vítimas        ,Plena noite,Ceu Claro,Múltipla,Urbano,Caminhonete,Ileso       ,50.0,Masculino
869284,08/03/2011,RN,406,CEARA-MIRIM,Falta de atenção,Colisão traseira,Sem Vítimas        ,Pleno dia,Chuva,Simples ,Rural ,Automóvel,Ileso       ,29.0,Masculino
869284,08/03/2011,RN,406,CEARA-MIRIM,Falta de atenção,Colisão traseira,Sem Vítimas        ,Pleno dia,Chuva,Simples ,Rural ,Automóvel,Ileso       ,57.0,Masculino
869377,11/03/2011,RN,101,NATAL,Não guardar distância de segurança,Colisão lateral,Sem Vítimas        ,Pleno dia,Chuva,Simples ,Urbano,Caminhonete,Ileso       ,51.0,Masculino
869377,11/03/2011,RN,101,NATAL,Não guardar distância de segurança,Colisão lateral,Sem Vítimas        ,Pleno dia,Chuva,Simples ,Urbano,Ônibus,Ileso       ,28.0,Masculino
869428,10/03/2011,RN,101,NATAL,Falta de atenção,Colisão traseira,Sem Vítimas        ,Pleno dia,Nevoeiro/neblina,Dupla   ,Urbano,Automóvel,Ileso       ,27.0,Feminino
869428,10/03/2011,RN,101,NATAL,Falta de atenção,Colisão traseira,Sem Vítimas        ,Pleno dia,Nevoeiro/neblina,Dupla   ,Urbano,Automóvel,Ileso       ,53.0,Masculino
869515,11/03/2011,RN,101,PARNAMIRIM,Desobediência à sinalização,Colisão traseira,Sem Vítimas        ,Pleno dia,Sol,Múltipla,Urbano,Automóvel,Ileso       ,55.0,Masculino
869515,11/03/2011,RN,101,PARNAMIRIM,Desobediência à sinalização,Colisão traseira,Sem Vítimas        ,Pleno dia,Sol,Múltipla,Urbano,Camioneta,Ileso       ,46.0,Masculino
869547,28/01/2011,RN,110,MOSSORO,Falta de atenção,Colisão traseira,Com Vítimas Feridas,Plena noite,Chuva,Simples ,Rural ,Motocicletas,Ferido Leve ,34.0,Feminino
869547,28/01/2011,RN,110,MOSSORO,Falta de atenção,Colisão traseira,Com Vítimas Feridas,Plena noite,Chuva,Simples ,Rural ,Não identificado,Ignorado    ,-1.0,Inválido
869579,07/03/2011,RN,304,LAJES,Animais na Pista,Atropelamento de animal,Com Vítimas Feridas,Plena noite,Ceu Claro,Simples ,Rural ,Motocicletas,Ferido Leve ,49.0,Masculino
869626,08/03/2011,RN,110,MOSSORO,Outras,Colisão frontal,Sem Vítimas        ,Plena noite,Ceu Claro,Simples ,Rural ,Camioneta,Ileso       ,67.0,Masculino
869626,08/03/2011,RN,110,MOSSORO,Outras,Colisão frontal,Sem Vítimas        ,Plena noite,Ceu Claro,Simples ,Rural ,Automóvel,Ileso       ,24.0,Masculino
869632,11/03/2011,RN,101,NATAL,Desobediência à sinalização,Colisão Transversal,Sem Vítimas        ,Pleno dia,Ceu Claro,Dupla   ,Urbano,Automóvel,Ileso       ,33.0,Feminino
869632,11/03/2011,RN,101,NATAL,Desobediência à sinalização,Colisão Transversal,Sem Vítimas        ,Pleno dia,Ceu Claro,Dupla   ,Urbano,Automóvel,Ileso       ,40.0,Masculino
869732,11/03/2011,RN,101,NATAL,Outras,Colisão traseira,Sem Vítimas        ,Plena noite,Ceu Claro,Múltipla,Urbano,Automóvel,Ileso       ,-1.0,Masculino
869732,11/03/2011,RN,101,NATAL,Outras,Colisão traseira,Sem Vítimas        ,Plena noite,Ceu Claro,Múltipla,Urbano,Automóvel,Ileso       ,19.0,Masculino
869732,11/03/2011,RN,101,NATAL,Outras,Colisão traseira,Sem Vítimas        ,Plena noite,Ceu Claro,Múltipla,Urbano,Automóvel,Ileso       ,42.0,Feminino
869732,11/03/2011,RN,101,NATAL,Outras,Colisão traseira,Sem Vítimas        ,Plena noite,Ceu Claro,Múltipla,Urbano,Automóvel,Ileso       ,23.0,Masculino
869732,11/03/2011,RN,101,NATAL,Outras,Colisão traseira,Sem Vítimas        ,Plena noite,Ceu Claro,Múltipla,Urbano,Automóvel,Ileso       ,30.0,Feminino
869775,11/03/2011,RN,101,SAO GONCALO DO AMARANTE,Outras,Colisão lateral,Sem Vítimas        ,Plena noite,Ceu Claro,Dupla   ,Urbano,Ônibus,Ileso       ,111.0,Masculino
869775,11/03/2011,RN,101,SAO GONCALO DO AMARANTE,Outras,Colisão lateral,Sem Vítimas        ,Plena noite,Ceu Claro,Dupla   ,Urbano,Automóvel,Ileso       ,47.0,Masculino
869783,11/03/2011,RN,304,MOSSORO,Outras,Queda de motocicleta / bicicleta / veículo,Com Vítimas Feridas,Plena noite,Ceu Claro,Simples ,Rural ,Motocicletas,Ferido Grave,40.0,Masculino
869793,11/03/2011,RN,304,CAICARA DO RIO DO VENTO,Outras,Atropelamento de pessoa,Com Vítimas Fatais ,Pleno dia,Ceu Claro,Simples ,Urbano,Automóvel,Ileso       ,39.0,Masculino
869793,11/03/2011,RN,304,CAICARA DO RIO DO VENTO,Outras,Atropelamento de pessoa,Com Vítimas Fatais ,Pleno dia,Ceu Claro,Simples ,Urbano,(null),Morto       ,44.0,Masculino
869858,12/03/2011,RN,304,MOSSORO,Outras,Derramamento de Carga,Sem Vítimas        ,Plena noite,Ceu Claro,Simples ,Rural ,Caminhão-Trator,Ileso       ,56.0,Masculino
869920,08/03/2011,RN,226,TANGARA,Velocidade incompatível,Atropelamento de pessoa,Com Vítimas Feridas,Pleno dia,Chuva,Simples ,Rural ,Caminhonete,Ileso       ,27.0,Masculino
869920,08/03/2011,RN,226,TANGARA,Velocidade incompatível,Atropelamento de pessoa,Com Vítimas Feridas,Pleno dia,Chuva,Simples ,Rural ,(null),Ferido Grave,18.0,Masculino
869992,12/03/2011,RN,101,SAO JOSE DE MIPIBU,Defeito na via,Derramamento de Carga,Sem Vítimas        ,Pleno dia,Nublado,Dupla   ,Urbano,Caminhão-Trator,Ileso       ,48.0,Masculino
870062,12/03/2011,RN,101,NATAL,Falta de atenção,Colisão traseira,Sem Vítimas        ,Pleno dia,Ceu Claro,Múltipla,Urbano,Automóvel,Ileso       ,30.0,Masculino
870062,12/03/2011,RN,101,NATAL,Falta de atenção,Colisão traseira,Sem Vítimas        ,Pleno dia,Ceu Claro,Múltipla,Urbano,Automóvel,Ileso       ,36.0,Feminino
870208,12/03/2011,RN,101,SAO GONCALO DO AMARANTE,Outras,Colisão traseira,Sem Vítimas        ,Pleno dia,Vento,Dupla   ,Urbano,Automóvel,Ileso       ,29.0,Masculino
870208,12/03/2011,RN,101,SAO GONCALO DO AMARANTE,Outras,Colisão traseira,Sem Vítimas        ,Pleno dia,Vento,Dupla   ,Urbano,Automóvel,Ileso       ,57.0,Masculino
870286,12/03/2011,RN,101,PARNAMIRIM,Falta de atenção,Colisão traseira,Sem Vítimas        ,Plena noite,Nublado,Dupla   ,Urbano,Automóvel,Ileso       ,38.0,Masculino
870286,12/03/2011,RN,101,PARNAMIRIM,Falta de atenção,Colisão traseira,Sem Vítimas        ,Plena noite,Nublado,Dupla   ,Urbano,Automóvel,Ileso       ,24.0,Feminino
870328,12/03/2011,RN,101,PARNAMIRIM,Falta de atenção,Colisão traseira,Sem Vítimas        ,Pleno dia,Ceu Claro,Dupla   ,Urbano,Automóvel,Ileso       ,32.0,Masculino
870328,12/03/2011,RN,101,PARNAMIRIM,Falta de atenção,Colisão traseira,Sem Vítimas        ,Pleno dia,Ceu Claro,Dupla   ,Urbano,Motocicletas,Ileso       ,22.0,Masculino
870394,07/03/2011,RN,427,CAICO,Falta de atenção,Colisão frontal,Com Vítimas Feridas,Plena noite,Ceu Claro,Simples ,Rural ,Automóvel,Ileso       ,-1.0,Masculino
870394,07/03/2011,RN,427,CAICO,Falta de atenção,Colisão frontal,Com Vítimas Feridas,Plena noite,Ceu Claro,Simples ,Rural ,Automóvel,Ferido Leve ,33.0,Feminino
870394,07/03/2011,RN,427,CAICO,Falta de atenção,Colisão frontal,Com Vítimas Feridas,Plena noite,Ceu Claro,Simples ,Rural ,Automóvel,Ileso       ,-1.0,Feminino
870414,09/03/2011,RN,101,NATAL,Ingestão de álcool,Colisão lateral,Com Vítimas Feridas,Plena noite,Nublado,Dupla   ,Urbano,Automóvel,Ferido Leve ,25.0,Feminino
870414,09/03/2011,RN,101,NATAL,Ingestão de álcool,Colisão lateral,Com Vítimas Feridas,Plena noite,Nublado,Dupla   ,Urbano,Automóvel,Ileso       ,37.0,Feminino
870414,09/03/2011,RN,101,NATAL,Ingestão de álcool,Colisão lateral,Com Vítimas Feridas,Plena noite,Nublado,Dupla   ,Urbano,Automóvel,Ileso       ,19.0,Feminino
870435,05/03/2011,RN,406,MACAU,Falta de atenção,Capotamento,Com Vítimas Feridas,Plena noite,Vento,Simples ,Rural ,Automóvel,Ileso       ,28.0,Masculino
870435,05/03/2011,RN,406,MACAU,Falta de atenção,Capotamento,Com Vítimas Feridas,Plena noite,Vento,Simples ,Rural ,Automóvel,Ferido Grave,27.0,Masculino
870457,10/03/2011,RN,101,NATAL,Falta de atenção,Colisão traseira,Sem Vítimas        ,Pleno dia,Ceu Claro,Dupla   ,Urbano,Automóvel,Ileso       ,28.0,Masculino
870457,10/03/2011,RN,101,NATAL,Falta de atenção,Colisão traseira,Sem Vítimas        ,Pleno dia,Ceu Claro,Dupla   ,Urbano,Ônibus,Ileso       ,40.0,Masculino
870462,09/03/2011,RN,226,CAMPO REDONDO,Defeito mecânico em veículo,Colisão com objeto fixo,Sem Vítimas        ,Pleno dia,Ceu Claro,Simples ,Rural ,Automóvel,Ileso       ,26.0,Masculino
870462,09/03/2011,RN,226,CAMPO REDONDO,Defeito mecânico em veículo,Colisão com objeto fixo,Sem Vítimas        ,Pleno dia,Ceu Claro,Simples ,Rural ,Ônibus,Ileso       ,45.0,Masculino
870486,04/03/2011,RN,110,MOSSORO,Falta de atenção,Colisão lateral,Sem Vítimas        ,Pleno dia,Ceu Claro,Simples ,Urbano,Ônibus,Ileso       ,30.0,Masculino
870486,04/03/2011,RN,110,MOSSORO,Falta de atenção,Colisão lateral,Sem Vítimas        ,Pleno dia,Ceu Claro,Simples ,Urbano,Automóvel,Ileso       ,43.0,Masculino
870692,08/03/2011,RN,101,NATAL,Outras,Colisão traseira,Sem Vítimas        ,Pleno dia,Chuva,Dupla   ,Urbano,Microônibus,Ileso       ,47.0,Masculino
870692,08/03/2011,RN,101,NATAL,Outras,Colisão traseira,Sem Vítimas        ,Pleno dia,Chuva,Dupla   ,Urbano,Automóvel,Ileso       ,31.0,Masculino
870704,10/03/2011,RN,304,RIACHUELO,Ultrapassagem indevida,Colisão lateral,Com Vítimas Feridas,Pleno dia,Ceu Claro,Simples ,Urbano,Automóvel,Ileso       ,37.0,Masculino
870704,10/03/2011,RN,304,RIACHUELO,Ultrapassagem indevida,Colisão lateral,Com Vítimas Feridas,Pleno dia,Ceu Claro,Simples ,Urbano,Motocicletas,Ferido Grave,27.0,Masculino
870704,10/03/2011,RN,304,RIACHUELO,Ultrapassagem indevida,Colisão lateral,Com Vítimas Feridas,Pleno dia,Ceu Claro,Simples ,Urbano,Motocicletas,Ferido Grave,19.0,Feminino
870818,14/03/2011,RN,304,MOSSORO,Outras,Colisão traseira,Com Vítimas Feridas,Plena noite,Ceu Claro,Simples ,Urbano,Motocicletas,Ferido Leve ,30.0,Masculino
870818,14/03/2011,RN,304,MOSSORO,Outras,Colisão traseira,Com Vítimas Feridas,Plena noite,Ceu Claro,Simples ,Urbano,Não identificado,Ignorado    ,-1.0,Inválido
870854,13/03/2011,RN,101,NATAL,Outras,Colisão lateral,Sem Vítimas        ,Plena noite,Ceu Claro,Múltipla,Urbano,Automóvel,Ileso       ,28.0,Masculino
870854,13/03/2011,RN,101,NATAL,Outras,Colisão lateral,Sem Vítimas        ,Plena noite,Ceu Claro,Múltipla,Urbano,Automóvel,Ileso       ,30.0,Feminino
870864,13/03/2011,RN,304,ASSU,Falta de atenção,Colisão traseira,Sem Vítimas        ,Pleno dia,Sol,Simples ,Rural ,Caminhonete,Ileso       ,72.0,Masculino
870864,13/03/2011,RN,304,ASSU,Falta de atenção,Colisão traseira,Sem Vítimas        ,Pleno dia,Sol,Simples ,Rural ,Automóvel,Ignorado    ,-1.0,Inválido
870880,14/03/2011,RN,406,SAO GONCALO DO AMARANTE,Animais na Pista,Atropelamento de animal,Sem Vítimas        ,Amanhecer,Ceu Claro,Simples ,Urbano,Automóvel,Ileso       ,28.0,Masculino
870883,13/03/2011,RN,101,SAO JOSE DE MIPIBU,Outras,Colisão traseira,Sem Vítimas        ,Anoitecer,Sol,Múltipla,Urbano,Camioneta,Ileso       ,57.0,Masculino
870883,13/03/2011,RN,101,SAO JOSE DE MIPIBU,Outras,Colisão traseira,Sem Vítimas        ,Anoitecer,Sol,Múltipla,Urbano,Automóvel,Ileso       ,42.0,Feminino
870883,13/03/2011,RN,101,SAO JOSE DE MIPIBU,Outras,Colisão traseira,Sem Vítimas        ,Anoitecer,Sol,Múltipla,Urbano,Automóvel,Ileso       ,27.0,Feminino
870919,10/03/2011,RN,405,MOSSORO,Outras,Atropelamento de pessoa,Com Vítimas Feridas,Plena noite,Ceu Claro,Dupla   ,Urbano,Automóvel,Ileso       ,20.0,Masculino
870919,10/03/2011,RN,405,MOSSORO,Outras,Atropelamento de pessoa,Com Vítimas Feridas,Plena noite,Ceu Claro,Dupla   ,Urbano,Automóvel,Ileso       ,23.0,Masculino
870919,10/03/2011,RN,405,MOSSORO,Outras,Atropelamento de pessoa,Com Vítimas Feridas,Plena noite,Ceu Claro,Dupla   ,Urbano,(null),Ferido Leve ,30.0,Masculino
871000,14/03/2011,RN,101,NATAL,Falta de atenção,Colisão traseira,Sem Vítimas        ,Pleno dia,Sol,Dupla   ,Urbano,Automóvel,Ileso       ,51.0,Feminino
871000,14/03/2011,RN,101,NATAL,Falta de atenção,Colisão traseira,Sem Vítimas        ,Pleno dia,Sol,Dupla   ,Urbano,Automóvel,Ileso       ,23.0,Masculino
871119,14/03/2011,RN,304,CAICARA DO RIO DO VENTO,Falta de atenção,Colisão traseira,Sem Vítimas        ,Pleno dia,Sol,Simples ,Urbano,Camioneta,Ileso       ,27.0,Masculino
871119,14/03/2011,RN,304,CAICARA DO RIO DO VENTO,Falta de atenção,Colisão traseira,Sem Vítimas        ,Pleno dia,Sol,Simples ,Urbano,Automóvel,Ileso       ,54.0,Masculino
871152,09/03/2011,RN,226,SANTA CRUZ,Não guardar distância de segurança,Colisão traseira,Com Vítimas Feridas,Pleno dia,Chuva,Simples ,Urbano,Automóvel,Ileso       ,39.0,Masculino
871152,09/03/2011,RN,226,SANTA CRUZ,Não guardar distância de segurança,Colisão traseira,Com Vítimas Feridas,Pleno dia,Chuva,Simples ,Urbano,Automóvel,Ferido Leve ,39.0,Feminino
871152,09/03/2011,RN,226,SANTA CRUZ,Não guardar distância de segurança,Colisão traseira,Com Vítimas Feridas,Pleno dia,Chuva,Simples ,Urbano,Automóvel,Ileso       ,13.0,Masculino