id,data_inversa,uf,br,municipio,causa_acidente,tipo_acidente,classificacao_acidente,fase_dia,condicao_metereologica,tipo_pista,uso_solo,tipo_veiculo,estado_fisico,idade,sexo
875046,21/03/2011,RN,304,ANGICOS,Falta de atenção,Capotamento,Com Vítimas Feridas,Anoitecer,Chuva,Simples ,Rural ,Camioneta,Ferido Leve ,40.0,Masculino
875046,21/03/2011,RN,304,ANGICOS,Falta de atenção,Capotamento,Com Vítimas Feridas,Anoitecer,Chuva,Simples ,Rural ,Camioneta,Ferido Leve ,-1.0,Masculino
875057,17/03/2011,RN,101,SAO GONCALO DO AMARANTE,Falta de atenção,Colisão lateral,Sem Vítimas        ,Pleno dia,Ceu Claro,Dupla   ,Urbano,Microônibus,Ileso       ,33.0,Masculino
875057,17/03/2011,RN,101,SAO GONCALO DO AMARANTE,Falta de atenção,Colisão lateral,Sem Vítimas        ,Pleno dia,Ceu Claro,Dupla   ,Urbano,Caminhão,Ileso       ,24.0,Masculino
875189,21/03/2011,RN,101,PARNAMIRIM,Outras,Colisão traseira,Com Vítimas Feridas,Pleno dia,Ceu Claro,Múltipla,Urbano,Automóvel,Ferido Leve ,41.0,Masculino
875189,21/03/2011,RN,101,PARNAMIRIM,Outras,Colisão traseira,Com Vítimas Feridas,Pleno dia,Ceu Claro,Múltipla,Urbano,Caminhonete,Ileso       ,18.0,Masculino
875203,21/03/2011,RN,304,ASSU,Falta de atenção,Colisão traseira,Sem Vítimas        ,Pleno dia,Sol,Simples ,Rural ,Automóvel,Ileso       ,40.0,Feminino
875203,21/03/2011,RN,304,ASSU,Falta de atenção,Colisão traseira,Sem Vítimas        ,Pleno dia,Sol,Simples ,Rural ,Automóvel,Ileso       ,59.0,Masculino
875234,21/03/2011,RN,101,PARNAMIRIM,Outras,Capotamento,Com Vítimas Feridas,Pleno dia,Sol,Dupla   ,Urbano,Automóvel,Ferido Leve ,37.0,Masculino
875234,21/03/2011,RN,101,PARNAMIRIM,Outras,Capotamento,Com Vítimas Feridas,Pleno dia,Sol,Dupla   ,Urbano,Automóvel,Ignorado    ,-1.0,Inválido
875270,18/03/2011,RN,304,MOSSORO,Animais na Pista,Atropelamento de animal,Sem Vítimas        ,Plena noite,Ceu Claro,Simples ,Rural ,Automóvel,Ileso       ,36.0,Feminino
875317,18/03/2011,RN,101,NATAL,Outras,Colisão com objeto fixo,Com Vítimas Feridas,Plena noite,Ceu Claro,Múltipla,Urbano,Motocicletas,Ferido Leve ,34.0,Masculino
875317,18/03/2011,RN,101,NATAL,Outras,Colisão com objeto fixo,Com Vítimas Feridas,Plena noite,Ceu Claro,Múltipla,Urbano,Motocicletas,Ferido Leve ,34.0,Feminino
875365,18/03/2011,RN,101,PARNAMIRIM,Falta de atenção,Colisão traseira,Sem Vítimas        ,Pleno dia,Ceu Claro,Múltipla,Urbano,Camioneta,Ileso       ,51.0,Masculino
875365,18/03/2011,RN,101,PARNAMIRIM,Falta de atenção,Colisão traseira,Sem Vítimas        ,Pleno dia,Ceu Claro,Múltipla,Urbano,Automóvel,Ileso       ,22.0,Masculino
875371,18/03/2011,RN,110,MOSSORO,Outras,Colisão Transversal,Com Vítimas Feridas,Pleno dia,Ceu Claro,Dupla   ,Urbano,Motocicletas,Ferido Leve ,34.0,Masculino
875371,18/03/2011,RN,110,MOSSORO,Outras,Colisão Transversal,Com Vítimas Feridas,Pleno dia,Ceu Claro,Dupla   ,Urbano,Automóvel,Ileso       ,28.0,Masculino
875382,18/03/2011,RN,101,NATAL,Outras,Colisão traseira,Sem Vítimas        ,Anoitecer,Ceu Claro,Dupla   ,Rural ,Automóvel,Ileso       ,29.0,Feminino
875382,18/03/2011,RN,101,NATAL,Outras,Colisão traseira,Sem Vítimas        ,Anoitecer,Ceu Claro,Dupla   ,Rural ,Automóvel,Ileso       ,37.0,Masculino
875407,19/03/2011,RN,101,GOIANINHA,Animais na Pista,Capotamento,Com Vítimas Feridas,Plena noite,Ceu Claro,Dupla   ,Rural ,Automóvel,Ileso       ,32.0,Masculino
875407,19/03/2011,RN,101,GOIANINHA,Animais na Pista,Capotamento,Com Vítimas Feridas,Plena noite,Ceu Claro,Dupla   ,Rural ,Automóvel,Ferido Leve ,28.0,Feminino
875442,21/03/2011,RN,101,PARNAMIRIM,Dormindo,Colisão traseira,Com Vítimas Fatais ,Amanhecer,Ceu Claro,Dupla   ,Urbano,Caminhão-Trator,Ileso       ,35.0,Masculino
875442,21/03/2011,RN,101,PARNAMIRIM,Dormindo,Colisão traseira,Com Vítimas Fatais ,Amanhecer,Ceu Claro,Dupla   ,Urbano,Motocicletas,Morto       ,23.0,Masculino
875450,22/03/2011,RN,101,SAO GONCALO DO AMARANTE,Falta de atenção,Colisão traseira,Sem Vítimas        ,Pleno dia,Sol,Dupla   ,Urbano,Não identificado,Ignorado    ,-1.0,Inválido
875450,22/03/2011,RN,101,SAO GONCALO DO AMARANTE,Falta de atenção,Colisão traseira,Sem Vítimas        ,Pleno dia,Sol,Dupla   ,Urbano,Automóvel,Ileso       ,49.0,Masculino
875450,22/03/2011,RN,101,SAO GONCALO DO AMARANTE,Falta de atenção,Colisão traseira,Sem Vítimas        ,Pleno dia,Sol,Dupla   ,Urbano,Automóvel,Ileso       ,42.0,Masculino
875529,18/03/2011,RN,110,MOSSORO,Desobediência à sinalização,Colisão Transversal,Sem Vítimas        ,Plena noite,Ceu Claro,Simples ,Urbano,Automóvel,Ileso       ,36.0,Masculino
875529,18/03/2011,RN,110,MOSSORO,Desobediência à sinalização,Colisão Transversal,Sem Vítimas        ,Plena noite,Ceu Claro,Simples ,Urbano,Automóvel,Ileso       ,37.0,Masculino
875645,22/03/2011,RN,427,CAICO,Não guardar distância de segurança,Colisão traseira,Com Vítimas Feridas,Pleno dia,Sol,Simples ,Urbano,Motocicletas,Ferido Leve ,27.0,Masculino
875645,22/03/2011,RN,427,CAICO,Não guardar distância de segurança,Colisão traseira,Com Vítimas Feridas,Pleno dia,Sol,Simples ,Urbano,Microônibus,Ileso       ,52.0,Masculino
875669,22/03/2011,RN,101,PARNAMIRIM,Velocidade incompatível,Colisão traseira,Sem Vítimas        ,Pleno dia,Nublado,Dupla   ,Urbano,Automóvel,Ileso       ,30.0,Masculino
875669,22/03/2011,RN,101,PARNAMIRIM,Velocidade incompatível,Colisão traseira,Sem Vítimas        ,Pleno dia,Nublado,Dupla   ,Urbano,Automóvel,Ileso       ,33.0,Feminino
875750,22/03/2011,RN,101,NATAL,Outras,Colisão lateral,Sem Vítimas        ,Plena noite,Ceu Claro,Múltipla,Urbano,Automóvel,Ileso       ,6.0,Masculino
875750,22/03/2011,RN,101,NATAL,Outras,Colisão lateral,Sem Vítimas        ,Plena noite,Ceu Claro,Múltipla,Urbano,Automóvel,Ileso       ,30.0,Feminino
875756,22/03/2011,RN,101,NATAL,Não guardar distância de segurança,Colisão traseira,Sem Vítimas        ,Plena noite,Ceu Claro,Dupla   ,Urbano,Automóvel,Ileso       ,59.0,Masculino
875756,22/03/2011,RN,101,NATAL,Não guardar distância de segurança,Colisão traseira,Sem Vítimas        ,Plena noite,Ceu Claro,Dupla   ,Urbano,Automóvel,Ileso       ,48.0,Feminino
875756,22/03/2011,RN,101,NATAL,Não guardar distância de segurança,Colisão traseira,Sem Vítimas        ,Plena noite,Ceu Claro,Dupla   ,Urbano,Automóvel,Ileso       ,37.0,Feminino
875782,23/03/2011,RN,101,CANGUARETAMA,Falta de atenção,Colisão traseira,Sem Vítimas        ,Plena noite,Ceu Claro,Dupla   ,Rural ,Caminhão-Trator,Ileso       ,31.0,Masculino
875782,23/03/2011,RN,101,CANGUARETAMA,Falta de atenção,Colisão traseira,Sem Vítimas        ,Plena noite,Ceu Claro,Dupla   ,Rural ,Caminhão,Ignorado    ,-1.0,Inválido
875922,23/03/2011,RN,101,CEARA-MIRIM,Outras,Saída de Pista,Com Vítimas Feridas,Pleno dia,Sol,Simples ,Rural ,Motocicletas,Ferido Grave,49.0,Masculino
875922,23/03/2011,RN,101,CEARA-MIRIM,Outras,Saída de Pista,Com Vítimas Feridas,Pleno dia,Sol,Simples ,Rural ,Automóvel,Ignorado    ,-1.0,Inválido
875936,10/02/2011,RN,101,PARNAMIRIM,Falta de atenção,Colisão lateral,Com Vítimas Feridas,Anoitecer,Chuva,Múltipla,Urbano,Motoneta,Ferido Leve ,57.0,Masculino
875936,10/02/2011,RN,101,PARNAMIRIM,Falta de atenção,Colisão lateral,Com Vítimas Feridas,Anoitecer,Chuva,Múltipla,Urbano,Automóvel,Ignorado    ,-1.0,Inválido
876000,20/03/2011,RN,101,PARNAMIRIM,Outras,Colisão lateral,Com Vítimas Feridas,Pleno dia,Ceu Claro,Dupla   ,Urbano,Automóvel,Ileso       ,24.0,Feminino
876000,20/03/2011,RN,101,PARNAMIRIM,Outras,Colisão lateral,Com Vítimas Feridas,Pleno dia,Ceu Claro,Dupla   ,Urbano,Motocicletas,Ferido Leve ,52.0,Masculino
876045,19/03/2011,RN,304,MOSSORO,Animais na Pista,Atropelamento de animal,Sem Vítimas        ,Plena noite,Ceu Claro,Simples ,Urbano,Caminhonete,Ileso       ,57.0,Masculino
876059,20/03/2011,RN,304,MACAIBA,Falta de atenção,Colisão traseira,Sem Vítimas        ,Amanhecer,Ceu Claro,Simples ,Rural ,Automóvel,Ignorado    ,26.0,Masculino
876059,20/03/2011,RN,304,MACAIBA,Falta de atenção,Colisão traseira,Sem Vítimas        ,Amanhecer,Ceu Claro,Simples ,Rural ,Automóvel,Ileso       ,46.0,Masculino
876155,23/03/2011,RN,226,NATAL,Falta de atenção,Colisão traseira,Com Vítimas Feridas,Pleno dia,Ceu Claro,Simples ,Urbano,Automóvel,Ignorado    ,-1.0,Inválido
876155,23/03/2011,RN,226,NATAL,Falta de atenção,Colisão traseira,Com Vítimas Feridas,Pleno dia,Ceu Claro,Simples ,Urbano,Motocicletas,Ferido Grave,33.0,Masculino
876176,23/03/2011,RN,101,PARNAMIRIM,Falta de atenção,Colisão com bicicleta,Com Vítimas Feridas,Anoitecer,Ceu Claro,Dupla   ,Urbano,Automóvel,Ileso       ,50.0,Masculino
876176,23/03/2011,RN,101,PARNAMIRIM,Falta de atenção,Colisão com bicicleta,Com Vítimas Feridas,Anoitecer,Ceu Claro,Dupla   ,Urbano,Bicicleta,Ferido Leve ,55.0,Masculino
876203,23/03/2011,RN,101,PARNAMIRIM,Outras,Colisão Transversal,Com Vítimas Feridas,Pleno dia,Ceu Claro,Dupla   ,Urbano,Camioneta,Ferido Leve ,41.0,Feminino
876203,23/03/2011,RN,101,PARNAMIRIM,Outras,Colisão Transversal,Com Vítimas Feridas,Pleno dia,Ceu Claro,Dupla   ,Urbano,Automóvel,Ferido Leve ,51.0,Feminino
876203,23/03/2011,RN,101,PARNAMIRIM,Outras,Colisão Transversal,Com Vítimas Feridas,Pleno dia,Ceu Claro,Dupla   ,Urbano,Camioneta,Ferido Leve ,18.0,Feminino
876203,23/03/2011,RN,101,PARNAMIRIM,Outras,Colisão Transversal,Com Vítimas Feridas,Pleno dia,Ceu Claro,Dupla   ,Urbano,Camioneta,Ferido Leve ,-1.0,Masculino
876227,23/03/2011,RN,304,MOSSORO,Falta de atenção,Colisão lateral,Com Vítimas Feridas,Pleno dia,Sol,Simples ,Urbano,Caminhonete,Ileso       ,57.0,Masculino
876227,23/03/2011,RN,304,MOSSORO,Falta de atenção,Colisão lateral,Com Vítimas Feridas,Pleno dia,Sol,Simples ,Urbano,Motoneta,Ferido Grave,43.0,Masculino
876227,23/03/2011,RN,304,MOSSORO,Falta de atenção,Colisão lateral,Com Vítimas Feridas,Pleno dia,Sol,Simples ,Urbano,Motoneta,Ferido Grave,32.0,Feminino
876230,19/03/2011,RN,101,NATAL,Outras,Colisão Transversal,Sem Vítimas        ,Pleno dia,Ceu Claro,Dupla   ,Urbano,Ônibus,Ileso       ,52.0,Masculino
876230,19/03/2011,RN,101,NATAL,Outras,Colisão Transversal,Sem Vítimas        ,Pleno dia,Ceu Claro,Dupla   ,Urbano,Motocicletas,Ignorado    ,-1.0,Inválido
876350,23/03/2011,RN,110,MOSSORO,Falta de atenção,Colisão frontal,Sem Vítimas        ,Plena noite,Ceu Claro,Simples ,Urbano,Automóvel,Ileso       ,40.0,Masculino
876350,23/03/2011,RN,110,MOSSORO,Falta de atenção,Colisão frontal,Sem Vítimas        ,Plena noite,Ceu Claro,Simples ,Urbano,Automóvel,Ileso       ,42.0,Feminino
876427,24/03/2011,RN,101,SAO JOSE DE MIPIBU,Outras,Colisão com objeto fixo,Sem Vítimas        ,Pleno dia,Chuva,Dupla   ,Rural ,Automóvel,Ileso       ,30.0,Masculino
876431,22/03/2011,RN,304,MACAIBA,Outras,Capotamento,Sem Vítimas        ,Plena noite,Ceu Claro,Dupla   ,Urbano,Automóvel,Ileso       ,53.0,Masculino
876454,20/03/2011,RN,101,SAO JOSE DE MIPIBU,Outras,Atropelamento de pessoa,Com Vítimas Fatais ,Pleno dia,Ceu Claro,Dupla   ,Rural ,Caminhão-Trator,Ileso       ,31.0,Masculino
876454,20/03/2011,RN,101,SAO JOSE DE MIPIBU,Outras,Atropelamento de pessoa,Com Vítimas Fatais ,Pleno dia,Ceu Claro,Dupla   ,Rural ,(null),Morto       ,38.0,Masculino
876482,24/03/2011,RN,101,NATAL,Não guardar distância de segurança,Colisão traseira,Sem Vítimas        ,Pleno dia,Chuva,Múltipla,Urbano,Automóvel,Ileso       ,28.0,Masculino
876482,24/03/2011,RN,101,NATAL,Não guardar distância de segurança,Colisão traseira,Sem Vítimas        ,Pleno dia,Chuva,Múltipla,Urbano,Automóvel,Ileso       ,22.0,Feminino
876482,24/03/2011,RN,101,NATAL,Não guardar distância de segurança,Colisão traseira,Sem Vítimas        ,Pleno dia,Chuva,Múltipla,Urbano,Automóvel,Ileso       ,22.0,Feminino
876488,24/03/2011,RN,101,GOIANINHA,Outras,Capotamento,Com Vítimas Feridas,Amanhecer,Nublado,Dupla   ,Rural ,Automóvel,Ferido Leve ,26.0,Feminino
876490,20/03/2011,RN,406,CEARA-MIRIM,Outras,Atropelamento de pessoa,Com Vítimas Fatais ,Pleno dia,Sol,Simples ,Urbano,Ônibus,Ileso       ,55.0,Masculino
876490,20/03/2011,RN,406,CEARA-MIRIM,Outras,Atropelamento de pessoa,Com Vítimas Fatais ,Pleno dia,Sol,Simples ,Urbano,(null),Morto       ,44.0,Masculino
876647,24/03/2011,RN,101,PARNAMIRIM,Não guardar distância de segurança,Colisão traseira,Sem Vítimas        ,Pleno dia,Chuva,Dupla   ,Urbano,Automóvel,Ileso       ,28.0,Masculino
876647,24/03/2011,RN,101,PARNAMIRIM,Não guardar distância de segurança,Colisão traseira,Sem Vítimas        ,Pleno dia,Chuva,Dupla   ,Urbano,Automóvel,Ileso       ,35.0,Masculino
876689,23/03/2011,RN,101,NATAL,Falta de atenção,Colisão traseira,Sem Vítimas        ,Pleno dia,Sol,Dupla   ,Urbano,Caminhonete,Ileso       ,51.0,Masculino
876689,23/03/2011,RN,101,NATAL,Falta de atenção,Colisão traseira,Sem Vítimas        ,Pleno dia,Sol,Dupla   ,Urbano,Caminhão-Trator,Ileso       ,38.0,Masculino
876699,24/03/2011,RN,101,PARNAMIRIM,Desobediência à sinalização,Colisão Transversal,Com Vítimas Feridas,Pleno dia,Chuva,Múltipla,Urbano,Automóvel,Ileso       ,33.0,Masculino
876699,24/03/2011,RN,101,PARNAMIRIM,Desobediência à sinalização,Colisão Transversal,Com Vítimas Feridas,Pleno dia,Chuva,Múltipla,Urbano,Automóvel,Ileso       ,45.0,Masculino
876699,24/03/2011,RN,101,PARNAMIRIM,Desobediência à sinalização,Colisão Transversal,Com Vítimas Feridas,Pleno dia,Chuva,Múltipla,Urbano,Motoneta,Ferido Leve ,23.0,Masculino
876706,24/03/2011,RN,101,PARNAMIRIM,Falta de atenção,Colisão traseira,Sem Vítimas        ,Plena noite,Chuva,Múltipla,Urbano,Motocicletas,Ileso       ,48.0,Feminino
876706,24/03/2011,RN,101,PARNAMIRIM,Falta de atenção,Colisão traseira,Sem Vítimas        ,Plena noite,Chuva,Múltipla,Urbano,Caminhonete,Ileso       ,20.0,Masculino
876714,24/03/2011,RN,101,PARNAMIRIM,Outras,Colisão lateral,Sem Vítimas        ,Pleno dia,Chuva,Dupla   ,Rural ,Caminhonete,Ileso       ,47.0,Masculino
876714,24/03/2011,RN,101,PARNAMIRIM,Outras,Colisão lateral,Sem Vítimas        ,Pleno dia,Chuva,Dupla   ,Rural ,Automóvel,Ileso       ,25.0,Masculino
876714,24/03/2011,RN,101,PARNAMIRIM,Outras,Colisão lateral,Sem Vítimas        ,Pleno dia,Chuva,Dupla   ,Rural ,Automóvel,Ileso       ,-1.0,Masculino
876808,23/03/2011,RN,226,FLORANIA,Outras,Saída de Pista,Sem Vítimas        ,Pleno dia,Ceu Claro,Simples ,Rural ,Automóvel,Ileso       ,38.0,Masculino
876808,23/03/2011,RN,226,FLORANIA,Outras,Saída de Pista,Sem Vítimas        ,Pleno dia,Ceu Claro,Simples ,Rural ,Caminhão,Ignorado    ,-1.0,Inválido
876826,24/03/2011,RN,101,NATAL,Falta de atenção,Colisão lateral,Sem Vítimas        ,Plena noite,Nublado,Múltipla,Urbano,Ônibus,Ileso       ,55.0,Masculino
876826,24/03/2011,RN,101,NATAL,Falta de atenção,Colisão lateral,Sem Vítimas        ,Plena noite,Nublado,Múltipla,Urbano,Automóvel,Ileso       ,48.0,Feminino
876876,24/03/2011,RN,101,NATAL,Defeito mecânico em veículo,Colisão com objeto fixo,Sem Vítimas        ,Plena noite,Chuva,Dupla   ,Urbano,Caminhão,Ileso       ,54.0,Masculino
876902,24/03/2011,RN,101,NATAL,Velocidade incompatível,Colisão traseira,Sem Vítimas        ,Plena noite,Chuva,Dupla   ,Urbano,Automóvel,Ileso       ,49.0,Masculino
876902,24/03/2011,RN,101,NATAL,Velocidade incompatível,Colisão traseira,Sem Vítimas        ,Plena noite,Chuva,Dupla   ,Urbano,Automóvel,Ileso       ,36.0,Feminino
876902,24/03/2011,RN,101,NATAL,Velocidade incompatível,Colisão traseira,Sem Vítimas        ,Plena noite,Chuva,Dupla   ,Urbano,Automóvel,Ileso       ,43.0,Feminino
876906,24/03/2011,RN,304,MOSSORO,Não guardar distância de segurança,Colisão traseira,Sem Vítimas        ,Pleno dia,Nublado,Simples ,Urbano,Caminhonete,Ileso       ,33.0,Masculino
876906,24/03/2011,RN,304,MOSSORO,Não guardar distância de segurança,Colisão traseira,Sem Vítimas        ,Pleno dia,Nublado,Simples ,Urbano,Automóvel,Ileso       ,-1.0,Masculino
876979,26/02/2011,RN,304,MACAIBA,Falta de atenção,Atropelamento de pessoa,Com Vítimas Feridas,Plena noite,Ceu Claro,Simples ,Urbano,Motocicletas,Ferido Grave,38.0,Masculino
876979,26/02/2011,RN,304,MACAIBA,Falta de atenção,Atropelamento de pessoa,Com Vítimas Feridas,Plena noite,Ceu Claro,Simples ,Urbano,(null),Ferido Grave,48.0,Masculino
877010,23/03/2011,RN,101,NATAL,Falta de atenção,Colisão lateral,Sem Vítimas        ,Pleno dia,Ceu Claro,Dupla   ,Urbano,Automóvel,Ileso       ,46.0,Feminino
877010,23/03/2011,RN,101,NATAL,Falta de atenção,Colisão lateral,Sem Vítimas        ,Pleno dia,Ceu Claro,Dupla   ,Urbano,Automóvel,Ileso       ,41.0,Feminino
877054,25/03/2011,RN,101,NATAL,Não guardar distância de segurança,Colisão traseira,Com Vítimas Feridas,Pleno dia,Sol,Dupla   ,Urbano,Utilitário,Ileso       ,34.0,Masculino
877054,25/03/2011,RN,101,NATAL,Não guardar distância de segurança,Colisão traseira,Com Vítimas Feridas,Pleno dia,Sol,Dupla   ,Urbano,Motocicletas,Ferido Leve ,-1.0,Masculino
877202,25/03/2011,RN,101,PARNAMIRIM,Falta de atenção,Colisão lateral,Sem Vítimas        ,Pleno dia,Ceu Claro,Dupla   ,Urbano,Caminhão-Trator,Ileso       ,33.0,Masculino
877202,25/03/2011,RN,101,PARNAMIRIM,Falta de atenção,Colisão lateral,Sem Vítimas        ,Pleno dia,Ceu Claro,Dupla   ,Urbano,Automóvel,Ileso       ,27.0,Masculino
877214,25/03/2011,RN,101,NATAL,Falta de atenção,Colisão Transversal,Sem Vítimas        ,Plena noite,Ceu Claro,Dupla   ,Rural ,Automóvel,Ileso       ,36.0,Masculino
877214,25/03/2011,RN,101,NATAL,Falta de atenção,Colisão Transversal,Sem Vítimas        ,Plena noite,Ceu Claro,Dupla   ,Rural ,Camioneta,Ileso       ,62.0,Masculino
877229,23/03/2011,RN,406,JOAO CAMARA,Falta de atenção,Colisão traseira,Sem Vítimas        ,Pleno dia,Ceu Claro,Simples ,Urbano,Ônibus,Ileso       ,-1.0,Masculino
877229,23/03/2011,RN,406,JOAO CAMARA,Falta de atenção,Colisão traseira,Sem Vítimas        ,Pleno dia,Ceu Claro,Simples ,Urbano,Caminhão-Trator,Ileso       ,32.0,Masculino
877230,25/03/2011,RN,110,MOSSORO,Não guardar distância de segurança,Colisão traseira,Sem Vítimas        ,Pleno dia,Sol,Simples ,Urbano,Automóvel,Ileso       ,28.0,Masculino
877230,25/03/2011,RN,110,MOSSORO,Não guardar distância de segurança,Colisão traseira,Sem Vítimas        ,Pleno dia,Sol,Simples ,Urbano,Camioneta,Ileso       ,29.0,Masculino
877283,21/03/2011,RN,101,NATAL,Outras,Colisão traseira,Sem Vítimas        ,Pleno dia,Ceu Claro,Dupla   ,Urbano,Automóvel,Ileso       ,24.0,Masculino
877283,21/03/2011,RN,101,NATAL,Outras,Colisão traseira,Sem Vítimas        ,Pleno dia,Ceu Claro,Dupla   ,Urbano,Automóvel,Ileso       ,43.0,Masculino
877283,21/03/2011,RN,101,NATAL,Outras,Colisão traseira,Sem Vítimas        ,Pleno dia,Ceu Claro,Dupla   ,Urbano,Automóvel,Ileso       ,27.0,Feminino
877336,25/03/2011,RN,304,MOSSORO,Desobediência à sinalização,Colisão Transversal,Com Vítimas Feridas,Pleno dia,Ceu Claro,Simples ,Urbano,Motocicletas,Ferido Leve ,22.0,Feminino
877336,25/03/2011,RN,304,MOSSORO,Desobediência à sinalização,Colisão Transversal,Com Vítimas Feridas,Pleno dia,Ceu Claro,Simples ,Urbano,Motocicletas,Ferido Leve ,63.0,Masculino
877360,25/03/2011,RN,427,JARDIM DO SERIDO,Outras,Queda de motocicleta / bicicleta / veículo,Sem Vítimas        ,Pleno dia,Chuva,Simples ,Rural ,Motocicletas,Ileso       ,34.0,Masculino
877361,25/03/2011,RN,427,JARDIM DO SERIDO,Ultrapassagem indevida,Capotamento,Com Vítimas Feridas,Plena noite,Chuva,Simples ,Rural ,Caminhão,Ferido Leve ,-1.0,Masculino
877361,25/03/2011,RN,427,JARDIM DO SERIDO,Ultrapassagem indevida,Capotamento,Com Vítimas Feridas,Plena noite,Chuva,Simples ,Rural ,Caminhão,Ileso       ,23.0,Masculino
877391,25/03/2011,RN,101,NATAL,Falta de atenção,Colisão traseira,Sem Vítimas        ,Plena noite,Ceu Claro,Múltipla,Urbano,Automóvel,Ileso       ,33.0,Masculino
877391,25/03/2011,RN,101,NATAL,Falta de atenção,Colisão traseira,Sem Vítimas        ,Plena noite,Ceu Claro,Múltipla,Urbano,Automóvel,Ileso       ,24.0,Masculino
877391,25/03/2011,RN,101,NATAL,Falta de atenção,Colisão traseira,Sem Vítimas        ,Plena noite,Ceu Claro,Múltipla,Urbano,Automóvel,Ileso       ,27.0,Masculino
877392,25/03/2011,RN,101,PARNAMIRIM,Falta de atenção,Colisão traseira,Com Vítimas Fatais ,Plena noite,Nublado,Dupla   ,Urbano,Automóvel,Ileso       ,46.0,Masculino
877392,25/03/2011,RN,101,PARNAMIRIM,Falta de atenção,Colisão traseira,Com Vítimas Fatais ,Plena noite,Nublado,Dupla   ,Urbano,Motocicletas,Morto       ,50.0,Masculino
877418,25/03/2011,RN,304,PARNAMIRIM,Falta de atenção,Colisão traseira,Com Vítimas Feridas,Anoitecer,Sol,Dupla   ,Rural ,Camioneta,Ferido Leve ,49.0,Masculino
877418,25/03/2011,RN,304,PARNAMIRIM,Falta de atenção,Colisão traseira,Com Vítimas Feridas,Anoitecer,Sol,Dupla   ,Rural ,Caminhão-Trator,Ileso       ,-1.0,Masculino
877593,19/03/2011,RN,304,ASSU,Falta de atenção,Colisão Transversal,Sem Vítimas        ,Pleno dia,Ceu Claro,Simples ,Rural ,Automóvel,Ileso       ,40.0,Masculino
877593,19/03/2011,RN,304,ASSU,Falta de atenção,Colisão Transversal,Sem Vítimas        ,Pleno dia,Ceu Claro,Simples ,Rural ,Automóvel,Ileso       ,62.0,Masculino
877607,26/03/2011,RN,101,CANGUARETAMA,Falta de atenção,Colisão Transversal,Com Vítimas Feridas,Pleno dia,Nublado,Dupla   ,Urbano,Motocicletas,Ferido Grave,53.0,Masculino
877607,26/03/2011,RN,101,CANGUARETAMA,Falta de atenção,Colisão Transversal,Com Vítimas Feridas,Pleno dia,Nublado,Dupla   ,Urbano,Automóvel,Ferido Leve ,35.0,Masculino
877649,26/03/2011,RN,101,PARNAMIRIM,Ingestão de álcool,Colisão traseira,Sem Vítimas        ,Pleno dia,Ceu Claro,Dupla   ,Urbano,Automóvel,Ileso       ,37.0,Masculino
877649,26/03/2011,RN,101,PARNAMIRIM,Ingestão de álcool,Colisão traseira,Sem Vítimas        ,Pleno dia,Ceu Claro,Dupla   ,Urbano,Automóvel,Ileso       ,21.0,Masculino
877718,25/03/2011,RN,101,NATAL,Falta de atenção,Colisão lateral,Sem Vítimas        ,Pleno dia,Ceu Claro,Dupla   ,Urbano,Automóvel,Ileso       ,26.0,Masculino
877718,25/03/2011,RN,101,NATAL,Falta de atenção,Colisão lateral,Sem Vítimas        ,Pleno dia,Ceu Claro,Dupla   ,Urbano,Camioneta,Ileso       ,-1.0,Feminino
877841,26/03/2011,RN,101,NATAL,Falta de atenção,Colisão traseira,Sem Vítimas        ,Plena noite,Chuva,Múltipla,Urbano,Camioneta,Ileso       ,22.0,Masculino
877841,26/03/2011,RN,101,NATAL,Falta de atenção,Colisão traseira,Sem Vítimas        ,Plena noite,Chuva,Múltipla,Urbano,Automóvel,Ileso       ,35.0,Masculino
877915,26/03/2011,RN,406,SAO GONCALO DO AMARANTE,Outras,Colisão Transversal,Sem Vítimas        ,Plena noite,Nublado,Simples ,Rural ,Automóvel,Ileso       ,55.0,Masculino
877915,26/03/2011,RN,406,SAO GONCALO DO AMARANTE,Outras,Colisão Transversal,Sem Vítimas        ,Plena noite,Nublado,Simples ,Rural ,Automóvel,Ileso       ,31.0,Masculino
877928,26/03/2011,RN,101,PARNAMIRIM,Outras,Colisão traseira,Com Vítimas Feridas,Plena noite,Nublado,Dupla   ,Urbano,Motocicletas,Ferido Grave,22.0,Masculino
877928,26/03/2011,RN,101,PARNAMIRIM,Outras,Colisão traseira,Com Vítimas Feridas,Plena noite,Nublado,Dupla   ,Urbano,Automóvel,Ileso       ,46.0,Masculino
878036,25/03/2011,RN,101,NATAL,Dormindo,Colisão Transversal,Sem Vítimas        ,Pleno dia,Ceu Claro,Dupla   ,Urbano,Automóvel,Ileso       ,30.0,Masculino
878036,25/03/2011,RN,101,NATAL,Dormindo,Colisão Transversal,Sem Vítimas        ,Pleno dia,Ceu Claro,Dupla   ,Urbano,Caminhão,Ignorado    ,-1.0,Inválido
878049,27/03/2011,RN,101,NATAL,Outras,Colisão com objeto móvel,Com Vítimas Fatais ,Amanhecer,Ignorada,Dupla   ,Urbano,Automóvel,Morto       ,21.0,Masculino
878049,27/03/2011,RN,101,NATAL,Outras,Colisão com objeto móvel,Com Vítimas Fatais ,Amanhecer,Ignorada,Dupla   ,Urbano,Automóvel,Ignorado    ,-1.0,Inválido