id,data_inversa,uf,br,municipio,causa_acidente,tipo_acidente,classificacao_acidente,fase_dia,condicao_metereologica,tipo_pista,uso_solo,tipo_veiculo,estado_fisico,idade,sexo
897366,26/04/2011,RN,427,CAICO,Outras,Tombamento,Com Vítimas Feridas,Pleno dia,Nevoeiro/neblina,Simples ,Rural ,Ônibus,Ferido Leve ,17.0,Feminino
897366,26/04/2011,RN,427,CAICO,Outras,Tombamento,Com Vítimas Feridas,Pleno dia,Nevoeiro/neblina,Simples ,Rural ,Ônibus,Ferido Leve ,24.0,Feminino
897366,26/04/2011,RN,427,CAICO,Outras,Tombamento,Com Vítimas Feridas,Pleno dia,Nevoeiro/neblina,Simples ,Rural ,Ônibus,Ferido Leve ,30.0,Feminino
897366,26/04/2011,RN,427,CAICO,Outras,Tombamento,Com Vítimas Feridas,Pleno dia,Nevoeiro/neblina,Simples ,Rural ,Ônibus,Ferido Leve ,53.0,Feminino
897367,23/04/2011,RN,304,MOSSORO,Outras,Colisão lateral,Com Vítimas Feridas,Plena noite,Ceu Claro,Simples ,Rural ,Não identificado,Ignorado    ,-1.0,Inválido
897367,23/04/2011,RN,304,MOSSORO,Outras,Colisão lateral,Com Vítimas Feridas,Plena noite,Ceu Claro,Simples ,Rural ,Motoneta,Ferido Grave,37.0,Masculino
897447,27/04/2011,RN,101,NATAL,Falta de atenção,Colisão lateral,Sem Vítimas        ,Pleno dia,Nublado,Dupla   ,Urbano,Camioneta,Ileso       ,29.0,Masculino
897447,27/04/2011,RN,101,NATAL,Falta de atenção,Colisão lateral,Sem Vítimas        ,Pleno dia,Nublado,Dupla   ,Urbano,Automóvel,Ileso       ,49.0,Masculino
897538,27/04/2011,RN,110,MOSSORO,Ingestão de álcool,Colisão com bicicleta,Com Vítimas Feridas,Plena noite,Ceu Claro,Simples ,Urbano,Automóvel,Ignorado    ,-1.0,Inválido
897538,27/04/2011,RN,110,MOSSORO,Ingestão de álcool,Colisão com bicicleta,Com Vítimas Feridas,Plena noite,Ceu Claro,Simples ,Urbano,Bicicleta,Ferido Grave,-1.0,Masculino
897547,23/04/2011,RN,226,MACAIBA,Falta de atenção,Colisão traseira,Sem Vítimas        ,Amanhecer,Ceu Claro,Simples ,Urbano,Automóvel,Ileso       ,41.0,Masculino
897547,23/04/2011,RN,226,MACAIBA,Falta de atenção,Colisão traseira,Sem Vítimas        ,Amanhecer,Ceu Claro,Simples ,Urbano,Automóvel,Ileso       ,50.0,Masculino
897728,19/04/2011,RN,101,NATAL,Animais na Pista,Atropelamento de animal,Com Vítimas Feridas,Plena noite,Ceu Claro,Dupla   ,Urbano,Caminhonete,Ileso       ,69.0,Masculino
897728,19/04/2011,RN,101,NATAL,Animais na Pista,Atropelamento de animal,Com Vítimas Feridas,Plena noite,Ceu Claro,Dupla   ,Urbano,(null),Ferido Leve ,63.0,Masculino
897737,23/04/2011,RN,101,EXTREMOZ,Desobediência à sinalização,Colisão Transversal,Com Vítimas Feridas,Plena noite,Ceu Claro,Simples ,Rural ,Motocicletas,Ferido Leve ,29.0,Masculino
897737,23/04/2011,RN,101,EXTREMOZ,Desobediência à sinalização,Colisão Transversal,Com Vítimas Feridas,Plena noite,Ceu Claro,Simples ,Rural ,Utilitário,Ileso       ,56.0,Masculino
897780,24/04/2011,RN,101,NATAL,Outras,Colisão Transversal,Com Vítimas Fatais ,Pleno dia,Chuva,Dupla   ,Urbano,Automóvel,Morto       ,44.0,Masculino
897780,24/04/2011,RN,101,NATAL,Outras,Colisão Transversal,Com Vítimas Fatais ,Pleno dia,Chuva,Dupla   ,Urbano,Automóvel,Ileso       ,36.0,Masculino
897780,24/04/2011,RN,101,NATAL,Outras,Colisão Transversal,Com Vítimas Fatais ,Pleno dia,Chuva,Dupla   ,Urbano,Automóvel,Ferido Leve ,35.0,Feminino
897780,24/04/2011,RN,101,NATAL,Outras,Colisão Transversal,Com Vítimas Fatais ,Pleno dia,Chuva,Dupla   ,Urbano,Automóvel,Ferido Leve ,7.0,Feminino
897954,25/04/2011,RN,304,MACAIBA,Falta de atenção,Colisão traseira,Sem Vítimas        ,Pleno dia,Sol,Simples ,Urbano,Motocicletas,Ileso       ,28.0,Masculino
897954,25/04/2011,RN,304,MACAIBA,Falta de atenção,Colisão traseira,Sem Vítimas        ,Pleno dia,Sol,Simples ,Urbano,Automóvel,Ileso       ,22.0,Masculino
897984,24/04/2011,RN,405,MOSSORO,Defeito mecânico em veículo,Tombamento,Sem Vítimas        ,Amanhecer,Ceu Claro,Simples ,Rural ,Caminhão,Ileso       ,40.0,Masculino
898103,26/04/2011,RN,101,NATAL,Não guardar distância de segurança,Colisão traseira,Sem Vítimas        ,Pleno dia,Ceu Claro,Dupla   ,Urbano,Automóvel,Ileso       ,51.0,Masculino
898103,26/04/2011,RN,101,NATAL,Não guardar distância de segurança,Colisão traseira,Sem Vítimas        ,Pleno dia,Ceu Claro,Dupla   ,Urbano,Caminhão,Ileso       ,-1.0,Masculino
898135,28/04/2011,RN,101,SAO GONCALO DO AMARANTE,Defeito mecânico em veículo,Colisão traseira,Sem Vítimas        ,Pleno dia,Ceu Claro,Dupla   ,Urbano,Automóvel,Ileso       ,29.0,Masculino
898135,28/04/2011,RN,101,SAO GONCALO DO AMARANTE,Defeito mecânico em veículo,Colisão traseira,Sem Vítimas        ,Pleno dia,Ceu Claro,Dupla   ,Urbano,Caminhão-Trator,Ileso       ,42.0,Masculino
898165,24/04/2011,RN,101,EXTREMOZ,Desobediência à sinalização,Colisão Transversal,Sem Vítimas        ,Pleno dia,Nublado,Simples ,Rural ,Automóvel,Ileso       ,61.0,Feminino
898165,24/04/2011,RN,101,EXTREMOZ,Desobediência à sinalização,Colisão Transversal,Sem Vítimas        ,Pleno dia,Nublado,Simples ,Rural ,Automóvel,Ileso       ,31.0,Masculino
898240,24/04/2011,RN,304,MACAIBA,Falta de atenção,Colisão traseira,Sem Vítimas        ,Pleno dia,Sol,Simples ,Rural ,Automóvel,Ileso       ,71.0,Masculino
898240,24/04/2011,RN,304,MACAIBA,Falta de atenção,Colisão traseira,Sem Vítimas        ,Pleno dia,Sol,Simples ,Rural ,Automóvel,Ileso       ,27.0,Masculino
898240,24/04/2011,RN,304,MACAIBA,Falta de atenção,Colisão traseira,Sem Vítimas        ,Pleno dia,Sol,Simples ,Rural ,Automóvel,Ileso       ,23.0,Feminino
898255,28/04/2011,RN,110,MOSSORO,Ingestão de álcool,Colisão Transversal,Sem Vítimas        ,Plena noite,Ceu Claro,Dupla   ,Urbano,Automóvel,Ileso       ,36.0,Masculino
898255,28/04/2011,RN,110,MOSSORO,Ingestão de álcool,Colisão Transversal,Sem Vítimas        ,Plena noite,Ceu Claro,Dupla   ,Urbano,Motocicletas,Ileso       ,50.0,Masculino
898293,28/04/2011,RN,101,NATAL,Outras,Colisão traseira,Com Vítimas Feridas,Anoitecer,Ceu Claro,Dupla   ,Urbano,Automóvel,Ileso       ,34.0,Masculino
898293,28/04/2011,RN,101,NATAL,Outras,Colisão traseira,Com Vítimas Feridas,Anoitecer,Ceu Claro,Dupla   ,Urbano,Motocicletas,Ileso       ,20.0,Masculino
898293,28/04/2011,RN,101,NATAL,Outras,Colisão traseira,Com Vítimas Feridas,Anoitecer,Ceu Claro,Dupla   ,Urbano,Automóvel,Ignorado    ,-1.0,Inválido
898293,28/04/2011,RN,101,NATAL,Outras,Colisão traseira,Com Vítimas Feridas,Anoitecer,Ceu Claro,Dupla   ,Urbano,Motocicletas,Ferido Grave,18.0,Feminino
898310,28/04/2011,RN,110,MOSSORO,Falta de atenção,Colisão Transversal,Sem Vítimas        ,Pleno dia,Ceu Claro,Simples ,Urbano,Motocicletas,Ileso       ,45.0,Masculino
898310,28/04/2011,RN,110,MOSSORO,Falta de atenção,Colisão Transversal,Sem Vítimas        ,Pleno dia,Ceu Claro,Simples ,Urbano,Automóvel,Ileso       ,32.0,Feminino
898327,26/04/2011,RN,226,NATAL,Animais na Pista,Atropelamento de animal,Sem Vítimas        ,Anoitecer,Nublado,Dupla   ,Urbano,Microônibus,Ileso       ,26.0,Masculino
898489,29/04/2011,RN,304,PARNAMIRIM,Falta de atenção,Colisão traseira,Sem Vítimas        ,Pleno dia,Chuva,Dupla   ,Urbano,Automóvel,Ileso       ,52.0,Masculino
898489,29/04/2011,RN,304,PARNAMIRIM,Falta de atenção,Colisão traseira,Sem Vítimas        ,Pleno dia,Chuva,Dupla   ,Urbano,Caminhonete,Ileso       ,-1.0,Masculino
898494,29/04/2011,RN,101,SAO JOSE DE MIPIBU,Não guardar distância de segurança,Colisão lateral,Sem Vítimas        ,Pleno dia,Ceu Claro,Dupla   ,Rural ,Ônibus,Ileso       ,38.0,Masculino
898494,29/04/2011,RN,101,SAO JOSE DE MIPIBU,Não guardar distância de segurança,Colisão lateral,Sem Vítimas        ,Pleno dia,Ceu Claro,Dupla   ,Rural ,Ônibus,Ileso       ,29.0,Masculino
898533,25/04/2011,RN,226,SENADOR ELOI DE SOUZA,Animais na Pista,Atropelamento de animal,Sem Vítimas        ,Plena noite,Ceu Claro,Simples ,Rural ,Camioneta,Ileso       ,29.0,Masculino
898536,29/04/2011,RN,101,NATAL,Não guardar distância de segurança,Colisão traseira,Sem Vítimas        ,Pleno dia,Chuva,Dupla   ,Urbano,Caminhonete,Ileso       ,48.0,Masculino
898536,29/04/2011,RN,101,NATAL,Não guardar distância de segurança,Colisão traseira,Sem Vítimas        ,Pleno dia,Chuva,Dupla   ,Urbano,Automóvel,Ileso       ,19.0,Masculino
898536,29/04/2011,RN,101,NATAL,Não guardar distância de segurança,Colisão traseira,Sem Vítimas        ,Pleno dia,Chuva,Dupla   ,Urbano,Automóvel,Ignorado    ,-1.0,Inválido
898541,29/04/2011,RN,101,PARNAMIRIM,Falta de atenção,Colisão traseira,Sem Vítimas        ,Pleno dia,Chuva,Múltipla,Urbano,Automóvel,Ileso       ,60.0,Masculino
898541,29/04/2011,RN,101,PARNAMIRIM,Falta de atenção,Colisão traseira,Sem Vítimas        ,Pleno dia,Chuva,Múltipla,Urbano,Caminhão,Ileso       ,45.0,Masculino
898564,24/04/2011,RN,226,TRIUNFO POTIGUAR,Outras,Capotamento,Com Vítimas Feridas,Plena noite,Ceu Claro,Simples ,Rural ,Automóvel,Ferido Leve ,26.0,Masculino
898564,24/04/2011,RN,226,TRIUNFO POTIGUAR,Outras,Capotamento,Com Vítimas Feridas,Plena noite,Ceu Claro,Simples ,Rural ,Automóvel,Ileso       ,36.0,Feminino
898564,24/04/2011,RN,226,TRIUNFO POTIGUAR,Outras,Capotamento,Com Vítimas Feridas,Plena noite,Ceu Claro,Simples ,Rural ,Automóvel,Ferido Grave,8.0,Masculino
898564,24/04/2011,RN,226,TRIUNFO POTIGUAR,Outras,Capotamento,Com Vítimas Feridas,Plena noite,Ceu Claro,Simples ,Rural ,Automóvel,Ileso       ,-1.0,Masculino
898666,29/04/2011,RN,101,NATAL,Defeito mecânico em veículo,Colisão lateral,Sem Vítimas        ,Pleno dia,Ceu Claro,Dupla   ,Urbano,Caminhonete,Ileso       ,43.0,Masculino
898666,29/04/2011,RN,101,NATAL,Defeito mecânico em veículo,Colisão lateral,Sem Vítimas        ,Pleno dia,Ceu Claro,Dupla   ,Urbano,Automóvel,Ileso       ,37.0,Masculino
898679,29/04/2011,RN,304,ANGICOS,Ingestão de álcool,Colisão frontal,Com Vítimas Fatais ,Pleno dia,Nublado,Simples ,Rural ,Automóvel,Ferido Grave,68.0,Masculino
898679,29/04/2011,RN,304,ANGICOS,Ingestão de álcool,Colisão frontal,Com Vítimas Fatais ,Pleno dia,Nublado,Simples ,Rural ,Automóvel,Ferido Grave,15.0,Feminino
898679,29/04/2011,RN,304,ANGICOS,Ingestão de álcool,Colisão frontal,Com Vítimas Fatais ,Pleno dia,Nublado,Simples ,Rural ,Automóvel,Ferido Grave,32.0,Feminino
898679,29/04/2011,RN,304,ANGICOS,Ingestão de álcool,Colisão frontal,Com Vítimas Fatais ,Pleno dia,Nublado,Simples ,Rural ,Automóvel,Morto       ,53.0,Masculino
898679,29/04/2011,RN,304,ANGICOS,Ingestão de álcool,Colisão frontal,Com Vítimas Fatais ,Pleno dia,Nublado,Simples ,Rural ,Automóvel,Ferido Grave,35.0,Feminino
898679,29/04/2011,RN,304,ANGICOS,Ingestão de álcool,Colisão frontal,Com Vítimas Fatais ,Pleno dia,Nublado,Simples ,Rural ,Automóvel,Ferido Leve ,50.0,Masculino
898680,28/04/2011,RN,101,SAO JOSE DE MIPIBU,Animais na Pista,Atropelamento de animal,Sem Vítimas        ,Plena noite,Ceu Claro,Dupla   ,Rural ,Automóvel,Ileso       ,54.0,Masculino
898784,29/04/2011,RN,101,PARNAMIRIM,Falta de atenção,Colisão com objeto fixo,Sem Vítimas        ,Plena noite,Nublado,Dupla   ,Urbano,Automóvel,Ileso       ,-1.0,Masculino
898784,29/04/2011,RN,101,PARNAMIRIM,Falta de atenção,Colisão com objeto fixo,Sem Vítimas        ,Plena noite,Nublado,Dupla   ,Urbano,Motocicletas,Ileso       ,-1.0,Masculino
898787,29/04/2011,RN,101,NATAL,Outras,Colisão lateral,Com Vítimas Feridas,Pleno dia,Ceu Claro,Dupla   ,Urbano,Camioneta,Ileso       ,72.0,Masculino
898787,29/04/2011,RN,101,NATAL,Outras,Colisão lateral,Com Vítimas Feridas,Pleno dia,Ceu Claro,Dupla   ,Urbano,Motocicletas,Ferido Leve ,27.0,Masculino
898936,23/04/2011,RN,226,JANDUIS,Animais na Pista,Atropelamento de animal,Com Vítimas Fatais ,Anoitecer,Ignorada,Simples ,Rural ,Motocicletas,Morto       ,42.0,Feminino
898936,23/04/2011,RN,226,JANDUIS,Animais na Pista,Atropelamento de animal,Com Vítimas Fatais ,Anoitecer,Ignorada,Simples ,Rural ,Motocicletas,Ferido Leve ,33.0,Masculino
898951,29/04/2011,RN,304,MOSSORO,Ingestão de álcool,Colisão lateral,Com Vítimas Feridas,Plena noite,Nublado,Simples ,Urbano,Caminhão,Ileso       ,34.0,Masculino
898951,29/04/2011,RN,304,MOSSORO,Ingestão de álcool,Colisão lateral,Com Vítimas Feridas,Plena noite,Nublado,Simples ,Urbano,Motocicletas,Ferido Leve ,41.0,Masculino
898967,24/04/2011,RN,304,ANGICOS,Outras,Colisão Transversal,Sem Vítimas        ,Pleno dia,Ceu Claro,Simples ,Urbano,Automóvel,Ileso       ,77.0,Masculino
898967,24/04/2011,RN,304,ANGICOS,Outras,Colisão Transversal,Sem Vítimas        ,Pleno dia,Ceu Claro,Simples ,Urbano,Automóvel,Ileso       ,-1.0,Feminino
898967,24/04/2011,RN,304,ANGICOS,Outras,Colisão Transversal,Sem Vítimas        ,Pleno dia,Ceu Claro,Simples ,Urbano,Automóvel,Ileso       ,-1.0,Feminino
898967,24/04/2011,RN,304,ANGICOS,Outras,Colisão Transversal,Sem Vítimas        ,Pleno dia,Ceu Claro,Simples ,Urbano,Caminhão,Ileso       ,19.0,Masculino
898989,26/04/2011,RN,406,SAO GONCALO DO AMARANTE,Outras,Tombamento,Sem Vítimas        ,Pleno dia,Sol,Simples ,Rural ,Caminhão,Ileso       ,23.0,Masculino
899004,24/04/2011,RN,304,MOSSORO,Não guardar distância de segurança,Colisão traseira,Sem Vítimas        ,Anoitecer,Chuva,Simples ,Rural ,Automóvel,Ileso       ,47.0,Masculino
899004,24/04/2011,RN,304,MOSSORO,Não guardar distância de segurança,Colisão traseira,Sem Vítimas        ,Anoitecer,Chuva,Simples ,Rural ,Automóvel,Ileso       ,-1.0,Masculino
899004,24/04/2011,RN,304,MOSSORO,Não guardar distância de segurança,Colisão traseira,Sem Vítimas        ,Anoitecer,Chuva,Simples ,Rural ,Automóvel,Ileso       ,-1.0,Feminino
899004,24/04/2011,RN,304,MOSSORO,Não guardar distância de segurança,Colisão traseira,Sem Vítimas        ,Anoitecer,Chuva,Simples ,Rural ,Automóvel,Ileso       ,35.0,Masculino
899004,24/04/2011,RN,304,MOSSORO,Não guardar distância de segurança,Colisão traseira,Sem Vítimas        ,Anoitecer,Chuva,Simples ,Rural ,Automóvel,Ileso       ,-1.0,Feminino
899004,24/04/2011,RN,304,MOSSORO,Não guardar distância de segurança,Colisão traseira,Sem Vítimas        ,Anoitecer,Chuva,Simples ,Rural ,Automóvel,Ileso       ,-1.0,Feminino
899004,24/04/2011,RN,304,MOSSORO,Não guardar distância de segurança,Colisão traseira,Sem Vítimas        ,Anoitecer,Chuva,Simples ,Rural ,Automóvel,Ileso       ,-1.0,Feminino
899004,24/04/2011,RN,304,MOSSORO,Não guardar distância de segurança,Colisão traseira,Sem Vítimas        ,Anoitecer,Chuva,Simples ,Rural ,Automóvel,Ileso       ,-1.0,Masculino
899004,24/04/2011,RN,304,MOSSORO,Não guardar distância de segurança,Colisão traseira,Sem Vítimas        ,Anoitecer,Chuva,Simples ,Rural ,Automóvel,Ileso       ,36.0,Masculino
899004,24/04/2011,RN,304,MOSSORO,Não guardar distância de segurança,Colisão traseira,Sem Vítimas        ,Anoitecer,Chuva,Simples ,Rural ,Automóvel,Ileso       ,-1.0,Feminino
899004,24/04/2011,RN,304,MOSSORO,Não guardar distância de segurança,Colisão traseira,Sem Vítimas        ,Anoitecer,Chuva,Simples ,Rural ,Automóvel,Ileso       ,-1.0,Masculino
899004,24/04/2011,RN,304,MOSSORO,Não guardar distância de segurança,Colisão traseira,Sem Vítimas        ,Anoitecer,Chuva,Simples ,Rural ,Automóvel,Ileso       ,-1.0,Feminino
899004,24/04/2011,RN,304,MOSSORO,Não guardar distância de segurança,Colisão traseira,Sem Vítimas        ,Anoitecer,Chuva,Simples ,Rural ,Automóvel,Ileso       ,-1.0,Feminino
899049,28/04/2011,RN,101,NATAL,Defeito na via,Colisão lateral,Sem Vítimas        ,Pleno dia,Sol,Dupla   ,Urbano,Caminhão,Ileso       ,30.0,Masculino
899049,28/04/2011,RN,101,NATAL,Defeito na via,Colisão lateral,Sem Vítimas        ,Pleno dia,Sol,Dupla   ,Urbano,Automóvel,Ignorado    ,-1.0,Masculino
899060,22/04/2011,RN,110,MOSSORO,Ingestão de álcool,Colisão lateral,Com Vítimas Feridas,Amanhecer,Ceu Claro,Dupla   ,Urbano,Motocicletas,Ferido Leve ,23.0,Masculino
899060,22/04/2011,RN,110,MOSSORO,Ingestão de álcool,Colisão lateral,Com Vítimas Feridas,Amanhecer,Ceu Claro,Dupla   ,Urbano,Caminhão,Ileso       ,-1.0,Inválido
899071,30/04/2011,RN,304,MACAIBA,Desobediência à sinalização,Colisão Transversal,Sem Vítimas        ,Pleno dia,Nublado,Simples ,Urbano,Automóvel,Ileso       ,29.0,Masculino
899071,30/04/2011,RN,304,MACAIBA,Desobediência à sinalização,Colisão Transversal,Sem Vítimas        ,Pleno dia,Nublado,Simples ,Urbano,Automóvel,Ileso       ,48.0,Masculino
899149,30/04/2011,RN,101,NATAL,Outras,Colisão com bicicleta,Com Vítimas Feridas,Plena noite,Nublado,Dupla   ,Urbano,Bicicleta,Ferido Grave,38.0,Masculino
899149,30/04/2011,RN,101,NATAL,Outras,Colisão com bicicleta,Com Vítimas Feridas,Plena noite,Nublado,Dupla   ,Urbano,Automóvel,Ignorado    ,-1.0,Inválido
899201,30/04/2011,RN,101,NATAL,Outras,Colisão lateral,Sem Vítimas        ,Pleno dia,Ceu Claro,Múltipla,Urbano,Automóvel,Ileso       ,32.0,Feminino
899201,30/04/2011,RN,101,NATAL,Outras,Colisão lateral,Sem Vítimas        ,Pleno dia,Ceu Claro,Múltipla,Urbano,Camioneta,Ileso       ,51.0,Feminino
899251,30/04/2011,RN,110,MOSSORO,Outras,Colisão com objeto fixo,Ignorado           ,Plena noite,Ceu Claro,Dupla   ,Urbano,Caminhonete,Ignorado    ,-1.0,Inválido
899335,01/05/2011,RN,101,SAO JOSE DE MIPIBU,Outras,Capotamento,Com Vítimas Feridas,Amanhecer,Ceu Claro,Dupla   ,Rural ,Automóvel,Ferido Grave,23.0,Masculino
899359,27/04/2011,RN,101,PARNAMIRIM,Outras,Atropelamento de pessoa,Com Vítimas Feridas,Anoitecer,Ceu Claro,Dupla   ,Urbano,Automóvel,Ileso       ,45.0,Masculino
899359,27/04/2011,RN,101,PARNAMIRIM,Outras,Atropelamento de pessoa,Com Vítimas Feridas,Anoitecer,Ceu Claro,Dupla   ,Urbano,(null),Ferido Leve ,32.0,Feminino
899377,27/04/2011,RN,101,SAO GONCALO DO AMARANTE,Outras,Colisão Transversal,Sem Vítimas        ,Pleno dia,Ceu Claro,Dupla   ,Urbano,Automóvel,Ileso       ,36.0,Masculino
899377,27/04/2011,RN,101,SAO GONCALO DO AMARANTE,Outras,Colisão Transversal,Sem Vítimas        ,Pleno dia,Ceu Claro,Dupla   ,Urbano,Ônibus,Ileso       ,32.0,Masculino
899385,01/05/2011,RN,101,NATAL,Falta de atenção,Colisão Transversal,Sem Vítimas        ,Pleno dia,Nublado,Dupla   ,Urbano,Automóvel,Ileso       ,59.0,Masculino
899385,01/05/2011,RN,101,NATAL,Falta de atenção,Colisão Transversal,Sem Vítimas        ,Pleno dia,Nublado,Dupla   ,Urbano,Microônibus,Ileso       ,33.0,Masculino
899413,29/04/2011,RN,101,CEARA-MIRIM,Falta de atenção,Colisão frontal,Com Vítimas Feridas,Plena noite,Ceu Claro,Simples ,Urbano,Caminhonete,Ileso       ,67.0,Masculino
899413,29/04/2011,RN,101,CEARA-MIRIM,Falta de atenção,Colisão frontal,Com Vítimas Feridas,Plena noite,Ceu Claro,Simples ,Urbano,Motocicletas,Ferido Grave,51.0,Masculino
899441,29/04/2011,RN,110,MOSSORO,Falta de atenção,Colisão traseira,Com Vítimas Feridas,Plena noite,Nublado,Simples ,Urbano,Motoneta,Ferido Leve ,64.0,Masculino
899441,29/04/2011,RN,110,MOSSORO,Falta de atenção,Colisão traseira,Com Vítimas Feridas,Plena noite,Nublado,Simples ,Urbano,Motoneta,Ferido Grave,26.0,Feminino
899441,29/04/2011,RN,110,MOSSORO,Falta de atenção,Colisão traseira,Com Vítimas Feridas,Plena noite,Nublado,Simples ,Urbano,Automóvel,Ileso       ,54.0,Masculino
899457,29/04/2011,RN,110,MOSSORO,Outras,Colisão Transversal,Com Vítimas Feridas,Plena noite,Nublado,Simples ,Urbano,Motoneta,Ferido Leve ,34.0,Masculino
899457,29/04/2011,RN,110,MOSSORO,Outras,Colisão Transversal,Com Vítimas Feridas,Plena noite,Nublado,Simples ,Urbano,Motoneta,Ignorado    ,-1.0,Feminino
899493,01/05/2011,RN,427,ACARI,Defeito mecânico em veículo,Capotamento,Sem Vítimas        ,Pleno dia,Nublado,Simples ,Rural ,Camioneta,Ileso       ,48.0,Masculino
899495,01/05/2011,RN,427,CAICO,Falta de atenção,Saída de Pista,Com Vítimas Feridas,Pleno dia,Nublado,Simples ,Rural ,Motocicletas,Ferido Grave,46.0,Masculino
899520,26/04/2011,RN,101,NATAL,Falta de atenção,Colisão traseira,Com Vítimas Feridas,Plena noite,Nublado,Múltipla,Urbano,Automóvel,Ileso       ,28.0,Feminino
899520,26/04/2011,RN,101,NATAL,Falta de atenção,Colisão traseira,Com Vítimas Feridas,Plena noite,Nublado,Múltipla,Urbano,Automóvel,Ileso       ,26.0,Feminino
899520,26/04/2011,RN,101,NATAL,Falta de atenção,Colisão traseira,Com Vítimas Feridas,Plena noite,Nublado,Múltipla,Urbano,Automóvel,Ileso       ,25.0,Masculino
899520,26/04/2011,RN,101,NATAL,Falta de atenção,Colisão traseira,Com Vítimas Feridas,Plena noite,Nublado,Múltipla,Urbano,Automóvel,Ferido Leve ,20.0,Feminino
899640,01/05/2011,RN,110,MOSSORO,Ingestão de álcool,Colisão Transversal,Com Vítimas Feridas,Plena noite,Nublado,Simples ,Urbano,Motoneta,Ferido Leve ,27.0,Masculino
899640,01/05/2011,RN,110,MOSSORO,Ingestão de álcool,Colisão Transversal,Com Vítimas Feridas,Plena noite,Nublado,Simples ,Urbano,Motocicletas,Ileso       ,50.0,Masculino
899667,01/05/2011,RN,101,SAO GONCALO DO AMARANTE,Falta de atenção,Colisão traseira,Com Vítimas Feridas,Plena noite,Chuva,Dupla   ,Urbano,Automóvel,Ileso       ,32.0,Masculino
899667,01/05/2011,RN,101,SAO GONCALO DO AMARANTE,Falta de atenção,Colisão traseira,Com Vítimas Feridas,Plena noite,Chuva,Dupla   ,Urbano,Automóvel,Ferido Leve ,63.0,Masculino
899713,02/05/2011,RN,406,SAO GONCALO DO AMARANTE,Animais na Pista,Atropelamento de animal,Sem Vítimas        ,Amanhecer,Nublado,Simples ,Rural ,Automóvel,Ileso       ,39.0,Masculino
899771,01/05/2011,RN,110,MOSSORO,Falta de atenção,Colisão Transversal,Sem Vítimas        ,Amanhecer,Ceu Claro,Dupla   ,Urbano,Caminhonete,Ileso       ,28.0,Masculino
899771,01/05/2011,RN,110,MOSSORO,Falta de atenção,Colisão Transversal,Sem Vítimas        ,Amanhecer,Ceu Claro,Dupla   ,Urbano,Caminhão-Trator,Ileso       ,55.0,Masculino
899823,28/04/2011,RN,101,NATAL,Outras,Atropelamento de pessoa,Com Vítimas Feridas,Plena noite,Ceu Claro,Dupla   ,Urbano,Motocicletas,Ferido Leve ,31.0,Masculino
899823,28/04/2011,RN,101,NATAL,Outras,Atropelamento de pessoa,Com Vítimas Feridas,Plena noite,Ceu Claro,Dupla   ,Urbano,(null),Ferido Leve ,44.0,Feminino
899830,02/05/2011,RN,226,NATAL,Falta de atenção,Colisão traseira,Sem Vítimas        ,Pleno dia,Ceu Claro,Simples ,Urbano,Automóvel,Ileso       ,24.0,Masculino
899830,02/05/2011,RN,226,NATAL,Falta de atenção,Colisão traseira,Sem Vítimas        ,Pleno dia,Ceu Claro,Simples ,Urbano,Automóvel,Ileso       ,36.0,Masculino
899879,02/05/2011,RN,101,NATAL,Falta de atenção,Colisão lateral,Sem Vítimas        ,Pleno dia,Ceu Claro,Dupla   ,Urbano,Automóvel,Ileso       ,-1.0,Masculino
899879,02/05/2011,RN,101,NATAL,Falta de atenção,Colisão lateral,Sem Vítimas        ,Pleno dia,Ceu Claro,Dupla   ,Urbano,Caminhão-Trator,Ileso       ,-1.0,Masculino
899897,02/05/2011,RN,110,MOSSORO,Não guardar distância de segurança,Colisão lateral,Sem Vítimas        ,Pleno dia,Ceu Claro,Simples ,Urbano,Microônibus,Ileso       ,64.0,Masculino
899897,02/05/2011,RN,110,MOSSORO,Não guardar distância de segurança,Colisão lateral,Sem Vítimas        ,Pleno dia,Ceu Claro,Simples ,Urbano,Caminhão,Ileso       ,33.0,Masculino
899927,29/04/2011,RN,101,NATAL,Falta de atenção,Colisão lateral,Com Vítimas Feridas,Anoitecer,Nublado,Múltipla,Urbano,Motocicletas,Ferido Leve ,24.0,Masculino
899927,29/04/2011,RN,101,NATAL,Falta de atenção,Colisão lateral,Com Vítimas Feridas,Anoitecer,Nublado,Múltipla,Urbano,Caminhonete,Ignorado    ,-1.0,Inválido
899934,02/05/2011,RN,304,LAJES,Outras,Capotamento,Com Vítimas Feridas,Pleno dia,Chuva,Simples ,Rural ,Caminhonete,Ferido Leve ,33.0,Masculino
899947,30/04/2011,RN,101,PARNAMIRIM,Defeito na via,Colisão com objeto fixo,Sem Vítimas        ,Pleno dia,Nublado,Múltipla,Urbano,Automóvel,Ileso       ,38.0,Masculino
899964,30/04/2011,RN,101,PARNAMIRIM,Outras,Colisão com objeto fixo,Sem Vítimas        ,Amanhecer,Chuva,Múltipla,Urbano,Automóvel,Ileso       ,25.0,Masculino