id,data_inversa,uf,br,municipio,causa_acidente,tipo_acidente,classificacao_acidente,fase_dia,condicao_metereologica,tipo_pista,uso_solo,tipo_veiculo,estado_fisico,idade,sexo
899979,02/05/2011,RN,101,NATAL,Falta de atenção,Colisão traseira,Sem Vítimas        ,Pleno dia,Chuva,Dupla   ,Urbano,Automóvel,Ileso       ,27.0,Masculino
899979,02/05/2011,RN,101,NATAL,Falta de atenção,Colisão traseira,Sem Vítimas        ,Pleno dia,Chuva,Dupla   ,Urbano,Automóvel,Ileso       ,-1.0,Masculino
899987,23/04/2011,RN,406,CEARA-MIRIM,Outras,Atropelamento de pessoa,Com Vítimas Feridas,Plena noite,Chuva,Simples ,Rural ,Automóvel,Ferido Leve ,21.0,Inválido
899987,23/04/2011,RN,406,CEARA-MIRIM,Outras,Atropelamento de pessoa,Com Vítimas Feridas,Plena noite,Chuva,Simples ,Rural ,(null),Ferido Leve ,-1.0,Feminino
899999,28/04/2011,RN,101,PARNAMIRIM,Falta de atenção,Colisão traseira,Com Vítimas Feridas,Pleno dia,Sol,Dupla   ,Urbano,Motocicletas,Ferido Leve ,50.0,Masculino
899999,28/04/2011,RN,101,PARNAMIRIM,Falta de atenção,Colisão traseira,Com Vítimas Feridas,Pleno dia,Sol,Dupla   ,Urbano,Camioneta,Ileso       ,26.0,Masculino
900010,28/04/2011,RN,101,NATAL,Não guardar distância de segurança,Colisão lateral,Sem Vítimas        ,Pleno dia,Ceu Claro,Múltipla,Urbano,Automóvel,Ileso       ,35.0,Feminino
900010,28/04/2011,RN,101,NATAL,Não guardar distância de segurança,Colisão lateral,Sem Vítimas        ,Pleno dia,Ceu Claro,Múltipla,Urbano,Microônibus,Ileso       ,-1.0,Feminino
900023,02/05/2011,RN,304,MOSSORO,Animais na Pista,Atropelamento de animal,Com Vítimas Feridas,Anoitecer,Nublado,Simples ,Rural ,Motocicletas,Ferido Leve ,37.0,Masculino
900023,02/05/2011,RN,304,MOSSORO,Animais na Pista,Atropelamento de animal,Com Vítimas Feridas,Anoitecer,Nublado,Simples ,Rural ,Motocicletas,Ferido Leve ,24.0,Masculino
900059,02/05/2011,RN,101,NATAL,Falta de atenção,Colisão traseira,Sem Vítimas        ,Pleno dia,Ceu Claro,Múltipla,Urbano,Automóvel,Ileso       ,35.0,Masculino
900059,02/05/2011,RN,101,NATAL,Falta de atenção,Colisão traseira,Sem Vítimas        ,Pleno dia,Ceu Claro,Múltipla,Urbano,Automóvel,Ileso       ,-1.0,Masculino
900128,01/05/2011,RN,226,CURRAIS NOVOS,Dormindo,Saída de Pista,Com Vítimas Feridas,Amanhecer,Ceu Claro,Simples ,Rural ,Caminhão,Ileso       ,23.0,Masculino
900128,01/05/2011,RN,226,CURRAIS NOVOS,Dormindo,Saída de Pista,Com Vítimas Feridas,Amanhecer,Ceu Claro,Simples ,Rural ,Caminhão,Ferido Grave,25.0,Masculino
900225,02/05/2011,RN,427,CURRAIS NOVOS,Animais na Pista,Atropelamento de animal,Com Vítimas Feridas,Plena noite,Ceu Claro,Simples ,Rural ,Motocicletas,Ferido Leve ,28.0,Masculino
900235,02/05/2011,RN,304,MOSSORO,Defeito mecânico em veículo,Colisão com objeto móvel,Sem Vítimas        ,Plena noite,Nublado,Simples ,Rural ,Camioneta,Ileso       ,44.0,Masculino
900235,02/05/2011,RN,304,MOSSORO,Defeito mecânico em veículo,Colisão com objeto móvel,Sem Vítimas        ,Plena noite,Nublado,Simples ,Rural ,Caminhão-Trator,Ileso       ,47.0,Masculino
900242,02/05/2011,RN,101,NATAL,Outras,Colisão lateral,Sem Vítimas        ,Pleno dia,Ceu Claro,Múltipla,Urbano,Automóvel,Ileso       ,31.0,Feminino
900242,02/05/2011,RN,101,NATAL,Outras,Colisão lateral,Sem Vítimas        ,Pleno dia,Ceu Claro,Múltipla,Urbano,Ônibus,Ileso       ,36.0,Masculino
900284,21/04/2011,RN,304,MOSSORO,Desobediência à sinalização,Colisão lateral,Sem Vítimas        ,Pleno dia,Ceu Claro,Simples ,Urbano,Automóvel,Ileso       ,29.0,Masculino
900284,21/04/2011,RN,304,MOSSORO,Desobediência à sinalização,Colisão lateral,Sem Vítimas        ,Pleno dia,Ceu Claro,Simples ,Urbano,Automóvel,Ileso       ,-1.0,Masculino
900338,29/04/2011,RN,101,PARNAMIRIM,Animais na Pista,Atropelamento de animal,Com Vítimas Feridas,Plena noite,Ceu Claro,Dupla   ,Urbano,Motocicletas,Ferido Leve ,23.0,Masculino
900366,30/04/2011,RN,101,GOIANINHA,Ingestão de álcool,Colisão traseira,Sem Vítimas        ,Plena noite,Ceu Claro,Dupla   ,Rural ,Caminhonete,Ileso       ,21.0,Masculino
900366,30/04/2011,RN,101,GOIANINHA,Ingestão de álcool,Colisão traseira,Sem Vítimas        ,Plena noite,Ceu Claro,Dupla   ,Rural ,Automóvel,Ileso       ,23.0,Masculino
900366,30/04/2011,RN,101,GOIANINHA,Ingestão de álcool,Colisão traseira,Sem Vítimas        ,Plena noite,Ceu Claro,Dupla   ,Rural ,Automóvel,Ileso       ,25.0,Feminino
900384,27/04/2011,RN,101,SAO GONCALO DO AMARANTE,Outras,Colisão lateral,Sem Vítimas        ,Anoitecer,Ceu Claro,Dupla   ,Urbano,Automóvel,Ignorado    ,-1.0,Inválido
900384,27/04/2011,RN,101,SAO GONCALO DO AMARANTE,Outras,Colisão lateral,Sem Vítimas        ,Anoitecer,Ceu Claro,Dupla   ,Urbano,Caminhão,Ileso       ,44.0,Masculino
900388,03/05/2011,RN,101,PARNAMIRIM,Desobediência à sinalização,Colisão Transversal,Com Vítimas Feridas,Pleno dia,Nublado,Dupla   ,Urbano,Motocicletas,Ferido Leve ,45.0,Masculino
900388,03/05/2011,RN,101,PARNAMIRIM,Desobediência à sinalização,Colisão Transversal,Com Vítimas Feridas,Pleno dia,Nublado,Dupla   ,Urbano,Caminhonete,Ileso       ,43.0,Masculino
900413,30/04/2011,RN,304,PARNAMIRIM,Outras,Capotamento,Com Vítimas Feridas,Plena noite,Chuva,Múltipla,Urbano,Automóvel,Ignorado    ,-1.0,Masculino
900413,30/04/2011,RN,304,PARNAMIRIM,Outras,Capotamento,Com Vítimas Feridas,Plena noite,Chuva,Múltipla,Urbano,Automóvel,Ferido Leve ,-1.0,Feminino
900422,29/04/2011,RN,427,CAICO,Outras,Colisão lateral,Sem Vítimas        ,Anoitecer,Nublado,Simples ,Rural ,Caminhão,Ileso       ,28.0,Masculino
900422,29/04/2011,RN,427,CAICO,Outras,Colisão lateral,Sem Vítimas        ,Anoitecer,Nublado,Simples ,Rural ,Caminhão,Ileso       ,41.0,Masculino
900486,30/04/2011,RN,101,PARNAMIRIM,Ingestão de álcool,Colisão traseira,Sem Vítimas        ,Plena noite,Chuva,Dupla   ,Urbano,Automóvel,Ileso       ,23.0,Masculino
900486,30/04/2011,RN,101,PARNAMIRIM,Ingestão de álcool,Colisão traseira,Sem Vítimas        ,Plena noite,Chuva,Dupla   ,Urbano,Automóvel,Ileso       ,20.0,Masculino
900712,30/04/2011,RN,101,PARNAMIRIM,Falta de atenção,Colisão traseira,Sem Vítimas        ,Plena noite,Chuva,Dupla   ,Urbano,Automóvel,Ileso       ,30.0,Masculino
900712,30/04/2011,RN,101,PARNAMIRIM,Falta de atenção,Colisão traseira,Sem Vítimas        ,Plena noite,Chuva,Dupla   ,Urbano,Automóvel,Ileso       ,24.0,Masculino
900712,30/04/2011,RN,101,PARNAMIRIM,Falta de atenção,Colisão traseira,Sem Vítimas        ,Plena noite,Chuva,Dupla   ,Urbano,Automóvel,Ileso       ,22.0,Masculino
900716,21/04/2011,RN,304,ASSU,Falta de atenção,Colisão traseira,Sem Vítimas        ,Pleno dia,Ceu Claro,Simples ,Rural ,Utilitário,Ileso       ,-1.0,Masculino
900716,21/04/2011,RN,304,ASSU,Falta de atenção,Colisão traseira,Sem Vítimas        ,Pleno dia,Ceu Claro,Simples ,Rural ,Utilitário,Ileso       ,51.0,Masculino
900730,29/04/2011,RN,304,LAJES,Não guardar distância de segurança,Saída de Pista,Com Vítimas Feridas,Pleno dia,Chuva,Simples ,Rural ,Automóvel,Ferido Grave,-1.0,Feminino
900730,29/04/2011,RN,304,LAJES,Não guardar distância de segurança,Saída de Pista,Com Vítimas Feridas,Pleno dia,Chuva,Simples ,Rural ,Automóvel,Ferido Grave,-1.0,Feminino
900730,29/04/2011,RN,304,LAJES,Não guardar distância de segurança,Saída de Pista,Com Vítimas Feridas,Pleno dia,Chuva,Simples ,Rural ,Automóvel,Ferido Grave,-1.0,Masculino
900780,01/05/2011,RN,101,NATAL,Falta de atenção,Saída de Pista,Com Vítimas Feridas,Amanhecer,Nublado,Dupla   ,Urbano,Caminhonete,Ferido Leve ,31.0,Masculino
900780,01/05/2011,RN,101,NATAL,Falta de atenção,Saída de Pista,Com Vítimas Feridas,Amanhecer,Nublado,Dupla   ,Urbano,Caminhonete,Ferido Grave,21.0,Feminino
900931,01/05/2011,RN,406,TAIPU,Desobediência à sinalização,Colisão traseira,Sem Vítimas        ,Plena noite,Nublado,Simples ,Urbano,Automóvel,Ignorado    ,51.0,Masculino
900931,01/05/2011,RN,406,TAIPU,Desobediência à sinalização,Colisão traseira,Sem Vítimas        ,Plena noite,Nublado,Simples ,Urbano,Automóvel,Ileso       ,25.0,Feminino
900931,01/05/2011,RN,406,TAIPU,Desobediência à sinalização,Colisão traseira,Sem Vítimas        ,Plena noite,Nublado,Simples ,Urbano,Automóvel,Ileso       ,-1.0,Masculino
900978,30/04/2011,RN,101,PARNAMIRIM,Falta de atenção,Colisão traseira,Sem Vítimas        ,Plena noite,Chuva,Dupla   ,Urbano,Caminhonete,Ileso       ,34.0,Masculino
900978,30/04/2011,RN,101,PARNAMIRIM,Falta de atenção,Colisão traseira,Sem Vítimas        ,Plena noite,Chuva,Dupla   ,Urbano,Automóvel,Ileso       ,40.0,Masculino
901153,30/04/2011,RN,101,NATAL,Outras,Colisão traseira,Sem Vítimas        ,Plena noite,Vento,Dupla   ,Urbano,Automóvel,Ignorado    ,41.0,Masculino
901153,30/04/2011,RN,101,NATAL,Outras,Colisão traseira,Sem Vítimas        ,Plena noite,Vento,Dupla   ,Urbano,Camioneta,Ileso       ,25.0,Masculino
901153,30/04/2011,RN,101,NATAL,Outras,Colisão traseira,Sem Vítimas        ,Plena noite,Vento,Dupla   ,Urbano,Automóvel,Ileso       ,31.0,Masculino
901195,04/05/2011,RN,101,NATAL,Falta de atenção,Colisão traseira,Sem Vítimas        ,Pleno dia,Nublado,Múltipla,Urbano,Caminhão,Ileso       ,23.0,Masculino
901195,04/05/2011,RN,101,NATAL,Falta de atenção,Colisão traseira,Sem Vítimas        ,Pleno dia,Nublado,Múltipla,Urbano,Automóvel,Ileso       ,24.0,Feminino
901210,04/05/2011,RN,101,NATAL,Falta de atenção,Colisão traseira,Sem Vítimas        ,Pleno dia,Chuva,Dupla   ,Urbano,Ônibus,Ileso       ,40.0,Masculino
901210,04/05/2011,RN,101,NATAL,Falta de atenção,Colisão traseira,Sem Vítimas        ,Pleno dia,Chuva,Dupla   ,Urbano,Automóvel,Ileso       ,25.0,Feminino
901213,01/05/2011,RN,101,GOIANINHA,Falta de atenção,Colisão lateral,Sem Vítimas        ,Plena noite,Chuva,Dupla   ,Urbano,Automóvel,Ileso       ,24.0,Feminino
901213,01/05/2011,RN,101,GOIANINHA,Falta de atenção,Colisão lateral,Sem Vítimas        ,Plena noite,Chuva,Dupla   ,Urbano,Caminhonete,Ileso       ,47.0,Masculino
901243,03/05/2011,RN,304,PARNAMIRIM,Desobediência à sinalização,Colisão Transversal,Sem Vítimas        ,Pleno dia,Nublado,Dupla   ,Urbano,Utilitário,Ileso       ,71.0,Masculino
901243,03/05/2011,RN,304,PARNAMIRIM,Desobediência à sinalização,Colisão Transversal,Sem Vítimas        ,Pleno dia,Nublado,Dupla   ,Urbano,Camioneta,Ileso       ,33.0,Masculino
901258,01/05/2011,RN,101,PARNAMIRIM,Desobediência à sinalização,Colisão Transversal,Sem Vítimas        ,Pleno dia,Nublado,Dupla   ,Urbano,Automóvel,Ileso       ,28.0,Feminino
901258,01/05/2011,RN,101,PARNAMIRIM,Desobediência à sinalização,Colisão Transversal,Sem Vítimas        ,Pleno dia,Nublado,Dupla   ,Urbano,Camioneta,Ignorado    ,-1.0,Inválido
901335,04/05/2011,RN,101,NATAL,Falta de atenção,Colisão lateral,Sem Vítimas        ,Pleno dia,Chuva,Múltipla,Urbano,Automóvel,Ileso       ,26.0,Feminino
901335,04/05/2011,RN,101,NATAL,Falta de atenção,Colisão lateral,Sem Vítimas        ,Pleno dia,Chuva,Múltipla,Urbano,Camioneta,Ileso       ,57.0,Masculino
901341,04/05/2011,RN,101,PARNAMIRIM,Falta de atenção,Colisão lateral,Sem Vítimas        ,Plena noite,Chuva,Múltipla,Urbano,Automóvel,Ileso       ,30.0,Masculino
901341,04/05/2011,RN,101,PARNAMIRIM,Falta de atenção,Colisão lateral,Sem Vítimas        ,Plena noite,Chuva,Múltipla,Urbano,Automóvel,Ileso       ,39.0,Feminino
901351,04/05/2011,RN,101,NATAL,Outras,Atropelamento de pessoa,Com Vítimas Fatais ,Plena noite,Chuva,Múltipla,Urbano,Automóvel,Ileso       ,45.0,Feminino
901351,04/05/2011,RN,101,NATAL,Outras,Atropelamento de pessoa,Com Vítimas Fatais ,Plena noite,Chuva,Múltipla,Urbano,(null),Morto       ,70.0,Masculino
901410,04/05/2011,RN,101,NATAL,Não guardar distância de segurança,Colisão traseira,Com Vítimas Feridas,Plena noite,Chuva,Dupla   ,Urbano,Automóvel,Ileso       ,21.0,Masculino
901410,04/05/2011,RN,101,NATAL,Não guardar distância de segurança,Colisão traseira,Com Vítimas Feridas,Plena noite,Chuva,Dupla   ,Urbano,Motocicletas,Ileso       ,22.0,Masculino
901410,04/05/2011,RN,101,NATAL,Não guardar distância de segurança,Colisão traseira,Com Vítimas Feridas,Plena noite,Chuva,Dupla   ,Urbano,Motocicletas,Ferido Leve ,-1.0,Feminino
901494,02/05/2011,RN,101,NATAL,Outras,Capotamento,Com Vítimas Feridas,Plena noite,Chuva,Dupla   ,Urbano,Automóvel,Ferido Leve ,39.0,Masculino
901494,02/05/2011,RN,101,NATAL,Outras,Capotamento,Com Vítimas Feridas,Plena noite,Chuva,Dupla   ,Urbano,Automóvel,Ferido Leve ,29.0,Masculino
901523,01/05/2011,RN,101,PARNAMIRIM,Ingestão de álcool,Colisão traseira,Sem Vítimas        ,Pleno dia,Nublado,Dupla   ,Urbano,Automóvel,Ileso       ,-1.0,Masculino
901523,01/05/2011,RN,101,PARNAMIRIM,Ingestão de álcool,Colisão traseira,Sem Vítimas        ,Pleno dia,Nublado,Dupla   ,Urbano,Automóvel,Ileso       ,-1.0,Masculino
901607,05/05/2011,RN,101,NATAL,Falta de atenção,Colisão traseira,Sem Vítimas        ,Pleno dia,Nublado,Dupla   ,Urbano,Automóvel,Ileso       ,53.0,Masculino
901607,05/05/2011,RN,101,NATAL,Falta de atenção,Colisão traseira,Sem Vítimas        ,Pleno dia,Nublado,Dupla   ,Urbano,Automóvel,Ileso       ,55.0,Masculino
901752,05/05/2011,RN,101,NATAL,Não guardar distância de segurança,Colisão traseira,Sem Vítimas        ,Pleno dia,Sol,Dupla   ,Urbano,Automóvel,Ileso       ,65.0,Masculino
901752,05/05/2011,RN,101,NATAL,Não guardar distância de segurança,Colisão traseira,Sem Vítimas        ,Pleno dia,Sol,Dupla   ,Urbano,Caminhonete,Ileso       ,44.0,Masculino
901752,05/05/2011,RN,101,NATAL,Não guardar distância de segurança,Colisão traseira,Sem Vítimas        ,Pleno dia,Sol,Dupla   ,Urbano,Automóvel,Ileso       ,-1.0,Feminino
901758,30/04/2011,RN,226,NATAL,Falta de atenção,Colisão traseira,Sem Vítimas        ,Pleno dia,Sol,Dupla   ,Urbano,Motocicletas,Ignorado    ,-1.0,Masculino
901758,30/04/2011,RN,226,NATAL,Falta de atenção,Colisão traseira,Sem Vítimas        ,Pleno dia,Sol,Dupla   ,Urbano,Automóvel,Ileso       ,19.0,Masculino
901891,06/05/2011,RN,101,NATAL,Falta de atenção,Colisão lateral,Sem Vítimas        ,Pleno dia,Nublado,Múltipla,Urbano,Caminhão,Ileso       ,36.0,Masculino
901891,06/05/2011,RN,101,NATAL,Falta de atenção,Colisão lateral,Sem Vítimas        ,Pleno dia,Nublado,Múltipla,Urbano,Automóvel,Ileso       ,33.0,Masculino
901921,06/05/2011,RN,304,MOSSORO,Não guardar distância de segurança,Colisão traseira,Sem Vítimas        ,Pleno dia,Sol,Simples ,Urbano,Caminhão,Ileso       ,33.0,Masculino
901921,06/05/2011,RN,304,MOSSORO,Não guardar distância de segurança,Colisão traseira,Sem Vítimas        ,Pleno dia,Sol,Simples ,Urbano,Automóvel,Ileso       ,72.0,Masculino
901968,06/05/2011,RN,304,MOSSORO,Não guardar distância de segurança,Colisão traseira,Sem Vítimas        ,Pleno dia,Sol,Simples ,Rural ,Automóvel,Ileso       ,52.0,Masculino
901968,06/05/2011,RN,304,MOSSORO,Não guardar distância de segurança,Colisão traseira,Sem Vítimas        ,Pleno dia,Sol,Simples ,Rural ,Caminhão-Trator,Ileso       ,30.0,Masculino
902064,06/05/2011,RN,406,CEARA-MIRIM,Animais na Pista,Atropelamento de animal,Sem Vítimas        ,Pleno dia,Nublado,Simples ,Urbano,Automóvel,Ileso       ,69.0,Masculino
902128,06/05/2011,RN,304,NATAL,Não guardar distância de segurança,Colisão lateral,Sem Vítimas        ,Plena noite,Nublado,Simples ,Urbano,Caminhão,Ileso       ,25.0,Masculino
902128,06/05/2011,RN,304,NATAL,Não guardar distância de segurança,Colisão lateral,Sem Vítimas        ,Plena noite,Nublado,Simples ,Urbano,Caminhão,Ileso       ,23.0,Masculino
902182,06/05/2011,RN,101,NATAL,Falta de atenção,Colisão traseira,Sem Vítimas        ,Pleno dia,Ceu Claro,Dupla   ,Urbano,Automóvel,Ileso       ,59.0,Feminino
902182,06/05/2011,RN,101,NATAL,Falta de atenção,Colisão traseira,Sem Vítimas        ,Pleno dia,Ceu Claro,Dupla   ,Urbano,Motocicletas,Ileso       ,54.0,Masculino
902185,06/05/2011,RN,101,NATAL,Falta de atenção,Colisão traseira,Com Vítimas Feridas,Pleno dia,Nublado,Dupla   ,Urbano,Ônibus,Ileso       ,45.0,Masculino
902185,06/05/2011,RN,101,NATAL,Falta de atenção,Colisão traseira,Com Vítimas Feridas,Pleno dia,Nublado,Dupla   ,Urbano,Automóvel,Ferido Grave,42.0,Feminino
902191,06/05/2011,RN,406,SAO GONCALO DO AMARANTE,Animais na Pista,Atropelamento de animal,Sem Vítimas        ,Plena noite,Ceu Claro,Simples ,Urbano,Caminhonete,Ileso       ,52.0,Masculino
902209,06/05/2011,RN,226,CAMPO REDONDO,Animais na Pista,Capotamento,Sem Vítimas        ,Plena noite,Ceu Claro,Simples ,Rural ,Automóvel,Ileso       ,38.0,Masculino
902268,06/05/2011,RN,304,MOSSORO,Defeito mecânico em veículo,Capotamento,Sem Vítimas        ,Plena noite,Nublado,Simples ,Urbano,Automóvel,Ileso       ,21.0,Masculino
902275,06/05/2011,RN,304,MOSSORO,Outras,Queda de motocicleta / bicicleta / veículo,Com Vítimas Feridas,Plena noite,Ceu Claro,Simples ,Rural ,Motocicletas,Ferido Leve ,44.0,Masculino
902320,07/05/2011,RN,406,TAIPU,Animais na Pista,Atropelamento de animal,Sem Vítimas        ,Plena noite,Ceu Claro,Simples ,Rural ,Automóvel,Ileso       ,33.0,Masculino
902367,07/05/2011,RN,304,MACAIBA,Falta de atenção,Capotamento,Sem Vítimas        ,Pleno dia,Ceu Claro,Simples ,Rural ,Caminhonete,Ileso       ,34.0,Masculino
902563,29/04/2011,RN,226,NATAL,Não guardar distância de segurança,Colisão traseira,Sem Vítimas        ,Pleno dia,Chuva,Simples ,Urbano,Microônibus,Ileso       ,29.0,Masculino
902563,29/04/2011,RN,226,NATAL,Não guardar distância de segurança,Colisão traseira,Sem Vítimas        ,Pleno dia,Chuva,Simples ,Urbano,Caminhão,Ileso       ,28.0,Masculino
902567,07/05/2011,RN,101,NATAL,Falta de atenção,Colisão traseira,Sem Vítimas        ,Pleno dia,Ceu Claro,Dupla   ,Urbano,Automóvel,Ileso       ,27.0,Masculino
902567,07/05/2011,RN,101,NATAL,Falta de atenção,Colisão traseira,Sem Vítimas        ,Pleno dia,Ceu Claro,Dupla   ,Urbano,Automóvel,Ileso       ,40.0,Feminino
902670,06/05/2011,RN,406,TAIPU,Falta de atenção,Colisão traseira,Com Vítimas Feridas,Amanhecer,Nublado,Simples ,Rural ,Automóvel,Ileso       ,44.0,Masculino
902670,06/05/2011,RN,406,TAIPU,Falta de atenção,Colisão traseira,Com Vítimas Feridas,Amanhecer,Nublado,Simples ,Rural ,Motoneta,Ferido Leve ,64.0,Masculino
902719,02/05/2011,RN,101,NATAL,Falta de atenção,Colisão traseira,Com Vítimas Feridas,Plena noite,Chuva,Múltipla,Urbano,Automóvel,Ignorado    ,-1.0,Inválido
902719,02/05/2011,RN,101,NATAL,Falta de atenção,Colisão traseira,Com Vítimas Feridas,Plena noite,Chuva,Múltipla,Urbano,Automóvel,Ileso       ,28.0,Feminino
902719,02/05/2011,RN,101,NATAL,Falta de atenção,Colisão traseira,Com Vítimas Feridas,Plena noite,Chuva,Múltipla,Urbano,Automóvel,Ferido Grave,25.0,Feminino
902739,07/05/2011,RN,101,SAO GONCALO DO AMARANTE,Falta de atenção,Colisão traseira,Sem Vítimas        ,Pleno dia,Ceu Claro,Simples ,Urbano,Camioneta,Ileso       ,59.0,Masculino
902739,07/05/2011,RN,101,SAO GONCALO DO AMARANTE,Falta de atenção,Colisão traseira,Sem Vítimas        ,Pleno dia,Ceu Claro,Simples ,Urbano,Automóvel,Ileso       ,38.0,Masculino
902739,07/05/2011,RN,101,SAO GONCALO DO AMARANTE,Falta de atenção,Colisão traseira,Sem Vítimas        ,Pleno dia,Ceu Claro,Simples ,Urbano,Automóvel,Ileso       ,37.0,Masculino
902801,07/05/2011,RN,101,NATAL,Outras,Colisão traseira,Sem Vítimas        ,Pleno dia,Sol,Dupla   ,Urbano,Automóvel,Ileso       ,44.0,Masculino
902801,07/05/2011,RN,101,NATAL,Outras,Colisão traseira,Sem Vítimas        ,Pleno dia,Sol,Dupla   ,Urbano,Automóvel,Ileso       ,35.0,Masculino
902802,07/05/2011,RN,101,NATAL,Falta de atenção,Colisão traseira,Com Vítimas Feridas,Anoitecer,Ceu Claro,Dupla   ,Urbano,Automóvel,Ignorado    ,-1.0,Inválido
902802,07/05/2011,RN,101,NATAL,Falta de atenção,Colisão traseira,Com Vítimas Feridas,Anoitecer,Ceu Claro,Dupla   ,Urbano,Ciclomotor,Ferido Leve ,34.0,Masculino
902893,07/05/2011,RN,101,SAO JOSE DE MIPIBU,Ingestão de álcool,Colisão traseira,Sem Vítimas        ,Plena noite,Ceu Claro,Dupla   ,Rural ,Automóvel,Ileso       ,37.0,Masculino
902893,07/05/2011,RN,101,SAO JOSE DE MIPIBU,Ingestão de álcool,Colisão traseira,Sem Vítimas        ,Plena noite,Ceu Claro,Dupla   ,Rural ,Caminhonete,Ileso       ,31.0,Masculino
902906,08/05/2011,RN,101,SAO GONCALO DO AMARANTE,Desobediência à sinalização,Colisão Transversal,Sem Vítimas        ,Plena noite,Ceu Claro,Dupla   ,Urbano,Automóvel,Ileso       ,41.0,Masculino
902906,08/05/2011,RN,101,SAO GONCALO DO AMARANTE,Desobediência à sinalização,Colisão Transversal,Sem Vítimas        ,Plena noite,Ceu Claro,Dupla   ,Urbano,Não identificado,Ignorado    ,-1.0,Inválido
903112,30/04/2011,RN,226,BOM JESUS,Outras,Colisão traseira,Com Vítimas Feridas,Plena noite,Ceu Claro,Simples ,Rural ,Automóvel,Ileso       ,27.0,Masculino
903112,30/04/2011,RN,226,BOM JESUS,Outras,Colisão traseira,Com Vítimas Feridas,Plena noite,Ceu Claro,Simples ,Rural ,Camioneta,Ileso       ,51.0,Masculino
903112,30/04/2011,RN,226,BOM JESUS,Outras,Colisão traseira,Com Vítimas Feridas,Plena noite,Ceu Claro,Simples ,Rural ,Automóvel,Ferido Leve ,-1.0,Masculino
903134,08/05/2011,RN,110,MOSSORO,Desobediência à sinalização,Colisão Transversal,Sem Vítimas        ,Pleno dia,Nublado,Simples ,Urbano,Automóvel,Ileso       ,42.0,Masculino
903134,08/05/2011,RN,110,MOSSORO,Desobediência à sinalização,Colisão Transversal,Sem Vítimas        ,Pleno dia,Nublado,Simples ,Urbano,Motocicletas,Ignorado    ,-1.0,Masculino
903162,08/05/2011,RN,406,CEARA-MIRIM,Não guardar distância de segurança,Colisão traseira,Sem Vítimas        ,Pleno dia,Ceu Claro,Simples ,Rural ,Automóvel,Ileso       ,50.0,Masculino
903162,08/05/2011,RN,406,CEARA-MIRIM,Não guardar distância de segurança,Colisão traseira,Sem Vítimas        ,Pleno dia,Ceu Claro,Simples ,Rural ,Caminhonete,Ileso       ,48.0,Masculino
903162,08/05/2011,RN,406,CEARA-MIRIM,Não guardar distância de segurança,Colisão traseira,Sem Vítimas        ,Pleno dia,Ceu Claro,Simples ,Rural ,Automóvel,Ignorado    ,-1.0,Inválido
903276,08/05/2011,RN,304,FERNANDO PEDROZA,Falta de atenção,Colisão frontal,Com Vítimas Fatais ,Pleno dia,Ceu Claro,Simples ,Rural ,Caminhão-Trator,Ileso       ,45.0,Masculino
903276,08/05/2011,RN,304,FERNANDO PEDROZA,Falta de atenção,Colisão frontal,Com Vítimas Fatais ,Pleno dia,Ceu Claro,Simples ,Rural ,Automóvel,Ferido Leve ,25.0,Masculino
903276,08/05/2011,RN,304,FERNANDO PEDROZA,Falta de atenção,Colisão frontal,Com Vítimas Fatais ,Pleno dia,Ceu Claro,Simples ,Rural ,Automóvel,Morto       ,21.0,Masculino
903320,08/05/2011,RN,101,PARNAMIRIM,Ingestão de álcool,Colisão lateral,Sem Vítimas        ,Plena noite,Ceu Claro,Múltipla,Urbano,Automóvel,Ileso       ,35.0,Masculino
903320,08/05/2011,RN,101,PARNAMIRIM,Ingestão de álcool,Colisão lateral,Sem Vítimas        ,Plena noite,Ceu Claro,Múltipla,Urbano,Motocicletas,Ileso       ,19.0,Masculino
903324,08/05/2011,RN,101,SAO GONCALO DO AMARANTE,Outras,Colisão com objeto fixo,Com Vítimas Fatais ,Pleno dia,Ceu Claro,Simples ,Urbano,Motocicletas,Morto       ,52.0,Masculino
903333,24/04/2011,RN,101,PARNAMIRIM,Falta de atenção,Colisão traseira,Sem Vítimas        ,Pleno dia,Ceu Claro,Dupla   ,Urbano,Automóvel,Ileso       ,-1.0,Masculino
903333,24/04/2011,RN,101,PARNAMIRIM,Falta de atenção,Colisão traseira,Sem Vítimas        ,Pleno dia,Ceu Claro,Dupla   ,Urbano,Automóvel,Ileso       ,-1.0,Masculino
903346,08/05/2011,RN,226,SENADOR ELOI DE SOUZA,Outras,Colisão frontal,Com Vítimas Fatais ,Pleno dia,Ceu Claro,Simples ,Rural ,Automóvel,Ferido Grave,60.0,Masculino