id,data_inversa,uf,br,municipio,causa_acidente,tipo_acidente,classificacao_acidente,fase_dia,condicao_metereologica,tipo_pista,uso_solo,tipo_veiculo,estado_fisico,idade,sexo
903346,08/05/2011,RN,226,SENADOR ELOI DE SOUZA,Outras,Colisão frontal,Com Vítimas Fatais ,Pleno dia,Ceu Claro,Simples ,Rural ,Motocicletas,Morto       ,14.0,Masculino
903346,08/05/2011,RN,226,SENADOR ELOI DE SOUZA,Outras,Colisão frontal,Com Vítimas Fatais ,Pleno dia,Ceu Claro,Simples ,Rural ,Motocicletas,Morto       ,30.0,Masculino
903396,08/05/2011,RN,101,NATAL,Outras,Atropelamento de pessoa,Com Vítimas Feridas,Plena noite,Vento,Dupla   ,Urbano,Automóvel,Ignorado    ,-1.0,Inválido
903396,08/05/2011,RN,101,NATAL,Outras,Atropelamento de pessoa,Com Vítimas Feridas,Plena noite,Vento,Dupla   ,Urbano,(null),Ferido Grave,28.0,Masculino
903461,05/05/2011,RN,110,MOSSORO,Falta de atenção,Colisão Transversal,Sem Vítimas        ,Plena noite,Nublado,Dupla   ,Urbano,Caminhonete,Ileso       ,19.0,Masculino
903461,05/05/2011,RN,110,MOSSORO,Falta de atenção,Colisão Transversal,Sem Vítimas        ,Plena noite,Nublado,Dupla   ,Urbano,Ônibus,Ileso       ,36.0,Masculino
903497,06/05/2011,RN,101,PARNAMIRIM,Falta de atenção,Colisão traseira,Sem Vítimas        ,Pleno dia,Chuva,Dupla   ,Urbano,Caminhonete,Ileso       ,24.0,Masculino
903497,06/05/2011,RN,101,PARNAMIRIM,Falta de atenção,Colisão traseira,Sem Vítimas        ,Pleno dia,Chuva,Dupla   ,Urbano,Automóvel,Ileso       ,53.0,Masculino
903658,01/05/2011,RN,304,MOSSORO,Outras,Colisão com objeto fixo,Ignorado           ,Plena noite,Nublado,Simples ,Urbano,Automóvel,Ignorado    ,-1.0,Inválido
903661,06/05/2011,RN,304,MOSSORO,Ingestão de álcool,Colisão com objeto fixo,Com Vítimas Feridas,Plena noite,Nublado,Simples ,Urbano,Motocicletas,Ferido Leve ,31.0,Masculino
903685,06/05/2011,RN,101,NATAL,Outras,Colisão traseira,Com Vítimas Feridas,Pleno dia,Ceu Claro,Múltipla,Urbano,Automóvel,Ileso       ,19.0,Feminino
903685,06/05/2011,RN,101,NATAL,Outras,Colisão traseira,Com Vítimas Feridas,Pleno dia,Ceu Claro,Múltipla,Urbano,Ciclomotor,Ferido Leve ,38.0,Masculino
903702,09/05/2011,RN,101,NATAL,Outras,Colisão frontal,Sem Vítimas        ,Plena noite,Nublado,Dupla   ,Urbano,Automóvel,Ileso       ,54.0,Masculino
903702,09/05/2011,RN,101,NATAL,Outras,Colisão frontal,Sem Vítimas        ,Plena noite,Nublado,Dupla   ,Urbano,Automóvel,Ileso       ,38.0,Feminino
903775,09/05/2011,RN,101,NATAL,Falta de atenção,Colisão Transversal,Sem Vítimas        ,Pleno dia,Nublado,Dupla   ,Urbano,Automóvel,Ileso       ,50.0,Feminino
903775,09/05/2011,RN,101,NATAL,Falta de atenção,Colisão Transversal,Sem Vítimas        ,Pleno dia,Nublado,Dupla   ,Urbano,Automóvel,Ileso       ,36.0,Feminino
903790,09/05/2011,RN,101,PARNAMIRIM,Falta de atenção,Colisão Transversal,Sem Vítimas        ,Pleno dia,Chuva,Dupla   ,Urbano,Camioneta,Ileso       ,42.0,Masculino
903790,09/05/2011,RN,101,PARNAMIRIM,Falta de atenção,Colisão Transversal,Sem Vítimas        ,Pleno dia,Chuva,Dupla   ,Urbano,Camioneta,Ileso       ,40.0,Feminino
903868,09/05/2011,RN,304,PARNAMIRIM,Outras,Colisão com objeto fixo,Sem Vítimas        ,Pleno dia,Chuva,Dupla   ,Urbano,Automóvel,Ileso       ,43.0,Masculino
903893,09/05/2011,RN,101,NATAL,Velocidade incompatível,Atropelamento de pessoa,Com Vítimas Feridas,Pleno dia,Chuva,Dupla   ,Urbano,Ônibus,Ileso       ,35.0,Masculino
903893,09/05/2011,RN,101,NATAL,Velocidade incompatível,Atropelamento de pessoa,Com Vítimas Feridas,Pleno dia,Chuva,Dupla   ,Urbano,(null),Ferido Grave,33.0,Feminino
903893,09/05/2011,RN,101,NATAL,Velocidade incompatível,Atropelamento de pessoa,Com Vítimas Feridas,Pleno dia,Chuva,Dupla   ,Urbano,(null),Ferido Grave,19.0,Feminino
903896,05/05/2011,RN,101,PARNAMIRIM,Falta de atenção,Colisão traseira,Sem Vítimas        ,Pleno dia,Nublado,Dupla   ,Urbano,Automóvel,Ileso       ,56.0,Feminino
903896,05/05/2011,RN,101,PARNAMIRIM,Falta de atenção,Colisão traseira,Sem Vítimas        ,Pleno dia,Nublado,Dupla   ,Urbano,Automóvel,Ileso       ,31.0,Masculino
903919,09/05/2011,RN,101,NATAL,Falta de atenção,Colisão traseira,Sem Vítimas        ,Pleno dia,Chuva,Múltipla,Urbano,Camioneta,Ileso       ,25.0,Masculino
903919,09/05/2011,RN,101,NATAL,Falta de atenção,Colisão traseira,Sem Vítimas        ,Pleno dia,Chuva,Múltipla,Urbano,Automóvel,Ileso       ,67.0,Masculino
903977,09/05/2011,RN,101,PARNAMIRIM,Não guardar distância de segurança,Colisão traseira,Sem Vítimas        ,Pleno dia,Sol,Dupla   ,Urbano,Automóvel,Ileso       ,37.0,Masculino
903977,09/05/2011,RN,101,PARNAMIRIM,Não guardar distância de segurança,Colisão traseira,Sem Vítimas        ,Pleno dia,Sol,Dupla   ,Urbano,Automóvel,Ileso       ,33.0,Masculino
903992,09/05/2011,RN,405,MOSSORO,Ingestão de álcool,Colisão com bicicleta,Com Vítimas Feridas,Pleno dia,Nublado,Dupla   ,Urbano,Motocicletas,Ferido Leve ,-1.0,Masculino
903992,09/05/2011,RN,405,MOSSORO,Ingestão de álcool,Colisão com bicicleta,Com Vítimas Feridas,Pleno dia,Nublado,Dupla   ,Urbano,Bicicleta,Ferido Leve ,23.0,Masculino
903992,09/05/2011,RN,405,MOSSORO,Ingestão de álcool,Colisão com bicicleta,Com Vítimas Feridas,Pleno dia,Nublado,Dupla   ,Urbano,Bicicleta,Ferido Grave,25.0,Feminino
903992,09/05/2011,RN,405,MOSSORO,Ingestão de álcool,Colisão com bicicleta,Com Vítimas Feridas,Pleno dia,Nublado,Dupla   ,Urbano,Bicicleta,Ferido Leve ,0.0,Feminino
904001,09/05/2011,RN,101,SAO GONCALO DO AMARANTE,Falta de atenção,Colisão lateral,Sem Vítimas        ,Pleno dia,Chuva,Múltipla,Urbano,Automóvel,Ileso       ,57.0,Masculino
904001,09/05/2011,RN,101,SAO GONCALO DO AMARANTE,Falta de atenção,Colisão lateral,Sem Vítimas        ,Pleno dia,Chuva,Múltipla,Urbano,Caminhão,Ileso       ,68.0,Masculino
904021,09/05/2011,RN,304,ANGICOS,Outras,Saída de Pista,Com Vítimas Feridas,Pleno dia,Chuva,Simples ,Rural ,Automóvel,Ileso       ,52.0,Masculino
904021,09/05/2011,RN,304,ANGICOS,Outras,Saída de Pista,Com Vítimas Feridas,Pleno dia,Chuva,Simples ,Rural ,Automóvel,Ferido Grave,-1.0,Feminino
904026,09/05/2011,RN,304,MOSSORO,Animais na Pista,Atropelamento de animal,Sem Vítimas        ,Plena noite,Nublado,Simples ,Rural ,Caminhonete,Ileso       ,29.0,Masculino
904160,09/05/2011,RN,101,NATAL,Não guardar distância de segurança,Colisão lateral,Sem Vítimas        ,Plena noite,Ignorada,Dupla   ,Urbano,Automóvel,Ileso       ,43.0,Masculino
904160,09/05/2011,RN,101,NATAL,Não guardar distância de segurança,Colisão lateral,Sem Vítimas        ,Plena noite,Ignorada,Dupla   ,Urbano,Camioneta,Ileso       ,54.0,Masculino
904177,06/05/2011,RN,101,NATAL,Falta de atenção,Colisão lateral,Sem Vítimas        ,Pleno dia,Nublado,Dupla   ,Urbano,Automóvel,Ileso       ,51.0,Masculino
904177,06/05/2011,RN,101,NATAL,Falta de atenção,Colisão lateral,Sem Vítimas        ,Pleno dia,Nublado,Dupla   ,Urbano,Automóvel,Ileso       ,30.0,Masculino
904233,05/05/2011,RN,405,APODI,Outras,Colisão frontal,Com Vítimas Feridas,Pleno dia,Nublado,Simples ,Rural ,Automóvel,Ferido Grave,43.0,Masculino
904233,05/05/2011,RN,405,APODI,Outras,Colisão frontal,Com Vítimas Feridas,Pleno dia,Nublado,Simples ,Rural ,Automóvel,Ferido Leve ,23.0,Masculino
904306,06/05/2011,RN,406,TAIPU,Animais na Pista,Atropelamento de animal,Com Vítimas Fatais ,Plena noite,Nublado,Simples ,Rural ,Motocicletas,Morto       ,24.0,Masculino
904332,10/05/2011,RN,101,NATAL,Outras,Atropelamento de pessoa,Com Vítimas Feridas,Pleno dia,Nublado,Múltipla,Urbano,Motocicletas,Ferido Leve ,47.0,Masculino
904332,10/05/2011,RN,101,NATAL,Outras,Atropelamento de pessoa,Com Vítimas Feridas,Pleno dia,Nublado,Múltipla,Urbano,Motocicletas,Ferido Leve ,20.0,Masculino
904332,10/05/2011,RN,101,NATAL,Outras,Atropelamento de pessoa,Com Vítimas Feridas,Pleno dia,Nublado,Múltipla,Urbano,(null),Ferido Grave,69.0,Masculino
904369,28/04/2011,RN,101,PARNAMIRIM,Falta de atenção,Colisão Transversal,Com Vítimas Feridas,Pleno dia,Ceu Claro,Dupla   ,Urbano,Camioneta,Ileso       ,40.0,Masculino
904369,28/04/2011,RN,101,PARNAMIRIM,Falta de atenção,Colisão Transversal,Com Vítimas Feridas,Pleno dia,Ceu Claro,Dupla   ,Urbano,Motocicletas,Ferido Leve ,24.0,Masculino
904369,28/04/2011,RN,101,PARNAMIRIM,Falta de atenção,Colisão Transversal,Com Vítimas Feridas,Pleno dia,Ceu Claro,Dupla   ,Urbano,Motocicletas,Ferido Leve ,-1.0,Feminino
904406,06/05/2011,RN,101,NATAL,Falta de atenção,Colisão traseira,Sem Vítimas        ,Pleno dia,Nublado,Dupla   ,Urbano,Automóvel,Ileso       ,31.0,Masculino
904406,06/05/2011,RN,101,NATAL,Falta de atenção,Colisão traseira,Sem Vítimas        ,Pleno dia,Nublado,Dupla   ,Urbano,Automóvel,Ileso       ,49.0,Feminino
904406,06/05/2011,RN,101,NATAL,Falta de atenção,Colisão traseira,Sem Vítimas        ,Pleno dia,Nublado,Dupla   ,Urbano,Automóvel,Ileso       ,62.0,Masculino
904440,06/05/2011,RN,304,MOSSORO,Desobediência à sinalização,Colisão Transversal,Com Vítimas Feridas,Pleno dia,Sol,Simples ,Urbano,Motocicletas,Ferido Leve ,41.0,Masculino
904440,06/05/2011,RN,304,MOSSORO,Desobediência à sinalização,Colisão Transversal,Com Vítimas Feridas,Pleno dia,Sol,Simples ,Urbano,Automóvel,Ileso       ,47.0,Masculino
904449,06/03/2011,RN,406,JOAO CAMARA,Outras,Colisão traseira,Com Vítimas Fatais ,Pleno dia,Sol,Simples ,Rural ,Automóvel,Ileso       ,29.0,Masculino
904449,06/03/2011,RN,406,JOAO CAMARA,Outras,Colisão traseira,Com Vítimas Fatais ,Pleno dia,Sol,Simples ,Rural ,Motocicletas,Morto       ,29.0,Masculino
904590,10/05/2011,RN,101,NATAL,Falta de atenção,Colisão Transversal,Com Vítimas Feridas,Pleno dia,Ceu Claro,Múltipla,Urbano,Automóvel,Ileso       ,74.0,Masculino
904590,10/05/2011,RN,101,NATAL,Falta de atenção,Colisão Transversal,Com Vítimas Feridas,Pleno dia,Ceu Claro,Múltipla,Urbano,Motocicletas,Ferido Leve ,51.0,Feminino
904592,10/05/2011,RN,110,MOSSORO,Outras,Atropelamento de pessoa,Com Vítimas Feridas,Pleno dia,Nublado,Simples ,Urbano,(null),Ferido Leve ,20.0,Feminino
904592,10/05/2011,RN,110,MOSSORO,Outras,Atropelamento de pessoa,Com Vítimas Feridas,Pleno dia,Nublado,Simples ,Urbano,Motocicletas,Ileso       ,34.0,Masculino
904612,07/05/2011,RN,304,FERNANDO PEDROZA,Outras,Colisão com bicicleta,Com Vítimas Fatais ,Anoitecer,Ignorada,Simples ,Rural ,Bicicleta,Morto       ,49.0,Masculino
904612,07/05/2011,RN,304,FERNANDO PEDROZA,Outras,Colisão com bicicleta,Com Vítimas Fatais ,Anoitecer,Ignorada,Simples ,Rural ,Automóvel,Ignorado    ,-1.0,Inválido
904663,10/05/2011,RN,101,NATAL,Não guardar distância de segurança,Colisão traseira,Sem Vítimas        ,Plena noite,Chuva,Dupla   ,Urbano,Automóvel,Ileso       ,35.0,Masculino
904663,10/05/2011,RN,101,NATAL,Não guardar distância de segurança,Colisão traseira,Sem Vítimas        ,Plena noite,Chuva,Dupla   ,Urbano,Automóvel,Ileso       ,59.0,Masculino
904682,08/05/2011,RN,304,MOSSORO,Outras,Colisão Transversal,Sem Vítimas        ,Anoitecer,Nublado,Simples ,Urbano,Automóvel,Ignorado    ,-1.0,Inválido
904682,08/05/2011,RN,304,MOSSORO,Outras,Colisão Transversal,Sem Vítimas        ,Anoitecer,Nublado,Simples ,Urbano,Camioneta,Ileso       ,-1.0,Masculino
904774,10/05/2011,RN,226,BOM JESUS,Outras,Saída de Pista,Sem Vítimas        ,Plena noite,Chuva,Simples ,Rural ,Caminhonete,Ileso       ,44.0,Masculino
904813,08/05/2011,RN,101,PARNAMIRIM,Velocidade incompatível,Colisão com objeto fixo,Ignorado           ,Plena noite,Chuva,Dupla   ,Urbano,Automóvel,Ignorado    ,31.0,Masculino
904830,06/05/2011,RN,304,ITAJA,Animais na Pista,Atropelamento de animal,Sem Vítimas        ,Plena noite,Ceu Claro,Simples ,Rural ,Automóvel,Ileso       ,28.0,Masculino
904832,08/05/2011,RN,101,NATAL,Outras,Colisão com objeto fixo,Sem Vítimas        ,Plena noite,Nublado,Múltipla,Urbano,Automóvel,Ileso       ,43.0,Masculino
904832,08/05/2011,RN,101,NATAL,Outras,Colisão com objeto fixo,Sem Vítimas        ,Plena noite,Nublado,Múltipla,Urbano,(null),Ileso       ,-1.0,Inválido
904883,04/05/2011,RN,110,MOSSORO,Ingestão de álcool,Colisão Transversal,Com Vítimas Feridas,Plena noite,Ceu Claro,Simples ,Urbano,Automóvel,Ileso       ,29.0,Masculino
904883,04/05/2011,RN,110,MOSSORO,Ingestão de álcool,Colisão Transversal,Com Vítimas Feridas,Plena noite,Ceu Claro,Simples ,Urbano,Automóvel,Ileso       ,30.0,Masculino
904883,04/05/2011,RN,110,MOSSORO,Ingestão de álcool,Colisão Transversal,Com Vítimas Feridas,Plena noite,Ceu Claro,Simples ,Urbano,Automóvel,Ferido Leve ,-1.0,Feminino
904938,07/05/2011,RN,304,MOSSORO,Falta de atenção,Colisão Transversal,Com Vítimas Fatais ,Anoitecer,Ceu Claro,Simples ,Rural ,Caminhão,Ileso       ,41.0,Masculino
904938,07/05/2011,RN,304,MOSSORO,Falta de atenção,Colisão Transversal,Com Vítimas Fatais ,Anoitecer,Ceu Claro,Simples ,Rural ,Ciclomotor,Morto       ,58.0,Masculino
904944,03/05/2011,RN,101,NATAL,Outras,Colisão lateral,Sem Vítimas        ,Plena noite,Chuva,Dupla   ,Urbano,Automóvel,Ileso       ,32.0,Feminino
904944,03/05/2011,RN,101,NATAL,Outras,Colisão lateral,Sem Vítimas        ,Plena noite,Chuva,Dupla   ,Urbano,Caminhão-Trator,Ileso       ,53.0,Masculino
904944,03/05/2011,RN,101,NATAL,Outras,Colisão lateral,Sem Vítimas        ,Plena noite,Chuva,Dupla   ,Urbano,Automóvel,Ileso       ,54.0,Masculino
904944,03/05/2011,RN,101,NATAL,Outras,Colisão lateral,Sem Vítimas        ,Plena noite,Chuva,Dupla   ,Urbano,Automóvel,Ileso       ,22.0,Masculino
904962,11/05/2011,RN,101,SAO GONCALO DO AMARANTE,Falta de atenção,Colisão traseira,Sem Vítimas        ,Pleno dia,Sol,Dupla   ,Urbano,Camioneta,Ileso       ,31.0,Masculino
904962,11/05/2011,RN,101,SAO GONCALO DO AMARANTE,Falta de atenção,Colisão traseira,Sem Vítimas        ,Pleno dia,Sol,Dupla   ,Urbano,Automóvel,Ileso       ,58.0,Masculino
904962,11/05/2011,RN,101,SAO GONCALO DO AMARANTE,Falta de atenção,Colisão traseira,Sem Vítimas        ,Pleno dia,Sol,Dupla   ,Urbano,Automóvel,Ileso       ,29.0,Feminino
904965,07/05/2011,RN,226,CAMPO REDONDO,Falta de atenção,Colisão traseira,Sem Vítimas        ,Pleno dia,Ceu Claro,Simples ,Rural ,Caminhão,Ileso       ,48.0,Masculino
904965,07/05/2011,RN,226,CAMPO REDONDO,Falta de atenção,Colisão traseira,Sem Vítimas        ,Pleno dia,Ceu Claro,Simples ,Rural ,Automóvel,Ileso       ,44.0,Feminino
905022,07/05/2011,RN,226,CAMPO GRANDE,Ingestão de álcool,Colisão frontal,Com Vítimas Feridas,Pleno dia,Sol,Simples ,Rural ,Motocicletas,Ferido Leve ,40.0,Masculino
905022,07/05/2011,RN,226,CAMPO GRANDE,Ingestão de álcool,Colisão frontal,Com Vítimas Feridas,Pleno dia,Sol,Simples ,Rural ,Caminhonete,Ignorado    ,-1.0,Inválido
905045,11/05/2011,RN,101,NATAL,Falta de atenção,Colisão traseira,Sem Vítimas        ,Pleno dia,Sol,Múltipla,Urbano,Automóvel,Ileso       ,30.0,Feminino
905045,11/05/2011,RN,101,NATAL,Falta de atenção,Colisão traseira,Sem Vítimas        ,Pleno dia,Sol,Múltipla,Urbano,Automóvel,Ileso       ,64.0,Masculino
905196,11/05/2011,RN,101,NATAL,Outras,Colisão lateral,Sem Vítimas        ,Plena noite,Ceu Claro,Múltipla,Urbano,Automóvel,Ileso       ,29.0,Masculino
905196,11/05/2011,RN,101,NATAL,Outras,Colisão lateral,Sem Vítimas        ,Plena noite,Ceu Claro,Múltipla,Urbano,Automóvel,Ileso       ,23.0,Masculino
905327,11/05/2011,RN,427,CAICO,Defeito mecânico em veículo,Queda de motocicleta / bicicleta / veículo,Com Vítimas Feridas,Plena noite,Ceu Claro,Simples ,Urbano,Ciclomotor,Ferido Grave,23.0,Masculino
905389,30/04/2011,RN,226,CAMPO REDONDO,Ultrapassagem indevida,Colisão lateral,Com Vítimas Fatais ,Plena noite,Nublado,Simples ,Rural ,Motocicletas,Morto       ,39.0,Masculino
905389,30/04/2011,RN,226,CAMPO REDONDO,Ultrapassagem indevida,Colisão lateral,Com Vítimas Fatais ,Plena noite,Nublado,Simples ,Rural ,Não identificado,Ignorado    ,-1.0,Inválido
905389,30/04/2011,RN,226,CAMPO REDONDO,Ultrapassagem indevida,Colisão lateral,Com Vítimas Fatais ,Plena noite,Nublado,Simples ,Rural ,Caminhão-Trator,Ignorado    ,-1.0,Inválido
905395,24/04/2011,RN,304,MACAIBA,Não guardar distância de segurança,Colisão traseira,Sem Vítimas        ,Plena noite,Chuva,Simples ,Rural ,Microônibus,Ileso       ,-1.0,Masculino
905395,24/04/2011,RN,304,MACAIBA,Não guardar distância de segurança,Colisão traseira,Sem Vítimas        ,Plena noite,Chuva,Simples ,Rural ,Automóvel,Ileso       ,-1.0,Masculino
905395,24/04/2011,RN,304,MACAIBA,Não guardar distância de segurança,Colisão traseira,Sem Vítimas        ,Plena noite,Chuva,Simples ,Rural ,Automóvel,Ileso       ,-1.0,Masculino
905446,12/05/2011,RN,110,MOSSORO,Não guardar distância de segurança,Colisão traseira,Sem Vítimas        ,Pleno dia,Ceu Claro,Simples ,Urbano,Caminhão,Ileso       ,37.0,Masculino
905446,12/05/2011,RN,110,MOSSORO,Não guardar distância de segurança,Colisão traseira,Sem Vítimas        ,Pleno dia,Ceu Claro,Simples ,Urbano,Automóvel,Ileso       ,45.0,Masculino
905446,12/05/2011,RN,110,MOSSORO,Não guardar distância de segurança,Colisão traseira,Sem Vítimas        ,Pleno dia,Ceu Claro,Simples ,Urbano,Automóvel,Ileso       ,34.0,Masculino
905446,12/05/2011,RN,110,MOSSORO,Não guardar distância de segurança,Colisão traseira,Sem Vítimas        ,Pleno dia,Ceu Claro,Simples ,Urbano,Caminhão,Ileso       ,26.0,Masculino
905462,01/05/2011,RN,101,SAO JOSE DE MIPIBU,Outras,Capotamento,Sem Vítimas        ,Plena noite,Chuva,Dupla   ,Rural ,Automóvel,Ileso       ,41.0,Masculino
905525,04/05/2011,RN,101,PARNAMIRIM,Outras,Colisão traseira,Sem Vítimas        ,Pleno dia,Chuva,Dupla   ,Urbano,Automóvel,Ileso       ,20.0,Feminino
905525,04/05/2011,RN,101,PARNAMIRIM,Outras,Colisão traseira,Sem Vítimas        ,Pleno dia,Chuva,Dupla   ,Urbano,Automóvel,Ileso       ,27.0,Masculino
905530,08/05/2011,RN,304,MOSSORO,Outras,Colisão lateral,Sem Vítimas        ,Pleno dia,Nublado,Simples ,Urbano,Automóvel,Ileso       ,43.0,Masculino
905530,08/05/2011,RN,304,MOSSORO,Outras,Colisão lateral,Sem Vítimas        ,Pleno dia,Nublado,Simples ,Urbano,Automóvel,Ignorado    ,-1.0,Masculino
905541,08/05/2011,RN,101,NATAL,Outras,Atropelamento de pessoa,Com Vítimas Fatais ,Pleno dia,Ceu Claro,Dupla   ,Urbano,Caminhonete,Ileso       ,27.0,Masculino
905541,08/05/2011,RN,101,NATAL,Outras,Atropelamento de pessoa,Com Vítimas Fatais ,Pleno dia,Ceu Claro,Dupla   ,Urbano,(null),Morto       ,80.0,Masculino
905590,08/05/2011,RN,101,NATAL,Não guardar distância de segurança,Colisão traseira,Sem Vítimas        ,Pleno dia,Ceu Claro,Dupla   ,Urbano,Camioneta,Ileso       ,46.0,Masculino
905590,08/05/2011,RN,101,NATAL,Não guardar distância de segurança,Colisão traseira,Sem Vítimas        ,Pleno dia,Ceu Claro,Dupla   ,Urbano,Automóvel,Ileso       ,28.0,Masculino
905758,01/05/2011,RN,101,PARNAMIRIM,Falta de atenção,Colisão traseira,Com Vítimas Feridas,Plena noite,Chuva,Dupla   ,Urbano,Automóvel,Ileso       ,20.0,Masculino
905758,01/05/2011,RN,101,PARNAMIRIM,Falta de atenção,Colisão traseira,Com Vítimas Feridas,Plena noite,Chuva,Dupla   ,Urbano,Ônibus,Ileso       ,33.0,Masculino
905758,01/05/2011,RN,101,PARNAMIRIM,Falta de atenção,Colisão traseira,Com Vítimas Feridas,Plena noite,Chuva,Dupla   ,Urbano,Caminhão,Ileso       ,38.0,Masculino
905758,01/05/2011,RN,101,PARNAMIRIM,Falta de atenção,Colisão traseira,Com Vítimas Feridas,Plena noite,Chuva,Dupla   ,Urbano,Ônibus,Ferido Leve ,22.0,Masculino
905758,01/05/2011,RN,101,PARNAMIRIM,Falta de atenção,Colisão traseira,Com Vítimas Feridas,Plena noite,Chuva,Dupla   ,Urbano,Ônibus,Ferido Leve ,19.0,Masculino
905760,08/05/2011,RN,405,GOVERNADOR DIX-SEPT ROSADO,Ultrapassagem indevida,Capotamento,Sem Vítimas        ,Pleno dia,Ceu Claro,Simples ,Rural ,Camioneta,Ileso       ,37.0,Masculino
905760,08/05/2011,RN,405,GOVERNADOR DIX-SEPT ROSADO,Ultrapassagem indevida,Capotamento,Sem Vítimas        ,Pleno dia,Ceu Claro,Simples ,Rural ,Automóvel,Ileso       ,32.0,Masculino
905804,12/05/2011,RN,101,PARNAMIRIM,Outras,Colisão traseira,Com Vítimas Feridas,Anoitecer,Ceu Claro,Dupla   ,Urbano,Automóvel,Ileso       ,26.0,Masculino
905804,12/05/2011,RN,101,PARNAMIRIM,Outras,Colisão traseira,Com Vítimas Feridas,Anoitecer,Ceu Claro,Dupla   ,Urbano,Motocicletas,Ferido Grave,28.0,Feminino
905804,12/05/2011,RN,101,PARNAMIRIM,Outras,Colisão traseira,Com Vítimas Feridas,Anoitecer,Ceu Claro,Dupla   ,Urbano,Automóvel,Ileso       ,44.0,Feminino
905852,12/05/2011,RN,101,GOIANINHA,Outras,Colisão Transversal,Sem Vítimas        ,Pleno dia,Ceu Claro,Simples ,Rural ,Caminhão,Ileso       ,24.0,Masculino
905852,12/05/2011,RN,101,GOIANINHA,Outras,Colisão Transversal,Sem Vítimas        ,Pleno dia,Ceu Claro,Simples ,Rural ,Automóvel,Ileso       ,29.0,Masculino
905877,12/05/2011,RN,101,NATAL,Falta de atenção,Colisão traseira,Sem Vítimas        ,Pleno dia,Ceu Claro,Múltipla,Urbano,Automóvel,Ileso       ,19.0,Feminino
905877,12/05/2011,RN,101,NATAL,Falta de atenção,Colisão traseira,Sem Vítimas        ,Pleno dia,Ceu Claro,Múltipla,Urbano,Automóvel,Ileso       ,21.0,Feminino
905982,10/05/2011,RN,304,MACAIBA,Falta de atenção,Colisão traseira,Sem Vítimas        ,Plena noite,Chuva,Dupla   ,Rural ,Automóvel,Ileso       ,31.0,Masculino
905982,10/05/2011,RN,304,MACAIBA,Falta de atenção,Colisão traseira,Sem Vítimas        ,Plena noite,Chuva,Dupla   ,Rural ,Caminhão,Ignorado    ,-1.0,Inválido
905998,21/04/2011,RN,110,MOSSORO,Outras,Colisão traseira,Com Vítimas Feridas,Plena noite,Nublado,Simples ,Urbano,Automóvel,Ileso       ,45.0,Feminino
905998,21/04/2011,RN,110,MOSSORO,Outras,Colisão traseira,Com Vítimas Feridas,Plena noite,Nublado,Simples ,Urbano,Automóvel,Ferido Leve ,34.0,Masculino
906080,13/05/2011,RN,101,EXTREMOZ,Animais na Pista,Atropelamento de animal,Sem Vítimas        ,Pleno dia,Ceu Claro,Simples ,Rural ,Automóvel,Ileso       ,25.0,Masculino
906115,13/05/2011,RN,110,MOSSORO,Falta de atenção,Colisão Transversal,Sem Vítimas        ,Plena noite,Sol,Simples ,Urbano,Automóvel,Ileso       ,23.0,Masculino
906115,13/05/2011,RN,110,MOSSORO,Falta de atenção,Colisão Transversal,Sem Vítimas        ,Plena noite,Sol,Simples ,Urbano,Automóvel,Ileso       ,48.0,Masculino
906202,11/05/2011,RN,110,MOSSORO,Outras,Colisão traseira,Com Vítimas Feridas,Pleno dia,Ceu Claro,Simples ,Rural ,Automóvel,Ileso       ,38.0,Masculino
906202,11/05/2011,RN,110,MOSSORO,Outras,Colisão traseira,Com Vítimas Feridas,Pleno dia,Ceu Claro,Simples ,Rural ,Automóvel,Ferido Leve ,42.0,Masculino
906226,11/05/2011,RN,110,AREIA BRANCA,Animais na Pista,Atropelamento de animal,Sem Vítimas        ,Plena noite,Ceu Claro,Simples ,Rural ,Caminhonete,Ileso       ,29.0,Masculino
906235,13/05/2011,RN,226,NATAL,Outras,Atropelamento de pessoa,Com Vítimas Feridas,Plena noite,Nublado,Simples ,Urbano,Motocicletas,Ileso       ,29.0,Masculino
906235,13/05/2011,RN,226,NATAL,Outras,Atropelamento de pessoa,Com Vítimas Feridas,Plena noite,Nublado,Simples ,Urbano,(null),Ferido Grave,25.0,Feminino
906236,13/05/2011,RN,101,NATAL,Outras,Colisão traseira,Sem Vítimas        ,Plena noite,Ceu Claro,Múltipla,Urbano,Automóvel,Ileso       ,40.0,Feminino
906236,13/05/2011,RN,101,NATAL,Outras,Colisão traseira,Sem Vítimas        ,Plena noite,Ceu Claro,Múltipla,Urbano,Caminhão,Ileso       ,28.0,Masculino
906245,05/05/2011,RN,226,SANTA CRUZ,Não guardar distância de segurança,Colisão traseira,Sem Vítimas        ,Plena noite,Nevoeiro/neblina,Simples ,Rural ,Microônibus,Ileso       ,63.0,Masculino
906245,05/05/2011,RN,226,SANTA CRUZ,Não guardar distância de segurança,Colisão traseira,Sem Vítimas        ,Plena noite,Nevoeiro/neblina,Simples ,Rural ,Caminhão,Ileso       ,56.0,Masculino