id,data_inversa,uf,br,municipio,causa_acidente,tipo_acidente,classificacao_acidente,fase_dia,condicao_metereologica,tipo_pista,uso_solo,tipo_veiculo,estado_fisico,idade,sexo
909492,19/05/2011,RN,101,PARNAMIRIM,Não guardar distância de segurança,Colisão traseira,Sem Vítimas        ,Pleno dia,Ceu Claro,Dupla   ,Urbano,Automóvel,Ileso       ,67.0,Masculino
909616,19/05/2011,RN,406,CEARA-MIRIM,Defeito na via,Danos Eventuais,Sem Vítimas        ,Plena noite,Nublado,Simples ,Rural ,Automóvel,Ileso       ,41.0,Masculino
909642,19/05/2011,RN,304,MOSSORO,Falta de atenção,Colisão lateral,Sem Vítimas        ,Pleno dia,Sol,Simples ,Urbano,Caminhão-Trator,Ileso       ,-1.0,Masculino
909642,19/05/2011,RN,304,MOSSORO,Falta de atenção,Colisão lateral,Sem Vítimas        ,Pleno dia,Sol,Simples ,Urbano,Caminhonete,Ignorado    ,-1.0,Masculino
909665,20/05/2011,RN,427,CURRAIS NOVOS,Animais na Pista,Atropelamento de animal,Sem Vítimas        ,Amanhecer,Nublado,Simples ,Urbano,Automóvel,Ileso       ,25.0,Masculino
909665,20/05/2011,RN,427,CURRAIS NOVOS,Animais na Pista,Atropelamento de animal,Sem Vítimas        ,Amanhecer,Nublado,Simples ,Urbano,Automóvel,Ileso       ,46.0,Feminino
909746,11/05/2011,RN,101,PARNAMIRIM,Falta de atenção,Colisão lateral,Sem Vítimas        ,Plena noite,Chuva,Dupla   ,Urbano,Automóvel,Ileso       ,24.0,Masculino
909746,11/05/2011,RN,101,PARNAMIRIM,Falta de atenção,Colisão lateral,Sem Vítimas        ,Plena noite,Chuva,Dupla   ,Urbano,Caminhão,Ileso       ,43.0,Masculino
909752,18/05/2011,RN,101,SAO JOSE DE MIPIBU,Outras,Colisão frontal,Com Vítimas Feridas,Plena noite,Nublado,Dupla   ,Rural ,Motocicletas,Ferido Grave,25.0,Masculino
909752,18/05/2011,RN,101,SAO JOSE DE MIPIBU,Outras,Colisão frontal,Com Vítimas Feridas,Plena noite,Nublado,Dupla   ,Rural ,Automóvel,Ignorado    ,-1.0,Masculino
909789,04/05/2011,RN,226,MACAIBA,Falta de atenção,Capotamento,Sem Vítimas        ,Pleno dia,Chuva,Simples ,Urbano,Automóvel,Ileso       ,23.0,Masculino
909886,12/05/2011,RN,304,PARNAMIRIM,Outras,Colisão lateral,Sem Vítimas        ,Plena noite,Nublado,Dupla   ,Urbano,Caminhão-Trator,Ileso       ,49.0,Masculino
909886,12/05/2011,RN,304,PARNAMIRIM,Outras,Colisão lateral,Sem Vítimas        ,Plena noite,Nublado,Dupla   ,Urbano,Automóvel,Ileso       ,32.0,Feminino
909947,08/05/2011,RN,226,MACAIBA,Outras,Atropelamento de pessoa,Com Vítimas Feridas,Plena noite,Ceu Claro,Simples ,Rural ,Caminhonete,Ileso       ,-1.0,Masculino
909947,08/05/2011,RN,226,MACAIBA,Outras,Atropelamento de pessoa,Com Vítimas Feridas,Plena noite,Ceu Claro,Simples ,Rural ,(null),Ferido Grave,37.0,Masculino
909984,20/05/2011,RN,101,NATAL,Falta de atenção,Colisão traseira,Sem Vítimas        ,Pleno dia,Chuva,Dupla   ,Urbano,Automóvel,Ileso       ,58.0,Masculino
909984,20/05/2011,RN,101,NATAL,Falta de atenção,Colisão traseira,Sem Vítimas        ,Pleno dia,Chuva,Dupla   ,Urbano,Automóvel,Ileso       ,20.0,Feminino
909984,20/05/2011,RN,101,NATAL,Falta de atenção,Colisão traseira,Sem Vítimas        ,Pleno dia,Chuva,Dupla   ,Urbano,Caminhonete,Ileso       ,43.0,Feminino
909984,20/05/2011,RN,101,NATAL,Falta de atenção,Colisão traseira,Sem Vítimas        ,Pleno dia,Chuva,Dupla   ,Urbano,Automóvel,Ileso       ,23.0,Feminino
910067,20/05/2011,RN,101,BAIA FORMOSA,Defeito na via,Colisão com objeto fixo,Sem Vítimas        ,Pleno dia,Nublado,Dupla   ,Rural ,Automóvel,Ileso       ,26.0,Feminino
910106,20/05/2011,RN,110,MOSSORO,Falta de atenção,Colisão Transversal,Com Vítimas Feridas,Plena noite,Ceu Claro,Simples ,Urbano,Automóvel,Ileso       ,52.0,Masculino
910106,20/05/2011,RN,110,MOSSORO,Falta de atenção,Colisão Transversal,Com Vítimas Feridas,Plena noite,Ceu Claro,Simples ,Urbano,Motocicletas,Ferido Leve ,23.0,Masculino
910247,14/05/2011,RN,101,PARNAMIRIM,Falta de atenção,Colisão lateral,Sem Vítimas        ,Plena noite,Chuva,Dupla   ,Urbano,Ônibus,Ileso       ,33.0,Masculino
910247,14/05/2011,RN,101,PARNAMIRIM,Falta de atenção,Colisão lateral,Sem Vítimas        ,Plena noite,Chuva,Dupla   ,Urbano,Automóvel,Ileso       ,27.0,Feminino
910426,21/05/2011,RN,101,EXTREMOZ,Falta de atenção,Colisão Transversal,Sem Vítimas        ,Pleno dia,Ceu Claro,Simples ,Rural ,Automóvel,Ileso       ,38.0,Feminino
910426,21/05/2011,RN,101,EXTREMOZ,Falta de atenção,Colisão Transversal,Sem Vítimas        ,Pleno dia,Ceu Claro,Simples ,Rural ,Automóvel,Ileso       ,-1.0,Masculino
910426,21/05/2011,RN,101,EXTREMOZ,Falta de atenção,Colisão Transversal,Sem Vítimas        ,Pleno dia,Ceu Claro,Simples ,Rural ,Automóvel,Ileso       ,-1.0,Masculino
910426,21/05/2011,RN,101,EXTREMOZ,Falta de atenção,Colisão Transversal,Sem Vítimas        ,Pleno dia,Ceu Claro,Simples ,Rural ,Não identificado,Ignorado    ,-1.0,Masculino
910481,21/05/2011,RN,101,PARNAMIRIM,Ingestão de álcool,Colisão traseira,Sem Vítimas        ,Pleno dia,Ceu Claro,Dupla   ,Urbano,Automóvel,Ileso       ,62.0,Masculino
910481,21/05/2011,RN,101,PARNAMIRIM,Ingestão de álcool,Colisão traseira,Sem Vítimas        ,Pleno dia,Ceu Claro,Dupla   ,Urbano,Automóvel,Ileso       ,57.0,Masculino
910493,18/05/2011,RN,101,SAO JOSE DE MIPIBU,Dormindo,Tombamento,Com Vítimas Feridas,Plena noite,Nublado,Dupla   ,Rural ,Caminhão-Trator,Ferido Leve ,36.0,Masculino
910512,20/05/2011,RN,110,MOSSORO,Dormindo,Colisão com objeto fixo,Sem Vítimas        ,Plena noite,Ceu Claro,Simples ,Urbano,Automóvel,Ileso       ,-1.0,Masculino
910626,21/05/2011,RN,406,CEARA-MIRIM,Outras,Saída de Pista,Sem Vítimas        ,Pleno dia,Ceu Claro,Simples ,Rural ,Automóvel,Ileso       ,41.0,Masculino
910675,11/05/2011,RN,101,NATAL,Falta de atenção,Colisão traseira,Sem Vítimas        ,Pleno dia,Ceu Claro,Dupla   ,Urbano,Ônibus,Ileso       ,41.0,Masculino
910675,11/05/2011,RN,101,NATAL,Falta de atenção,Colisão traseira,Sem Vítimas        ,Pleno dia,Ceu Claro,Dupla   ,Urbano,Automóvel,Ileso       ,41.0,Feminino
910705,21/05/2011,RN,101,CEARA-MIRIM,Ingestão de álcool,Colisão lateral,Sem Vítimas        ,Plena noite,Ceu Claro,Simples ,Rural ,Automóvel,Ileso       ,23.0,Masculino
910705,21/05/2011,RN,101,CEARA-MIRIM,Ingestão de álcool,Colisão lateral,Sem Vítimas        ,Plena noite,Ceu Claro,Simples ,Rural ,Camioneta,Ileso       ,30.0,Masculino
910712,21/05/2011,RN,304,MOSSORO,Falta de atenção,Colisão frontal,Com Vítimas Feridas,Plena noite,Ceu Claro,Simples ,Urbano,Motocicletas,Ferido Leve ,22.0,Masculino
910712,21/05/2011,RN,304,MOSSORO,Falta de atenção,Colisão frontal,Com Vítimas Feridas,Plena noite,Ceu Claro,Simples ,Urbano,Automóvel,Ignorado    ,-1.0,Inválido
910834,14/05/2011,RN,304,MACAIBA,Ingestão de álcool,Colisão frontal,Sem Vítimas        ,Plena noite,Nublado,Simples ,Urbano,Automóvel,Ileso       ,30.0,Masculino
910834,14/05/2011,RN,304,MACAIBA,Ingestão de álcool,Colisão frontal,Sem Vítimas        ,Plena noite,Nublado,Simples ,Urbano,Automóvel,Ileso       ,46.0,Masculino
910840,18/05/2011,RN,101,NATAL,Falta de atenção,Colisão com objeto fixo,Sem Vítimas        ,Pleno dia,Sol,Múltipla,Urbano,Automóvel,Ileso       ,64.0,Feminino
910846,18/05/2011,RN,226,NATAL,Falta de atenção,Colisão Transversal,Sem Vítimas        ,Plena noite,Chuva,Simples ,Urbano,Automóvel,Ileso       ,30.0,Masculino
910846,18/05/2011,RN,226,NATAL,Falta de atenção,Colisão Transversal,Sem Vítimas        ,Plena noite,Chuva,Simples ,Urbano,Motocicletas,Ignorado    ,-1.0,Masculino
910884,20/05/2011,RN,304,MACAIBA,Outras,Colisão traseira,Sem Vítimas        ,Anoitecer,Ceu Claro,Simples ,Urbano,Automóvel,Ileso       ,32.0,Masculino
910884,20/05/2011,RN,304,MACAIBA,Outras,Colisão traseira,Sem Vítimas        ,Anoitecer,Ceu Claro,Simples ,Urbano,Automóvel,Ileso       ,26.0,Masculino
910930,18/05/2011,RN,101,PARNAMIRIM,Desobediência à sinalização,Colisão traseira,Sem Vítimas        ,Pleno dia,Sol,Dupla   ,Urbano,Caminhão,Ileso       ,25.0,Masculino
910930,18/05/2011,RN,101,PARNAMIRIM,Desobediência à sinalização,Colisão traseira,Sem Vítimas        ,Pleno dia,Sol,Dupla   ,Urbano,Automóvel,Ileso       ,35.0,Feminino
911016,22/05/2011,RN,101,NATAL,Falta de atenção,Atropelamento de pessoa,Com Vítimas Feridas,Anoitecer,Ceu Claro,Dupla   ,Urbano,Motocicletas,Ferido Leve ,29.0,Masculino
911016,22/05/2011,RN,101,NATAL,Falta de atenção,Atropelamento de pessoa,Com Vítimas Feridas,Anoitecer,Ceu Claro,Dupla   ,Urbano,(null),Ferido Leve ,51.0,Masculino
911098,22/05/2011,RN,101,PARNAMIRIM,Ingestão de álcool,Colisão traseira,Sem Vítimas        ,Plena noite,Ceu Claro,Múltipla,Urbano,Caminhonete,Ileso       ,51.0,Masculino
911098,22/05/2011,RN,101,PARNAMIRIM,Ingestão de álcool,Colisão traseira,Sem Vítimas        ,Plena noite,Ceu Claro,Múltipla,Urbano,Caminhonete,Ileso       ,36.0,Masculino
911184,22/05/2011,RN,226,NATAL,Outras,Colisão frontal,Com Vítimas Feridas,Plena noite,Ceu Claro,Simples ,Rural ,Camioneta,Ileso       ,45.0,Masculino
911184,22/05/2011,RN,226,NATAL,Outras,Colisão frontal,Com Vítimas Feridas,Plena noite,Ceu Claro,Simples ,Rural ,Motocicletas,Ferido Grave,36.0,Masculino
911200,22/05/2011,RN,101,PARNAMIRIM,Ingestão de álcool,Colisão lateral,Com Vítimas Feridas,Plena noite,Ceu Claro,Dupla   ,Urbano,Utilitário,Ileso       ,28.0,Feminino
911200,22/05/2011,RN,101,PARNAMIRIM,Ingestão de álcool,Colisão lateral,Com Vítimas Feridas,Plena noite,Ceu Claro,Dupla   ,Urbano,Motocicletas,Ferido Grave,32.0,Masculino
911200,22/05/2011,RN,101,PARNAMIRIM,Ingestão de álcool,Colisão lateral,Com Vítimas Feridas,Plena noite,Ceu Claro,Dupla   ,Urbano,Motocicletas,Ferido Leve ,20.0,Masculino
911229,23/05/2011,RN,101,SAO GONCALO DO AMARANTE,Outras,Colisão com objeto fixo,Ignorado           ,Plena noite,Chuva,Dupla   ,Urbano,Automóvel,Ignorado    ,-1.0,Inválido
911311,10/05/2011,RN,101,NATAL,Desobediência à sinalização,Colisão lateral,Sem Vítimas        ,Pleno dia,Ceu Claro,Dupla   ,Urbano,Automóvel,Ileso       ,41.0,Masculino
911311,10/05/2011,RN,101,NATAL,Desobediência à sinalização,Colisão lateral,Sem Vítimas        ,Pleno dia,Ceu Claro,Dupla   ,Urbano,Automóvel,Ileso       ,22.0,Feminino
911322,19/05/2011,RN,101,PARNAMIRIM,Falta de atenção,Colisão traseira,Sem Vítimas        ,Pleno dia,Chuva,Dupla   ,Urbano,Automóvel,Ileso       ,29.0,Feminino
911322,19/05/2011,RN,101,PARNAMIRIM,Falta de atenção,Colisão traseira,Sem Vítimas        ,Pleno dia,Chuva,Dupla   ,Urbano,Automóvel,Ileso       ,40.0,Masculino
911421,23/05/2011,RN,110,MOSSORO,Falta de atenção,Colisão traseira,Sem Vítimas        ,Pleno dia,Sol,Simples ,Urbano,Caminhonete,Ileso       ,55.0,Masculino
911421,23/05/2011,RN,110,MOSSORO,Falta de atenção,Colisão traseira,Sem Vítimas        ,Pleno dia,Sol,Simples ,Urbano,Caminhão,Ileso       ,35.0,Masculino
911445,23/05/2011,RN,101,NATAL,Desobediência à sinalização,Colisão lateral,Sem Vítimas        ,Pleno dia,Chuva,Múltipla,Urbano,Microônibus,Ileso       ,51.0,Masculino
911445,23/05/2011,RN,101,NATAL,Desobediência à sinalização,Colisão lateral,Sem Vítimas        ,Pleno dia,Chuva,Múltipla,Urbano,Automóvel,Ileso       ,28.0,Masculino
911458,27/04/2011,RN,101,PARNAMIRIM,Outras,Atropelamento de pessoa,Com Vítimas Fatais ,Pleno dia,Nublado,Múltipla,Urbano,Motocicletas,Ferido Grave,38.0,Masculino
911458,27/04/2011,RN,101,PARNAMIRIM,Outras,Atropelamento de pessoa,Com Vítimas Fatais ,Pleno dia,Nublado,Múltipla,Urbano,(null),Morto       ,65.0,Feminino
911466,23/05/2011,RN,101,SAO JOSE DE MIPIBU,Defeito mecânico em veículo,Capotamento,Com Vítimas Feridas,Pleno dia,Chuva,Dupla   ,Urbano,Camioneta,Ferido Leve ,35.0,Masculino
911466,23/05/2011,RN,101,SAO JOSE DE MIPIBU,Defeito mecânico em veículo,Capotamento,Com Vítimas Feridas,Pleno dia,Chuva,Dupla   ,Urbano,Camioneta,Ferido Leve ,43.0,Masculino
911502,07/05/2011,RN,226,CURRAIS NOVOS,Outras,Capotamento,Sem Vítimas        ,Pleno dia,Ceu Claro,Simples ,Rural ,Automóvel,Ileso       ,44.0,Masculino
911627,23/05/2011,RN,101,NATAL,Falta de atenção,Colisão lateral,Sem Vítimas        ,Pleno dia,Nublado,Dupla   ,Urbano,Automóvel,Ileso       ,45.0,Feminino
911627,23/05/2011,RN,101,NATAL,Falta de atenção,Colisão lateral,Sem Vítimas        ,Pleno dia,Nublado,Dupla   ,Urbano,Automóvel,Ileso       ,23.0,Masculino
911775,23/05/2011,RN,427,CURRAIS NOVOS,Falta de atenção,Colisão Transversal,Sem Vítimas        ,Pleno dia,Ceu Claro,Simples ,Urbano,Motocicletas,Ileso       ,48.0,Masculino
911775,23/05/2011,RN,427,CURRAIS NOVOS,Falta de atenção,Colisão Transversal,Sem Vítimas        ,Pleno dia,Ceu Claro,Simples ,Urbano,Motocicletas,Ileso       ,28.0,Masculino
911781,19/05/2011,RN,304,MOSSORO,Falta de atenção,Colisão Transversal,Sem Vítimas        ,Pleno dia,Ceu Claro,Simples ,Rural ,Automóvel,Ileso       ,49.0,Masculino
911781,19/05/2011,RN,304,MOSSORO,Falta de atenção,Colisão Transversal,Sem Vítimas        ,Pleno dia,Ceu Claro,Simples ,Rural ,Automóvel,Ileso       ,55.0,Feminino
911891,20/05/2011,RN,304,MOSSORO,Falta de atenção,Colisão Transversal,Sem Vítimas        ,Pleno dia,Ceu Claro,Simples ,Urbano,Caminhonete,Ileso       ,46.0,Masculino
911891,20/05/2011,RN,304,MOSSORO,Falta de atenção,Colisão Transversal,Sem Vítimas        ,Pleno dia,Ceu Claro,Simples ,Urbano,Automóvel,Ileso       ,-1.0,Masculino
911936,20/05/2011,RN,405,MOSSORO,Desobediência à sinalização,Colisão Transversal,Com Vítimas Feridas,Pleno dia,Ceu Claro,Dupla   ,Urbano,Motocicletas,Ileso       ,43.0,Masculino
911936,20/05/2011,RN,405,MOSSORO,Desobediência à sinalização,Colisão Transversal,Com Vítimas Feridas,Pleno dia,Ceu Claro,Dupla   ,Urbano,Motocicletas,Ferido Grave,37.0,Masculino
911937,20/05/2011,RN,226,MACAIBA,Outras,Colisão frontal,Com Vítimas Feridas,Amanhecer,Chuva,Simples ,Rural ,Automóvel,Ferido Grave,38.0,Masculino
911937,20/05/2011,RN,226,MACAIBA,Outras,Colisão frontal,Com Vítimas Feridas,Amanhecer,Chuva,Simples ,Rural ,Automóvel,Ferido Grave,26.0,Masculino
911937,20/05/2011,RN,226,MACAIBA,Outras,Colisão frontal,Com Vítimas Feridas,Amanhecer,Chuva,Simples ,Rural ,Automóvel,Ferido Grave,23.0,Masculino
911937,20/05/2011,RN,226,MACAIBA,Outras,Colisão frontal,Com Vítimas Feridas,Amanhecer,Chuva,Simples ,Rural ,Automóvel,Ferido Grave,22.0,Masculino
911958,24/05/2011,RN,101,NATAL,Falta de atenção,Colisão lateral,Sem Vítimas        ,Pleno dia,Chuva,Múltipla,Urbano,Automóvel,Ileso       ,46.0,Feminino
911958,24/05/2011,RN,101,NATAL,Falta de atenção,Colisão lateral,Sem Vítimas        ,Pleno dia,Chuva,Múltipla,Urbano,Caminhão,Ileso       ,31.0,Masculino
911960,15/05/2011,RN,101,PARNAMIRIM,Outras,Colisão lateral,Com Vítimas Feridas,Plena noite,Nublado,Dupla   ,Urbano,Motocicletas,Ferido Leve ,23.0,Masculino
911960,15/05/2011,RN,101,PARNAMIRIM,Outras,Colisão lateral,Com Vítimas Feridas,Plena noite,Nublado,Dupla   ,Urbano,Motocicletas,Ferido Leve ,16.0,Masculino
911960,15/05/2011,RN,101,PARNAMIRIM,Outras,Colisão lateral,Com Vítimas Feridas,Plena noite,Nublado,Dupla   ,Urbano,Automóvel,Ileso       ,21.0,Masculino
911968,24/05/2011,RN,101,SAO GONCALO DO AMARANTE,Falta de atenção,Colisão traseira,Sem Vítimas        ,Pleno dia,Chuva,Simples ,Urbano,Automóvel,Ileso       ,44.0,Masculino
911968,24/05/2011,RN,101,SAO GONCALO DO AMARANTE,Falta de atenção,Colisão traseira,Sem Vítimas        ,Pleno dia,Chuva,Simples ,Urbano,Automóvel,Ileso       ,32.0,Masculino
911968,24/05/2011,RN,101,SAO GONCALO DO AMARANTE,Falta de atenção,Colisão traseira,Sem Vítimas        ,Pleno dia,Chuva,Simples ,Urbano,Automóvel,Ileso       ,57.0,Masculino
911970,24/05/2011,RN,427,ACARI,Outras,Colisão com objeto fixo,Sem Vítimas        ,Pleno dia,Ceu Claro,Simples ,Rural ,Camioneta,Ileso       ,28.0,Masculino
911981,24/05/2011,RN,101,PARNAMIRIM,Outras,Colisão com objeto fixo,Com Vítimas Feridas,Plena noite,Chuva,Múltipla,Urbano,Automóvel,Ferido Leve ,34.0,Masculino
912015,20/05/2011,RN,226,SANTA CRUZ,Não guardar distância de segurança,Colisão traseira,Com Vítimas Feridas,Plena noite,Nublado,Simples ,Rural ,Caminhão,Ileso       ,-1.0,Masculino
912015,20/05/2011,RN,226,SANTA CRUZ,Não guardar distância de segurança,Colisão traseira,Com Vítimas Feridas,Plena noite,Nublado,Simples ,Rural ,Motocicletas,Ferido Grave,39.0,Masculino
912066,06/03/2011,RN,101,PARNAMIRIM,Outras,Queda de motocicleta / bicicleta / veículo,Com Vítimas Fatais ,Pleno dia,Nublado,Dupla   ,Urbano,Ônibus,Ileso       ,24.0,Masculino
912066,06/03/2011,RN,101,PARNAMIRIM,Outras,Queda de motocicleta / bicicleta / veículo,Com Vítimas Fatais ,Pleno dia,Nublado,Dupla   ,Urbano,Motoneta,Morto       ,30.0,Masculino
912103,20/05/2011,RN,226,MACAIBA,Falta de atenção,Colisão traseira,Com Vítimas Feridas,Amanhecer,Chuva,Simples ,Rural ,Automóvel,Ileso       ,-1.0,Masculino
912103,20/05/2011,RN,226,MACAIBA,Falta de atenção,Colisão traseira,Com Vítimas Feridas,Amanhecer,Chuva,Simples ,Rural ,Camioneta,Ignorado    ,-1.0,Inválido
912103,20/05/2011,RN,226,MACAIBA,Falta de atenção,Colisão traseira,Com Vítimas Feridas,Amanhecer,Chuva,Simples ,Rural ,(null),Ferido Leve ,36.0,Masculino
912103,20/05/2011,RN,226,MACAIBA,Falta de atenção,Colisão traseira,Com Vítimas Feridas,Amanhecer,Chuva,Simples ,Rural ,(null),Ferido Grave,24.0,Masculino
912103,20/05/2011,RN,226,MACAIBA,Falta de atenção,Colisão traseira,Com Vítimas Feridas,Amanhecer,Chuva,Simples ,Rural ,(null),Ferido Grave,-1.0,Feminino
912118,24/05/2011,RN,101,NATAL,Falta de atenção,Colisão traseira,Sem Vítimas        ,Pleno dia,Chuva,Múltipla,Urbano,Automóvel,Ileso       ,20.0,Masculino
912118,24/05/2011,RN,101,NATAL,Falta de atenção,Colisão traseira,Sem Vítimas        ,Pleno dia,Chuva,Múltipla,Urbano,Automóvel,Ileso       ,50.0,Feminino
912188,24/05/2011,RN,405,MOSSORO,Não guardar distância de segurança,Colisão traseira,Com Vítimas Feridas,Pleno dia,Ceu Claro,Simples ,Rural ,Motocicletas,Ferido Leve ,19.0,Masculino
912188,24/05/2011,RN,405,MOSSORO,Não guardar distância de segurança,Colisão traseira,Com Vítimas Feridas,Pleno dia,Ceu Claro,Simples ,Rural ,Automóvel,Ileso       ,31.0,Masculino
912200,24/05/2011,RN,101,NATAL,Falta de atenção,Colisão lateral,Sem Vítimas        ,Pleno dia,Nublado,Dupla   ,Urbano,Camioneta,Ileso       ,22.0,Masculino
912200,24/05/2011,RN,101,NATAL,Falta de atenção,Colisão lateral,Sem Vítimas        ,Pleno dia,Nublado,Dupla   ,Urbano,Automóvel,Ileso       ,-1.0,Masculino
912283,19/05/2011,RN,101,NATAL,Não guardar distância de segurança,Colisão traseira,Sem Vítimas        ,Plena noite,Vento,Dupla   ,Urbano,Automóvel,Ileso       ,58.0,Masculino
912283,19/05/2011,RN,101,NATAL,Não guardar distância de segurança,Colisão traseira,Sem Vítimas        ,Plena noite,Vento,Dupla   ,Urbano,Automóvel,Ileso       ,37.0,Masculino
912290,24/05/2011,RN,405,MOSSORO,Falta de atenção,Colisão Transversal,Com Vítimas Feridas,Pleno dia,Ceu Claro,Dupla   ,Urbano,Automóvel,Ileso       ,69.0,Masculino
912290,24/05/2011,RN,405,MOSSORO,Falta de atenção,Colisão Transversal,Com Vítimas Feridas,Pleno dia,Ceu Claro,Dupla   ,Urbano,Motoneta,Ferido Grave,41.0,Feminino
912345,24/05/2011,RN,101,NATAL,Defeito mecânico em veículo,Colisão lateral,Sem Vítimas        ,Pleno dia,Ceu Claro,Dupla   ,Urbano,Ônibus,Ileso       ,37.0,Masculino
912345,24/05/2011,RN,101,NATAL,Defeito mecânico em veículo,Colisão lateral,Sem Vítimas        ,Pleno dia,Ceu Claro,Dupla   ,Urbano,Caminhão,Ignorado    ,-1.0,Inválido
912412,22/05/2011,RN,101,PARNAMIRIM,Dormindo,Capotamento,Com Vítimas Feridas,Amanhecer,Nublado,Múltipla,Urbano,Automóvel,Ferido Grave,-1.0,Masculino
912521,22/05/2011,RN,101,CEARA-MIRIM,Ingestão de álcool,Colisão Transversal,Com Vítimas Feridas,Pleno dia,Ceu Claro,Simples ,Rural ,Caminhonete,Ileso       ,44.0,Masculino
912521,22/05/2011,RN,101,CEARA-MIRIM,Ingestão de álcool,Colisão Transversal,Com Vítimas Feridas,Pleno dia,Ceu Claro,Simples ,Rural ,Automóvel,Ferido Leve ,19.0,Masculino
912842,22/05/2011,RN,226,SANTA CRUZ,Dormindo,Capotamento,Com Vítimas Feridas,Amanhecer,Ceu Claro,Simples ,Rural ,Automóvel,Ferido Grave,31.0,Masculino
912855,25/05/2011,RN,101,NATAL,Não guardar distância de segurança,Colisão traseira,Sem Vítimas        ,Pleno dia,Chuva,Múltipla,Urbano,Automóvel,Ileso       ,45.0,Masculino
912855,25/05/2011,RN,101,NATAL,Não guardar distância de segurança,Colisão traseira,Sem Vítimas        ,Pleno dia,Chuva,Múltipla,Urbano,Automóvel,Ileso       ,29.0,Masculino
912863,25/05/2011,RN,101,PARNAMIRIM,Falta de atenção,Colisão traseira,Sem Vítimas        ,Pleno dia,Ceu Claro,Dupla   ,Urbano,Automóvel,Ileso       ,28.0,Feminino
912863,25/05/2011,RN,101,PARNAMIRIM,Falta de atenção,Colisão traseira,Sem Vítimas        ,Pleno dia,Ceu Claro,Dupla   ,Urbano,Automóvel,Ileso       ,37.0,Masculino
912867,22/05/2011,RN,101,NATAL,Desobediência à sinalização,Colisão traseira,Sem Vítimas        ,Amanhecer,Nublado,Simples ,Urbano,Automóvel,Ileso       ,26.0,Masculino
912867,22/05/2011,RN,101,NATAL,Desobediência à sinalização,Colisão traseira,Sem Vítimas        ,Amanhecer,Nublado,Simples ,Urbano,Automóvel,Ileso       ,49.0,Masculino
912871,25/05/2011,RN,101,NATAL,Falta de atenção,Colisão traseira,Com Vítimas Feridas,Pleno dia,Chuva,Dupla   ,Urbano,Não identificado,Ignorado    ,-1.0,Inválido
912871,25/05/2011,RN,101,NATAL,Falta de atenção,Colisão traseira,Com Vítimas Feridas,Pleno dia,Chuva,Dupla   ,Urbano,Automóvel,Ileso       ,32.0,Masculino
912871,25/05/2011,RN,101,NATAL,Falta de atenção,Colisão traseira,Com Vítimas Feridas,Pleno dia,Chuva,Dupla   ,Urbano,Automóvel,Ferido Leve ,24.0,Masculino
912871,25/05/2011,RN,101,NATAL,Falta de atenção,Colisão traseira,Com Vítimas Feridas,Pleno dia,Chuva,Dupla   ,Urbano,Automóvel,Ferido Grave,84.0,Masculino
912883,25/05/2011,RN,101,NATAL,Não guardar distância de segurança,Colisão Transversal,Sem Vítimas        ,Pleno dia,Nublado,Dupla   ,Urbano,Microônibus,Ileso       ,48.0,Masculino
912883,25/05/2011,RN,101,NATAL,Não guardar distância de segurança,Colisão Transversal,Sem Vítimas        ,Pleno dia,Nublado,Dupla   ,Urbano,Caminhão-Trator,Ileso       ,35.0,Masculino
912883,25/05/2011,RN,101,NATAL,Não guardar distância de segurança,Colisão Transversal,Sem Vítimas        ,Pleno dia,Nublado,Dupla   ,Urbano,Semi-Reboque,Ileso       ,-1.0,Masculino
912893,17/05/2011,RN,101,NATAL,Falta de atenção,Colisão traseira,Sem Vítimas        ,Plena noite,Chuva,Múltipla,Urbano,Automóvel,Ileso       ,21.0,Feminino
912893,17/05/2011,RN,101,NATAL,Falta de atenção,Colisão traseira,Sem Vítimas        ,Plena noite,Chuva,Múltipla,Urbano,Automóvel,Ileso       ,31.0,Masculino
912947,23/05/2011,RN,110,MOSSORO,Desobediência à sinalização,Colisão lateral,Sem Vítimas        ,Pleno dia,Ceu Claro,Simples ,Urbano,Automóvel,Ileso       ,43.0,Masculino
912947,23/05/2011,RN,110,MOSSORO,Desobediência à sinalização,Colisão lateral,Sem Vítimas        ,Pleno dia,Ceu Claro,Simples ,Urbano,Automóvel,Ileso       ,32.0,Feminino
912949,16/05/2011,RN,101,NATAL,Não guardar distância de segurança,Colisão traseira,Sem Vítimas        ,Anoitecer,Ceu Claro,Múltipla,Urbano,Automóvel,Ileso       ,46.0,Feminino
912949,16/05/2011,RN,101,NATAL,Não guardar distância de segurança,Colisão traseira,Sem Vítimas        ,Anoitecer,Ceu Claro,Múltipla,Urbano,Automóvel,Ileso       ,34.0,Masculino
912982,22/05/2011,RN,405,RAFAEL FERNANDES,Desobediência à sinalização,Colisão Transversal,Com Vítimas Feridas,Pleno dia,Ceu Claro,Simples ,Rural ,Motocicletas,Ferido Grave,26.0,Masculino