id,data_inversa,uf,br,municipio,causa_acidente,tipo_acidente,classificacao_acidente,fase_dia,condicao_metereologica,tipo_pista,uso_solo,tipo_veiculo,estado_fisico,idade,sexo
927556,18/06/2011,RN,101,NATAL,Outras,Colisão traseira,Sem Vítimas        ,Anoitecer,Ceu Claro,Múltipla,Urbano,Automóvel,Ileso       ,22.0,Masculino
927556,18/06/2011,RN,101,NATAL,Outras,Colisão traseira,Sem Vítimas        ,Anoitecer,Ceu Claro,Múltipla,Urbano,Utilitário,Ignorado    ,-1.0,Masculino
927560,19/06/2011,RN,101,NATAL,Falta de atenção,Colisão traseira,Com Vítimas Feridas,Pleno dia,Chuva,Múltipla,Urbano,Automóvel,Ileso       ,63.0,Masculino
927560,19/06/2011,RN,101,NATAL,Falta de atenção,Colisão traseira,Com Vítimas Feridas,Pleno dia,Chuva,Múltipla,Urbano,Ciclomotor,Ferido Grave,28.0,Masculino
927624,19/06/2011,RN,304,MACAIBA,Outras,Colisão frontal,Com Vítimas Fatais ,Plena noite,Ceu Claro,Simples ,Urbano,Motocicletas,Morto       ,20.0,Masculino
927624,19/06/2011,RN,304,MACAIBA,Outras,Colisão frontal,Com Vítimas Fatais ,Plena noite,Ceu Claro,Simples ,Urbano,Automóvel,Ileso       ,38.0,Masculino
927624,19/06/2011,RN,304,MACAIBA,Outras,Colisão frontal,Com Vítimas Fatais ,Plena noite,Ceu Claro,Simples ,Urbano,Automóvel,Ileso       ,30.0,Feminino
927638,22/06/2011,RN,406,CEARA-MIRIM,Animais na Pista,Atropelamento de animal,Com Vítimas Feridas,Plena noite,Ceu Claro,Simples ,Rural ,Automóvel,Ferido Grave,30.0,Feminino
927639,22/06/2011,RN,101,NATAL,Falta de atenção,Colisão com bicicleta,Com Vítimas Feridas,Anoitecer,Nublado,Dupla   ,Urbano,Automóvel,Ileso       ,23.0,Masculino
927639,22/06/2011,RN,101,NATAL,Falta de atenção,Colisão com bicicleta,Com Vítimas Feridas,Anoitecer,Nublado,Dupla   ,Urbano,Bicicleta,Ferido Grave,46.0,Masculino
927692,18/06/2011,RN,101,SAO JOSE DE MIPIBU,Outras,Atropelamento de pessoa,Com Vítimas Feridas,Plena noite,Ceu Claro,Dupla   ,Urbano,Automóvel,Ileso       ,33.0,Masculino
927692,18/06/2011,RN,101,SAO JOSE DE MIPIBU,Outras,Atropelamento de pessoa,Com Vítimas Feridas,Plena noite,Ceu Claro,Dupla   ,Urbano,(null),Ferido Grave,-1.0,Masculino
927724,22/06/2011,RN,101,PARNAMIRIM,Desobediência à sinalização,Colisão Transversal,Com Vítimas Feridas,Pleno dia,Nublado,Dupla   ,Urbano,Motocicletas,Ferido Leve ,28.0,Masculino
927724,22/06/2011,RN,101,PARNAMIRIM,Desobediência à sinalização,Colisão Transversal,Com Vítimas Feridas,Pleno dia,Nublado,Dupla   ,Urbano,Motocicletas,Ferido Leve ,50.0,Masculino
927729,22/06/2011,RN,101,PARNAMIRIM,Falta de atenção,Colisão traseira,Sem Vítimas        ,Pleno dia,Ceu Claro,Dupla   ,Urbano,Caminhonete,Ileso       ,50.0,Masculino
927729,22/06/2011,RN,101,PARNAMIRIM,Falta de atenção,Colisão traseira,Sem Vítimas        ,Pleno dia,Ceu Claro,Dupla   ,Urbano,Automóvel,Ileso       ,-1.0,Masculino
927729,22/06/2011,RN,101,PARNAMIRIM,Falta de atenção,Colisão traseira,Sem Vítimas        ,Pleno dia,Ceu Claro,Dupla   ,Urbano,Caminhão,Ileso       ,33.0,Masculino
927832,19/06/2011,RN,304,MOSSORO,Outras,Colisão frontal,Sem Vítimas        ,Plena noite,Ceu Claro,Simples ,Urbano,Automóvel,Ileso       ,28.0,Feminino
927832,19/06/2011,RN,304,MOSSORO,Outras,Colisão frontal,Sem Vítimas        ,Plena noite,Ceu Claro,Simples ,Urbano,Automóvel,Ignorado    ,-1.0,Inválido
927837,20/06/2011,RN,101,NATAL,Outras,Colisão traseira,Sem Vítimas        ,Pleno dia,Chuva,Dupla   ,Urbano,Automóvel,Ileso       ,47.0,Feminino
927837,20/06/2011,RN,101,NATAL,Outras,Colisão traseira,Sem Vítimas        ,Pleno dia,Chuva,Dupla   ,Urbano,Automóvel,Ileso       ,40.0,Masculino
927837,20/06/2011,RN,101,NATAL,Outras,Colisão traseira,Sem Vítimas        ,Pleno dia,Chuva,Dupla   ,Urbano,Automóvel,Ileso       ,24.0,Masculino
928077,19/06/2011,RN,101,SAO JOSE DE MIPIBU,Defeito mecânico em veículo,Saída de Pista,Sem Vítimas        ,Pleno dia,Chuva,Dupla   ,Urbano,Caminhonete,Ileso       ,23.0,Masculino
928144,23/06/2011,RN,304,MACAIBA,Outras,Colisão lateral,Sem Vítimas        ,Pleno dia,Ceu Claro,Simples ,Rural ,Automóvel,Ileso       ,45.0,Masculino
928144,23/06/2011,RN,304,MACAIBA,Outras,Colisão lateral,Sem Vítimas        ,Pleno dia,Ceu Claro,Simples ,Rural ,Automóvel,Ileso       ,29.0,Masculino
928205,23/06/2011,RN,406,CEARA-MIRIM,Animais na Pista,Atropelamento de animal,Sem Vítimas        ,Plena noite,Chuva,Simples ,Rural ,Automóvel,Ileso       ,28.0,Masculino
928235,23/06/2011,RN,101,NATAL,Outras,Saída de Pista,Sem Vítimas        ,Pleno dia,Nublado,Dupla   ,Urbano,Automóvel,Ileso       ,56.0,Masculino
928235,23/06/2011,RN,101,NATAL,Outras,Saída de Pista,Sem Vítimas        ,Pleno dia,Nublado,Dupla   ,Urbano,Automóvel,Ileso       ,33.0,Masculino
928263,23/06/2011,RN,101,PARNAMIRIM,Falta de atenção,Colisão traseira,Sem Vítimas        ,Plena noite,Nublado,Múltipla,Urbano,Camioneta,Ileso       ,59.0,Masculino
928263,23/06/2011,RN,101,PARNAMIRIM,Falta de atenção,Colisão traseira,Sem Vítimas        ,Plena noite,Nublado,Múltipla,Urbano,Automóvel,Ileso       ,45.0,Masculino
928282,15/06/2011,RN,101,NATAL,Outras,Colisão traseira,Com Vítimas Feridas,Anoitecer,Nublado,Dupla   ,Rural ,Motocicletas,Ferido Leve ,33.0,Masculino
928282,15/06/2011,RN,101,NATAL,Outras,Colisão traseira,Com Vítimas Feridas,Anoitecer,Nublado,Dupla   ,Rural ,Automóvel,Ileso       ,56.0,Masculino
928340,23/06/2011,RN,101,PARNAMIRIM,Ingestão de álcool,Colisão Transversal,Sem Vítimas        ,Plena noite,Chuva,Múltipla,Urbano,Automóvel,Ileso       ,46.0,Masculino
928340,23/06/2011,RN,101,PARNAMIRIM,Ingestão de álcool,Colisão Transversal,Sem Vítimas        ,Plena noite,Chuva,Múltipla,Urbano,Automóvel,Ileso       ,48.0,Masculino
928509,18/06/2011,RN,101,SAO JOSE DE MIPIBU,Defeito mecânico em veículo,Colisão Transversal,Sem Vítimas        ,Pleno dia,Ceu Claro,Múltipla,Urbano,Ônibus,Ileso       ,34.0,Masculino
928509,18/06/2011,RN,101,SAO JOSE DE MIPIBU,Defeito mecânico em veículo,Colisão Transversal,Sem Vítimas        ,Pleno dia,Ceu Claro,Múltipla,Urbano,Caminhão,Ileso       ,61.0,Masculino
928533,23/06/2011,RN,101,PARNAMIRIM,Falta de atenção,Colisão traseira,Sem Vítimas        ,Pleno dia,Nublado,Dupla   ,Urbano,Ônibus,Ileso       ,29.0,Masculino
928533,23/06/2011,RN,101,PARNAMIRIM,Falta de atenção,Colisão traseira,Sem Vítimas        ,Pleno dia,Nublado,Dupla   ,Urbano,Caminhonete,Ileso       ,45.0,Masculino
928533,23/06/2011,RN,101,PARNAMIRIM,Falta de atenção,Colisão traseira,Sem Vítimas        ,Pleno dia,Nublado,Dupla   ,Urbano,Automóvel,Ileso       ,37.0,Masculino
928562,22/06/2011,RN,406,JOAO CAMARA,Defeito na via,Colisão traseira,Sem Vítimas        ,Plena noite,Ceu Claro,Simples ,Rural ,Caminhão,Ileso       ,29.0,Masculino
928562,22/06/2011,RN,406,JOAO CAMARA,Defeito na via,Colisão traseira,Sem Vítimas        ,Plena noite,Ceu Claro,Simples ,Rural ,Automóvel,Ileso       ,56.0,Masculino
928623,24/06/2011,RN,101,NATAL,Falta de atenção,Colisão traseira,Sem Vítimas        ,Pleno dia,Nublado,Dupla   ,Urbano,Caminhonete,Ignorado    ,-1.0,Inválido
928623,24/06/2011,RN,101,NATAL,Falta de atenção,Colisão traseira,Sem Vítimas        ,Pleno dia,Nublado,Dupla   ,Urbano,Automóvel,Ileso       ,49.0,Feminino
928693,16/06/2011,RN,304,FERNANDO PEDROZA,Falta de atenção,Colisão lateral,Sem Vítimas        ,Anoitecer,Chuva,Simples ,Rural ,Automóvel,Ileso       ,46.0,Masculino
928693,16/06/2011,RN,304,FERNANDO PEDROZA,Falta de atenção,Colisão lateral,Sem Vítimas        ,Anoitecer,Chuva,Simples ,Rural ,Utilitário,Ileso       ,32.0,Masculino
928695,24/06/2011,RN,101,PARNAMIRIM,Falta de atenção,Colisão Transversal,Sem Vítimas        ,Pleno dia,Nublado,Dupla   ,Urbano,Automóvel,Ileso       ,49.0,Feminino
928695,24/06/2011,RN,101,PARNAMIRIM,Falta de atenção,Colisão Transversal,Sem Vítimas        ,Pleno dia,Nublado,Dupla   ,Urbano,Automóvel,Ileso       ,42.0,Masculino
928726,21/06/2011,RN,101,NATAL,Ingestão de álcool,Tombamento,Com Vítimas Feridas,Plena noite,Nublado,Dupla   ,Urbano,Caminhão,Ferido Leve ,31.0,Masculino
928853,21/06/2011,RN,101,SAO GONCALO DO AMARANTE,Falta de atenção,Colisão traseira,Com Vítimas Feridas,Pleno dia,Ceu Claro,Dupla   ,Urbano,Motocicletas,Ileso       ,24.0,Masculino
928853,21/06/2011,RN,101,SAO GONCALO DO AMARANTE,Falta de atenção,Colisão traseira,Com Vítimas Feridas,Pleno dia,Ceu Claro,Dupla   ,Urbano,Automóvel,Ileso       ,65.0,Masculino
928853,21/06/2011,RN,101,SAO GONCALO DO AMARANTE,Falta de atenção,Colisão traseira,Com Vítimas Feridas,Pleno dia,Ceu Claro,Dupla   ,Urbano,Motocicletas,Ferido Grave,-1.0,Feminino
928870,24/06/2011,RN,405,SEVERIANO MELO,Outras,Saída de Pista,Com Vítimas Feridas,Pleno dia,Ceu Claro,Simples ,Rural ,Caminhão-Trator,Ferido Leve ,32.0,Masculino
928985,25/06/2011,RN,304,ITAJA,Ingestão de álcool,Queda de motocicleta / bicicleta / veículo,Com Vítimas Feridas,Amanhecer,Ceu Claro,Simples ,Rural ,Motocicletas,Ignorado    ,-1.0,Inválido
928985,25/06/2011,RN,304,ITAJA,Ingestão de álcool,Queda de motocicleta / bicicleta / veículo,Com Vítimas Feridas,Amanhecer,Ceu Claro,Simples ,Rural ,Motocicletas,Ferido Grave,-1.0,Masculino
929089,17/06/2011,RN,304,ANGICOS,Animais na Pista,Atropelamento de animal,Com Vítimas Feridas,Plena noite,Vento,Simples ,Rural ,Automóvel,Ileso       ,45.0,Masculino
929089,17/06/2011,RN,304,ANGICOS,Animais na Pista,Atropelamento de animal,Com Vítimas Feridas,Plena noite,Vento,Simples ,Rural ,Automóvel,Ferido Leve ,43.0,Feminino
929112,25/06/2011,RN,226,MACAIBA,Outras,Colisão frontal,Com Vítimas Feridas,Pleno dia,Ceu Claro,Simples ,Rural ,Automóvel,Ferido Leve ,25.0,Masculino
929112,25/06/2011,RN,226,MACAIBA,Outras,Colisão frontal,Com Vítimas Feridas,Pleno dia,Ceu Claro,Simples ,Rural ,Automóvel,Ileso       ,28.0,Masculino
929112,25/06/2011,RN,226,MACAIBA,Outras,Colisão frontal,Com Vítimas Feridas,Pleno dia,Ceu Claro,Simples ,Rural ,Automóvel,Ferido Grave,-1.0,Masculino
929166,25/06/2011,RN,406,JOAO CAMARA,Outras,Colisão Transversal,Com Vítimas Feridas,Pleno dia,Ceu Claro,Simples ,Urbano,Motocicletas,Ferido Leve ,41.0,Masculino
929166,25/06/2011,RN,406,JOAO CAMARA,Outras,Colisão Transversal,Com Vítimas Feridas,Pleno dia,Ceu Claro,Simples ,Urbano,Automóvel,Ileso       ,-1.0,Masculino
929181,25/06/2011,RN,101,NATAL,Falta de atenção,Colisão traseira,Sem Vítimas        ,Pleno dia,Sol,Dupla   ,Urbano,Automóvel,Ileso       ,27.0,Masculino
929181,25/06/2011,RN,101,NATAL,Falta de atenção,Colisão traseira,Sem Vítimas        ,Pleno dia,Sol,Dupla   ,Urbano,Automóvel,Ileso       ,32.0,Feminino
929224,25/06/2011,RN,304,MACAIBA,Falta de atenção,Colisão lateral,Sem Vítimas        ,Pleno dia,Ceu Claro,Simples ,Urbano,Caminhão-Trator,Ileso       ,51.0,Masculino
929224,25/06/2011,RN,304,MACAIBA,Falta de atenção,Colisão lateral,Sem Vítimas        ,Pleno dia,Ceu Claro,Simples ,Urbano,Automóvel,Ileso       ,21.0,Masculino
929228,17/06/2011,RN,101,PARNAMIRIM,Falta de atenção,Colisão traseira,Sem Vítimas        ,Plena noite,Chuva,Múltipla,Urbano,Automóvel,Ileso       ,24.0,Masculino
929228,17/06/2011,RN,101,PARNAMIRIM,Falta de atenção,Colisão traseira,Sem Vítimas        ,Plena noite,Chuva,Múltipla,Urbano,Ônibus,Ileso       ,44.0,Masculino
929275,25/06/2011,RN,101,NATAL,Falta de atenção,Colisão traseira,Sem Vítimas        ,Pleno dia,Ceu Claro,Dupla   ,Urbano,Ônibus,Ileso       ,33.0,Masculino
929275,25/06/2011,RN,101,NATAL,Falta de atenção,Colisão traseira,Sem Vítimas        ,Pleno dia,Ceu Claro,Dupla   ,Urbano,Automóvel,Ileso       ,23.0,Masculino
929275,25/06/2011,RN,101,NATAL,Falta de atenção,Colisão traseira,Sem Vítimas        ,Pleno dia,Ceu Claro,Dupla   ,Urbano,Motocicletas,Ileso       ,37.0,Masculino
929291,25/06/2011,RN,427,CURRAIS NOVOS,Desobediência à sinalização,Colisão Transversal,Com Vítimas Feridas,Pleno dia,Ceu Claro,Simples ,Rural ,Automóvel,Ileso       ,44.0,Masculino
929291,25/06/2011,RN,427,CURRAIS NOVOS,Desobediência à sinalização,Colisão Transversal,Com Vítimas Feridas,Pleno dia,Ceu Claro,Simples ,Rural ,Motocicletas,Ferido Leve ,-1.0,Masculino
929361,25/06/2011,RN,304,MOSSORO,Falta de atenção,Colisão Transversal,Sem Vítimas        ,Plena noite,Ceu Claro,Simples ,Urbano,Utilitário,Ignorado    ,-1.0,Masculino
929361,25/06/2011,RN,304,MOSSORO,Falta de atenção,Colisão Transversal,Sem Vítimas        ,Plena noite,Ceu Claro,Simples ,Urbano,Automóvel,Ileso       ,41.0,Masculino
929361,25/06/2011,RN,304,MOSSORO,Falta de atenção,Colisão Transversal,Sem Vítimas        ,Plena noite,Ceu Claro,Simples ,Urbano,Automóvel,Ileso       ,25.0,Masculino
929407,25/06/2011,RN,101,NATAL,Desobediência à sinalização,Colisão Transversal,Com Vítimas Feridas,Plena noite,Ceu Claro,Dupla   ,Urbano,Motocicletas,Ferido Leve ,24.0,Masculino
929407,25/06/2011,RN,101,NATAL,Desobediência à sinalização,Colisão Transversal,Com Vítimas Feridas,Plena noite,Ceu Claro,Dupla   ,Urbano,Motocicletas,Ferido Leve ,-1.0,Feminino
929407,25/06/2011,RN,101,NATAL,Desobediência à sinalização,Colisão Transversal,Com Vítimas Feridas,Plena noite,Ceu Claro,Dupla   ,Urbano,Automóvel,Ileso       ,29.0,Masculino
929421,25/06/2011,RN,101,NATAL,Falta de atenção,Colisão traseira,Sem Vítimas        ,Plena noite,Ceu Claro,Múltipla,Urbano,Ônibus,Ileso       ,53.0,Masculino
929421,25/06/2011,RN,101,NATAL,Falta de atenção,Colisão traseira,Sem Vítimas        ,Plena noite,Ceu Claro,Múltipla,Urbano,Automóvel,Ileso       ,53.0,Masculino
929430,25/06/2011,RN,101,NATAL,Falta de atenção,Colisão lateral,Sem Vítimas        ,Plena noite,Nublado,Dupla   ,Urbano,Caminhão,Ileso       ,51.0,Masculino
929430,25/06/2011,RN,101,NATAL,Falta de atenção,Colisão lateral,Sem Vítimas        ,Plena noite,Nublado,Dupla   ,Urbano,Automóvel,Ileso       ,55.0,Masculino
929436,25/06/2011,RN,427,CURRAIS NOVOS,Falta de atenção,Colisão Transversal,Com Vítimas Feridas,Plena noite,Ceu Claro,Simples ,Rural ,Caminhonete,Ileso       ,49.0,Masculino
929436,25/06/2011,RN,427,CURRAIS NOVOS,Falta de atenção,Colisão Transversal,Com Vítimas Feridas,Plena noite,Ceu Claro,Simples ,Rural ,Motocicletas,Ferido Leve ,29.0,Masculino
929436,25/06/2011,RN,427,CURRAIS NOVOS,Falta de atenção,Colisão Transversal,Com Vítimas Feridas,Plena noite,Ceu Claro,Simples ,Rural ,Motocicletas,Ferido Leve ,25.0,Masculino
929437,15/06/2011,RN,110,MOSSORO,Falta de atenção,Colisão Transversal,Com Vítimas Feridas,Anoitecer,Ceu Claro,Simples ,Urbano,Motoneta,Ferido Leve ,24.0,Masculino
929437,15/06/2011,RN,110,MOSSORO,Falta de atenção,Colisão Transversal,Com Vítimas Feridas,Anoitecer,Ceu Claro,Simples ,Urbano,Motoneta,Ferido Leve ,-1.0,Masculino
929437,15/06/2011,RN,110,MOSSORO,Falta de atenção,Colisão Transversal,Com Vítimas Feridas,Anoitecer,Ceu Claro,Simples ,Urbano,Caminhonete,Ileso       ,29.0,Masculino
929439,25/06/2011,RN,110,MOSSORO,Desobediência à sinalização,Colisão frontal,Com Vítimas Feridas,Plena noite,Ceu Claro,Dupla   ,Urbano,Motocicletas,Ferido Leve ,27.0,Masculino
929439,25/06/2011,RN,110,MOSSORO,Desobediência à sinalização,Colisão frontal,Com Vítimas Feridas,Plena noite,Ceu Claro,Dupla   ,Urbano,Motocicletas,Ferido Leve ,-1.0,Feminino
929439,25/06/2011,RN,110,MOSSORO,Desobediência à sinalização,Colisão frontal,Com Vítimas Feridas,Plena noite,Ceu Claro,Dupla   ,Urbano,Motocicletas,Ferido Leve ,56.0,Masculino
929462,25/06/2011,RN,226,SANTA CRUZ,Falta de atenção,Colisão Transversal,Com Vítimas Feridas,Anoitecer,Ceu Claro,Simples ,Urbano,Automóvel,Ileso       ,55.0,Masculino
929462,25/06/2011,RN,226,SANTA CRUZ,Falta de atenção,Colisão Transversal,Com Vítimas Feridas,Anoitecer,Ceu Claro,Simples ,Urbano,Motocicletas,Ferido Leve ,-1.0,Masculino
929507,25/06/2011,RN,304,MACAIBA,Outras,Colisão traseira,Sem Vítimas        ,Pleno dia,Nublado,Simples ,Rural ,Caminhonete,Ileso       ,63.0,Masculino
929507,25/06/2011,RN,304,MACAIBA,Outras,Colisão traseira,Sem Vítimas        ,Pleno dia,Nublado,Simples ,Rural ,Automóvel,Ileso       ,28.0,Masculino
929507,25/06/2011,RN,304,MACAIBA,Outras,Colisão traseira,Sem Vítimas        ,Pleno dia,Nublado,Simples ,Rural ,Camioneta,Ileso       ,27.0,Masculino
929514,26/06/2011,RN,427,CAICO,Ultrapassagem indevida,Colisão frontal,Com Vítimas Feridas,Plena noite,Ceu Claro,Simples ,Urbano,Automóvel,Ferido Leve ,27.0,Masculino
929514,26/06/2011,RN,427,CAICO,Ultrapassagem indevida,Colisão frontal,Com Vítimas Feridas,Plena noite,Ceu Claro,Simples ,Urbano,Motocicletas,Ferido Grave,20.0,Masculino
929514,26/06/2011,RN,427,CAICO,Ultrapassagem indevida,Colisão frontal,Com Vítimas Feridas,Plena noite,Ceu Claro,Simples ,Urbano,Automóvel,Ileso       ,29.0,Feminino
929514,26/06/2011,RN,427,CAICO,Ultrapassagem indevida,Colisão frontal,Com Vítimas Feridas,Plena noite,Ceu Claro,Simples ,Urbano,Motocicletas,Ferido Grave,16.0,Feminino
929514,26/06/2011,RN,427,CAICO,Ultrapassagem indevida,Colisão frontal,Com Vítimas Feridas,Plena noite,Ceu Claro,Simples ,Urbano,Automóvel,Ignorado    ,-1.0,Inválido
929591,26/06/2011,RN,304,MOSSORO,Falta de atenção,Queda de motocicleta / bicicleta / veículo,Com Vítimas Feridas,Pleno dia,Sol,Simples ,Rural ,Ciclomotor,Ferido Leve ,16.0,Feminino
929591,26/06/2011,RN,304,MOSSORO,Falta de atenção,Queda de motocicleta / bicicleta / veículo,Com Vítimas Feridas,Pleno dia,Sol,Simples ,Rural ,Ciclomotor,Ferido Leve ,18.0,Feminino
929595,22/06/2011,RN,101,PARNAMIRIM,Outras,Colisão com bicicleta,Com Vítimas Feridas,Pleno dia,Nevoeiro/neblina,Dupla   ,Urbano,Motocicletas,Ferido Grave,24.0,Masculino
929595,22/06/2011,RN,101,PARNAMIRIM,Outras,Colisão com bicicleta,Com Vítimas Feridas,Pleno dia,Nevoeiro/neblina,Dupla   ,Urbano,Bicicleta,Ferido Leve ,52.0,Masculino
929609,26/06/2011,RN,110,MOSSORO,Ingestão de álcool,Colisão traseira,Sem Vítimas        ,Pleno dia,Ceu Claro,Dupla   ,Urbano,Automóvel,Ileso       ,35.0,Masculino
929609,26/06/2011,RN,110,MOSSORO,Ingestão de álcool,Colisão traseira,Sem Vítimas        ,Pleno dia,Ceu Claro,Dupla   ,Urbano,Automóvel,Ileso       ,30.0,Masculino
930188,26/06/2011,RN,427,JARDIM DO SERIDO,Outras,Colisão frontal,Com Vítimas Fatais ,Plena noite,Ceu Claro,Simples ,Rural ,Ônibus,Ileso       ,53.0,Masculino
930188,26/06/2011,RN,427,JARDIM DO SERIDO,Outras,Colisão frontal,Com Vítimas Fatais ,Plena noite,Ceu Claro,Simples ,Rural ,Motocicletas,Morto       ,33.0,Masculino
930253,23/06/2011,RN,405,RAFAEL FERNANDES,Falta de atenção,Colisão frontal,Com Vítimas Feridas,Plena noite,Ceu Claro,Simples ,Rural ,Motocicletas,Ferido Grave,18.0,Masculino
930253,23/06/2011,RN,405,RAFAEL FERNANDES,Falta de atenção,Colisão frontal,Com Vítimas Feridas,Plena noite,Ceu Claro,Simples ,Rural ,Automóvel,Ferido Leve ,36.0,Masculino
930316,27/06/2011,RN,226,MACAIBA,Ultrapassagem indevida,Colisão lateral,Com Vítimas Feridas,Pleno dia,Nublado,Simples ,Urbano,Automóvel,Ignorado    ,-1.0,Inválido
930316,27/06/2011,RN,226,MACAIBA,Ultrapassagem indevida,Colisão lateral,Com Vítimas Feridas,Pleno dia,Nublado,Simples ,Urbano,Motocicletas,Ferido Leve ,27.0,Masculino
930316,27/06/2011,RN,226,MACAIBA,Ultrapassagem indevida,Colisão lateral,Com Vítimas Feridas,Pleno dia,Nublado,Simples ,Urbano,Bicicleta,Ferido Leve ,-1.0,Masculino
930324,27/06/2011,RN,101,NATAL,Falta de atenção,Colisão traseira,Sem Vítimas        ,Pleno dia,Nublado,Dupla   ,Urbano,Automóvel,Ileso       ,36.0,Masculino
930324,27/06/2011,RN,101,NATAL,Falta de atenção,Colisão traseira,Sem Vítimas        ,Pleno dia,Nublado,Dupla   ,Urbano,Automóvel,Ileso       ,28.0,Masculino
930348,26/06/2011,RN,101,PARNAMIRIM,Não guardar distância de segurança,Colisão traseira,Com Vítimas Feridas,Anoitecer,Chuva,Dupla   ,Urbano,Motocicletas,Ferido Leve ,19.0,Masculino
930348,26/06/2011,RN,101,PARNAMIRIM,Não guardar distância de segurança,Colisão traseira,Com Vítimas Feridas,Anoitecer,Chuva,Dupla   ,Urbano,Automóvel,Ignorado    ,-1.0,Inválido
930355,26/06/2011,RN,101,PARNAMIRIM,Ingestão de álcool,Tombamento,Com Vítimas Feridas,Amanhecer,Chuva,Dupla   ,Urbano,Motocicletas,Ferido Grave,-1.0,Masculino
930428,27/06/2011,RN,101,PARNAMIRIM,Outras,Colisão lateral,Com Vítimas Feridas,Pleno dia,Chuva,Múltipla,Urbano,Motocicletas,Ileso       ,30.0,Masculino
930428,27/06/2011,RN,101,PARNAMIRIM,Outras,Colisão lateral,Com Vítimas Feridas,Pleno dia,Chuva,Múltipla,Urbano,Motocicletas,Ferido Leve ,-1.0,Feminino
930428,27/06/2011,RN,101,PARNAMIRIM,Outras,Colisão lateral,Com Vítimas Feridas,Pleno dia,Chuva,Múltipla,Urbano,Bicicleta,Ileso       ,63.0,Masculino
930428,27/06/2011,RN,101,PARNAMIRIM,Outras,Colisão lateral,Com Vítimas Feridas,Pleno dia,Chuva,Múltipla,Urbano,Caminhão,Ileso       ,64.0,Masculino
930437,27/06/2011,RN,101,PARNAMIRIM,Outras,Colisão lateral,Sem Vítimas        ,Pleno dia,Chuva,Simples ,Urbano,Caminhão-Trator,Ileso       ,55.0,Masculino
930437,27/06/2011,RN,101,PARNAMIRIM,Outras,Colisão lateral,Sem Vítimas        ,Pleno dia,Chuva,Simples ,Urbano,Automóvel,Ileso       ,26.0,Masculino
930488,27/06/2011,RN,101,NATAL,Desobediência à sinalização,Colisão traseira,Sem Vítimas        ,Pleno dia,Nublado,Múltipla,Urbano,Motocicletas,Ileso       ,23.0,Masculino
930488,27/06/2011,RN,101,NATAL,Desobediência à sinalização,Colisão traseira,Sem Vítimas        ,Pleno dia,Nublado,Múltipla,Urbano,Caminhonete,Ileso       ,65.0,Masculino
930494,15/06/2011,RN,101,MAXARANGUAPE,Falta de atenção,Saída de Pista,Ignorado           ,Pleno dia,Ceu Claro,Simples ,Rural ,Automóvel,Ignorado    ,-1.0,Masculino
930510,27/06/2011,RN,101,NATAL,Não guardar distância de segurança,Colisão lateral,Sem Vítimas        ,Pleno dia,Chuva,Múltipla,Urbano,Caminhão,Ileso       ,35.0,Masculino
930510,27/06/2011,RN,101,NATAL,Não guardar distância de segurança,Colisão lateral,Sem Vítimas        ,Pleno dia,Chuva,Múltipla,Urbano,Automóvel,Ileso       ,67.0,Feminino
930540,23/06/2011,RN,304,ASSU,Falta de atenção,Saída de Pista,Sem Vítimas        ,Pleno dia,Sol,Simples ,Rural ,Automóvel,Ileso       ,79.0,Masculino
930556,27/06/2011,RN,226,MACAIBA,Outras,Capotamento,Sem Vítimas        ,Pleno dia,Chuva,Simples ,Urbano,Automóvel,Ileso       ,32.0,Masculino
930566,27/06/2011,RN,101,NATAL,Falta de atenção,Colisão traseira,Sem Vítimas        ,Pleno dia,Chuva,Dupla   ,Urbano,Automóvel,Ileso       ,31.0,Masculino
930566,27/06/2011,RN,101,NATAL,Falta de atenção,Colisão traseira,Sem Vítimas        ,Pleno dia,Chuva,Dupla   ,Urbano,Automóvel,Ileso       ,27.0,Masculino
930591,07/06/2011,RN,101,NATAL,Desobediência à sinalização,Colisão lateral,Sem Vítimas        ,Plena noite,Nublado,Dupla   ,Urbano,Ônibus,Ileso       ,-1.0,Masculino
930591,07/06/2011,RN,101,NATAL,Desobediência à sinalização,Colisão lateral,Sem Vítimas        ,Plena noite,Nublado,Dupla   ,Urbano,Automóvel,Ileso       ,-1.0,Feminino
930641,19/06/2011,RN,101,NATAL,Outras,Colisão Transversal,Sem Vítimas        ,Pleno dia,Ceu Claro,Dupla   ,Urbano,Automóvel,Ileso       ,19.0,Feminino
930641,19/06/2011,RN,101,NATAL,Outras,Colisão Transversal,Sem Vítimas        ,Pleno dia,Ceu Claro,Dupla   ,Urbano,Automóvel,Ileso       ,51.0,Masculino
930768,19/06/2011,RN,101,NATAL,Falta de atenção,Colisão frontal,Sem Vítimas        ,Plena noite,Chuva,Dupla   ,Urbano,Automóvel,Ileso       ,25.0,Masculino
930768,19/06/2011,RN,101,NATAL,Falta de atenção,Colisão frontal,Sem Vítimas        ,Plena noite,Chuva,Dupla   ,Urbano,Automóvel,Ileso       ,41.0,Feminino
930781,27/06/2011,RN,406,JOAO CAMARA,Defeito na via,Saída de Pista,Sem Vítimas        ,Plena noite,Ceu Claro,Simples ,Rural ,Automóvel,Ileso       ,44.0,Masculino