id,data_inversa,uf,br,municipio,causa_acidente,tipo_acidente,classificacao_acidente,fase_dia,condicao_metereologica,tipo_pista,uso_solo,tipo_veiculo,estado_fisico,idade,sexo
930901,22/06/2011,RN,304,ITAJA,Outras,Atropelamento de animal,Sem Vítimas        ,Plena noite,Ceu Claro,Simples ,Rural ,Caminhonete,Ileso       ,37.0,Masculino
930905,24/06/2011,RN,304,ITAJA,Não guardar distância de segurança,Colisão traseira,Com Vítimas Feridas,Pleno dia,Sol,Simples ,Rural ,Microônibus,Ileso       ,48.0,Masculino
930905,24/06/2011,RN,304,ITAJA,Não guardar distância de segurança,Colisão traseira,Com Vítimas Feridas,Pleno dia,Sol,Simples ,Rural ,Automóvel,Ileso       ,32.0,Masculino
930905,24/06/2011,RN,304,ITAJA,Não guardar distância de segurança,Colisão traseira,Com Vítimas Feridas,Pleno dia,Sol,Simples ,Rural ,Automóvel,Ferido Leve ,27.0,Feminino
930923,24/06/2011,RN,304,ASSU,Outras,Incêndio,Sem Vítimas        ,Plena noite,Ceu Claro,Simples ,Rural ,Automóvel,Ileso       ,31.0,Masculino
930926,19/06/2011,RN,101,PARNAMIRIM,Outras,Colisão traseira,Com Vítimas Fatais ,Pleno dia,Ceu Claro,Dupla   ,Urbano,Automóvel,Morto       ,20.0,Masculino
930926,19/06/2011,RN,101,PARNAMIRIM,Outras,Colisão traseira,Com Vítimas Fatais ,Pleno dia,Ceu Claro,Dupla   ,Urbano,Caminhonete,Ileso       ,25.0,Masculino
930926,19/06/2011,RN,101,PARNAMIRIM,Outras,Colisão traseira,Com Vítimas Fatais ,Pleno dia,Ceu Claro,Dupla   ,Urbano,Ônibus,Ileso       ,27.0,Masculino
930936,25/06/2011,RN,406,CEARA-MIRIM,Animais na Pista,Atropelamento de animal,Sem Vítimas        ,Amanhecer,Ceu Claro,Simples ,Urbano,Automóvel,Ileso       ,40.0,Masculino
930980,25/06/2011,RN,226,LAJES PINTADAS,Dormindo,Capotamento,Sem Vítimas        ,Amanhecer,Nublado,Simples ,Urbano,Automóvel,Ileso       ,39.0,Masculino
930993,28/06/2011,RN,110,MOSSORO,Desobediência à sinalização,Colisão Transversal,Com Vítimas Feridas,Pleno dia,Sol,Simples ,Urbano,Automóvel,Ileso       ,68.0,Masculino
930993,28/06/2011,RN,110,MOSSORO,Desobediência à sinalização,Colisão Transversal,Com Vítimas Feridas,Pleno dia,Sol,Simples ,Urbano,Motoneta,Ferido Leve ,53.0,Feminino
931013,23/06/2011,RN,101,PARNAMIRIM,Não guardar distância de segurança,Colisão lateral,Com Vítimas Feridas,Pleno dia,Sol,Dupla   ,Urbano,Automóvel,Ileso       ,24.0,Masculino
931013,23/06/2011,RN,101,PARNAMIRIM,Não guardar distância de segurança,Colisão lateral,Com Vítimas Feridas,Pleno dia,Sol,Dupla   ,Urbano,Motocicletas,Ferido Grave,29.0,Masculino
931013,23/06/2011,RN,101,PARNAMIRIM,Não guardar distância de segurança,Colisão lateral,Com Vítimas Feridas,Pleno dia,Sol,Dupla   ,Urbano,Motocicletas,Ferido Grave,32.0,Feminino
931039,28/06/2011,RN,101,SAO JOSE DE MIPIBU,Outras,Queda de motocicleta / bicicleta / veículo,Com Vítimas Feridas,Pleno dia,Ceu Claro,Dupla   ,Urbano,Motocicletas,Ferido Leve ,47.0,Masculino
931157,28/06/2011,RN,101,NATAL,Falta de atenção,Colisão Transversal,Sem Vítimas        ,Pleno dia,Nublado,Simples ,Urbano,Automóvel,Ileso       ,48.0,Masculino
931157,28/06/2011,RN,101,NATAL,Falta de atenção,Colisão Transversal,Sem Vítimas        ,Pleno dia,Nublado,Simples ,Urbano,Automóvel,Ileso       ,33.0,Feminino
931195,28/06/2011,RN,101,NATAL,Falta de atenção,Colisão traseira,Sem Vítimas        ,Pleno dia,Nublado,Dupla   ,Urbano,Camioneta,Ileso       ,61.0,Masculino
931195,28/06/2011,RN,101,NATAL,Falta de atenção,Colisão traseira,Sem Vítimas        ,Pleno dia,Nublado,Dupla   ,Urbano,Automóvel,Ileso       ,-1.0,Masculino
931207,28/06/2011,RN,101,SAO GONCALO DO AMARANTE,Outras,Colisão Transversal,Com Vítimas Feridas,Plena noite,Ceu Claro,Dupla   ,Urbano,Motocicletas,Ferido Grave,44.0,Masculino
931207,28/06/2011,RN,101,SAO GONCALO DO AMARANTE,Outras,Colisão Transversal,Com Vítimas Feridas,Plena noite,Ceu Claro,Dupla   ,Urbano,Motocicletas,Ferido Leve ,21.0,Masculino
931207,28/06/2011,RN,101,SAO GONCALO DO AMARANTE,Outras,Colisão Transversal,Com Vítimas Feridas,Plena noite,Ceu Claro,Dupla   ,Urbano,Caminhonete,Ileso       ,47.0,Masculino
931212,28/06/2011,RN,304,CAICARA DO RIO DO VENTO,Outras,Capotamento,Com Vítimas Feridas,Pleno dia,Chuva,Simples ,Rural ,Caminhonete,Ferido Leve ,45.0,Masculino
931299,18/06/2011,RN,304,MACAIBA,Outras,Colisão traseira,Sem Vítimas        ,Plena noite,Chuva,Simples ,Urbano,Automóvel,Ileso       ,28.0,Masculino
931299,18/06/2011,RN,304,MACAIBA,Outras,Colisão traseira,Sem Vítimas        ,Plena noite,Chuva,Simples ,Urbano,Automóvel,Ileso       ,37.0,Masculino
931573,25/06/2011,RN,226,NATAL,Outras,Colisão Transversal,Com Vítimas Feridas,Plena noite,Ceu Claro,Simples ,Urbano,Motocicletas,Ferido Grave,26.0,Masculino
931573,25/06/2011,RN,226,NATAL,Outras,Colisão Transversal,Com Vítimas Feridas,Plena noite,Ceu Claro,Simples ,Urbano,Carroça,Ferido Grave,58.0,Masculino
931573,25/06/2011,RN,226,NATAL,Outras,Colisão Transversal,Com Vítimas Feridas,Plena noite,Ceu Claro,Simples ,Urbano,Carroça,Ferido Grave,-1.0,Masculino
931631,23/06/2011,RN,304,MOSSORO,Não guardar distância de segurança,Colisão lateral,Sem Vítimas        ,Pleno dia,Ceu Claro,Simples ,Rural ,Caminhão-Trator,Ileso       ,45.0,Masculino
931631,23/06/2011,RN,304,MOSSORO,Não guardar distância de segurança,Colisão lateral,Sem Vítimas        ,Pleno dia,Ceu Claro,Simples ,Rural ,Caminhão-Trator,Ileso       ,47.0,Masculino
931635,05/06/2011,RN,226,TANGARA,Outras,Colisão traseira,Com Vítimas Fatais ,Amanhecer,Ceu Claro,Simples ,Rural ,Automóvel,Ignorado    ,-1.0,Inválido
931635,05/06/2011,RN,226,TANGARA,Outras,Colisão traseira,Com Vítimas Fatais ,Amanhecer,Ceu Claro,Simples ,Rural ,Carroça,Morto       ,57.0,Masculino
931686,29/06/2011,RN,226,NATAL,Outras,Saída de Pista,Sem Vítimas        ,Pleno dia,Chuva,Simples ,Urbano,Automóvel,Ileso       ,-1.0,Masculino
931703,29/06/2011,RN,226,FLORANIA,Outras,Tombamento,Sem Vítimas        ,Pleno dia,Ceu Claro,Simples ,Rural ,Automóvel,Ileso       ,-1.0,Masculino
931775,20/06/2011,RN,110,MOSSORO,Ingestão de álcool,Colisão traseira,Sem Vítimas        ,Pleno dia,Sol,Simples ,Urbano,Motocicletas,Ileso       ,36.0,Masculino
931775,20/06/2011,RN,110,MOSSORO,Ingestão de álcool,Colisão traseira,Sem Vítimas        ,Pleno dia,Sol,Simples ,Urbano,Automóvel,Ileso       ,72.0,Masculino
931792,27/06/2011,RN,101,PARNAMIRIM,Falta de atenção,Colisão lateral,Com Vítimas Feridas,Pleno dia,Ceu Claro,Dupla   ,Urbano,Automóvel,Ileso       ,32.0,Masculino
931792,27/06/2011,RN,101,PARNAMIRIM,Falta de atenção,Colisão lateral,Com Vítimas Feridas,Pleno dia,Ceu Claro,Dupla   ,Urbano,Motocicletas,Ferido Leve ,30.0,Masculino
931805,29/06/2011,RN,101,SAO JOSE DE MIPIBU,Falta de atenção,Colisão com bicicleta,Com Vítimas Feridas,Anoitecer,Nublado,Dupla   ,Rural ,Bicicleta,Ferido Grave,-1.0,Masculino
931805,29/06/2011,RN,101,SAO JOSE DE MIPIBU,Falta de atenção,Colisão com bicicleta,Com Vítimas Feridas,Anoitecer,Nublado,Dupla   ,Rural ,Automóvel,Ignorado    ,-1.0,Inválido
931907,24/06/2011,RN,226,CURRAIS NOVOS,Outras,Saída de Pista,Com Vítimas Feridas,Pleno dia,Ceu Claro,Simples ,Rural ,Automóvel,Ferido Leve ,38.0,Feminino
931907,24/06/2011,RN,226,CURRAIS NOVOS,Outras,Saída de Pista,Com Vítimas Feridas,Pleno dia,Ceu Claro,Simples ,Rural ,Automóvel,Ferido Leve ,-1.0,Masculino
931907,24/06/2011,RN,226,CURRAIS NOVOS,Outras,Saída de Pista,Com Vítimas Feridas,Pleno dia,Ceu Claro,Simples ,Rural ,Automóvel,Ferido Grave,17.0,Feminino
931908,28/06/2011,RN,405,GOVERNADOR DIX-SEPT ROSADO,Dormindo,Tombamento,Sem Vítimas        ,Plena noite,Ceu Claro,Simples ,Rural ,Caminhão-Trator,Ileso       ,33.0,Masculino
932031,28/06/2011,RN,101,NATAL,Outras,Colisão com objeto fixo,Sem Vítimas        ,Plena noite,Ceu Claro,Dupla   ,Urbano,Ônibus,Ileso       ,32.0,Masculino
932031,28/06/2011,RN,101,NATAL,Outras,Colisão com objeto fixo,Sem Vítimas        ,Plena noite,Ceu Claro,Dupla   ,Urbano,Motocicletas,Ignorado    ,-1.0,Masculino
932045,01/07/2011,RN,101,PARNAMIRIM,Falta de atenção,Colisão lateral,Sem Vítimas        ,Plena noite,Ceu Claro,Dupla   ,Rural ,Automóvel,Ileso       ,47.0,Masculino
932045,01/07/2011,RN,101,PARNAMIRIM,Falta de atenção,Colisão lateral,Sem Vítimas        ,Plena noite,Ceu Claro,Dupla   ,Rural ,Caminhão-Trator,Ileso       ,27.0,Masculino
932072,01/07/2011,RN,101,NATAL,Falta de atenção,Colisão traseira,Sem Vítimas        ,Plena noite,Ceu Claro,Dupla   ,Urbano,Automóvel,Ileso       ,59.0,Masculino
932072,01/07/2011,RN,101,NATAL,Falta de atenção,Colisão traseira,Sem Vítimas        ,Plena noite,Ceu Claro,Dupla   ,Urbano,Automóvel,Ileso       ,49.0,Masculino
932335,28/06/2011,RN,427,CAICO,Ingestão de álcool,Capotamento,Com Vítimas Feridas,Amanhecer,Ceu Claro,Simples ,Urbano,Automóvel,Ferido Grave,27.0,Masculino
932335,28/06/2011,RN,427,CAICO,Ingestão de álcool,Capotamento,Com Vítimas Feridas,Amanhecer,Ceu Claro,Simples ,Urbano,Automóvel,Ferido Leve ,16.0,Masculino
932335,28/06/2011,RN,427,CAICO,Ingestão de álcool,Capotamento,Com Vítimas Feridas,Amanhecer,Ceu Claro,Simples ,Urbano,Automóvel,Ferido Leve ,20.0,Masculino
932439,02/07/2011,RN,304,ANGICOS,Outras,Colisão traseira,Com Vítimas Feridas,Pleno dia,Sol,Simples ,Rural ,Motocicletas,Ileso       ,-1.0,Masculino
932439,02/07/2011,RN,304,ANGICOS,Outras,Colisão traseira,Com Vítimas Feridas,Pleno dia,Sol,Simples ,Rural ,Caminhão,Ileso       ,-1.0,Masculino
932439,02/07/2011,RN,304,ANGICOS,Outras,Colisão traseira,Com Vítimas Feridas,Pleno dia,Sol,Simples ,Rural ,Automóvel,Ferido Grave,-1.0,Masculino
932439,02/07/2011,RN,304,ANGICOS,Outras,Colisão traseira,Com Vítimas Feridas,Pleno dia,Sol,Simples ,Rural ,Automóvel,Ferido Grave,-1.0,Masculino
932455,28/06/2011,RN,405,MOSSORO,Ingestão de álcool,Capotamento,Com Vítimas Feridas,Pleno dia,Ceu Claro,Dupla   ,Urbano,Automóvel,Ferido Leve ,47.0,Masculino
932519,27/06/2011,RN,101,PARNAMIRIM,Outras,Colisão lateral,Sem Vítimas        ,Pleno dia,Nublado,Dupla   ,Urbano,Automóvel,Ileso       ,-1.0,Feminino
932519,27/06/2011,RN,101,PARNAMIRIM,Outras,Colisão lateral,Sem Vítimas        ,Pleno dia,Nublado,Dupla   ,Urbano,Caminhão,Ileso       ,46.0,Masculino
932540,02/07/2011,RN,101,ARES,Defeito mecânico em veículo,Capotamento,Sem Vítimas        ,Pleno dia,Chuva,Dupla   ,Rural ,Automóvel,Ileso       ,41.0,Masculino
932643,29/06/2011,RN,101,NATAL,Falta de atenção,Colisão traseira,Sem Vítimas        ,Pleno dia,Ceu Claro,Múltipla,Urbano,Automóvel,Ileso       ,24.0,Masculino
932643,29/06/2011,RN,101,NATAL,Falta de atenção,Colisão traseira,Sem Vítimas        ,Pleno dia,Ceu Claro,Múltipla,Urbano,Automóvel,Ileso       ,56.0,Feminino
932692,02/07/2011,RN,101,PARNAMIRIM,Falta de atenção,Colisão Transversal,Com Vítimas Feridas,Plena noite,Nevoeiro/neblina,Dupla   ,Urbano,Motocicletas,Ferido Leve ,22.0,Masculino
932692,02/07/2011,RN,101,PARNAMIRIM,Falta de atenção,Colisão Transversal,Com Vítimas Feridas,Plena noite,Nevoeiro/neblina,Dupla   ,Urbano,Bicicleta,Ignorado    ,-1.0,Inválido
932692,02/07/2011,RN,101,PARNAMIRIM,Falta de atenção,Colisão Transversal,Com Vítimas Feridas,Plena noite,Nevoeiro/neblina,Dupla   ,Urbano,Motocicletas,Ferido Leve ,31.0,Feminino
932706,25/06/2011,RN,226,NATAL,Animais na Pista,Atropelamento de animal,Sem Vítimas        ,Plena noite,Ceu Claro,Simples ,Urbano,Ônibus,Ileso       ,32.0,Masculino
932727,17/06/2011,RN,101,PARNAMIRIM,Não guardar distância de segurança,Colisão traseira,Sem Vítimas        ,Plena noite,Ceu Claro,Dupla   ,Urbano,Automóvel,Ileso       ,35.0,Masculino
932727,17/06/2011,RN,101,PARNAMIRIM,Não guardar distância de segurança,Colisão traseira,Sem Vítimas        ,Plena noite,Ceu Claro,Dupla   ,Urbano,Automóvel,Ileso       ,44.0,Masculino
932735,25/06/2011,RN,101,SAO GONCALO DO AMARANTE,Falta de atenção,Colisão traseira,Com Vítimas Feridas,Plena noite,Ceu Claro,Dupla   ,Urbano,Automóvel,Ileso       ,-1.0,Masculino
932735,25/06/2011,RN,101,SAO GONCALO DO AMARANTE,Falta de atenção,Colisão traseira,Com Vítimas Feridas,Plena noite,Ceu Claro,Dupla   ,Urbano,Motocicletas,Ferido Grave,29.0,Masculino
932776,02/07/2011,RN,427,CAICO,Outras,Saída de Pista,Sem Vítimas        ,Plena noite,Ceu Claro,Simples ,Rural ,Automóvel,Ileso       ,-1.0,Masculino
932776,02/07/2011,RN,427,CAICO,Outras,Saída de Pista,Sem Vítimas        ,Plena noite,Ceu Claro,Simples ,Rural ,Automóvel,Ignorado    ,-1.0,Inválido
932781,02/07/2011,RN,101,NATAL,Desobediência à sinalização,Colisão lateral,Sem Vítimas        ,Plena noite,Chuva,Dupla   ,Urbano,Ônibus,Ileso       ,41.0,Masculino
932781,02/07/2011,RN,101,NATAL,Desobediência à sinalização,Colisão lateral,Sem Vítimas        ,Plena noite,Chuva,Dupla   ,Urbano,Automóvel,Ileso       ,25.0,Masculino
932786,02/07/2011,RN,101,NATAL,Falta de atenção,Colisão lateral,Com Vítimas Feridas,Pleno dia,Ceu Claro,Dupla   ,Urbano,Automóvel,Ileso       ,70.0,Masculino
932786,02/07/2011,RN,101,NATAL,Falta de atenção,Colisão lateral,Com Vítimas Feridas,Pleno dia,Ceu Claro,Dupla   ,Urbano,Motocicletas,Ferido Grave,20.0,Masculino
932802,02/07/2011,RN,304,MOSSORO,Ingestão de álcool,Colisão lateral,Com Vítimas Feridas,Plena noite,Ceu Claro,Simples ,Urbano,Motocicletas,Ferido Grave,54.0,Masculino
932802,02/07/2011,RN,304,MOSSORO,Ingestão de álcool,Colisão lateral,Com Vítimas Feridas,Plena noite,Ceu Claro,Simples ,Urbano,Automóvel,Ileso       ,52.0,Masculino
932802,02/07/2011,RN,304,MOSSORO,Ingestão de álcool,Colisão lateral,Com Vítimas Feridas,Plena noite,Ceu Claro,Simples ,Urbano,Camioneta,Ileso       ,60.0,Masculino
932854,02/07/2011,RN,304,ASSU,Não guardar distância de segurança,Colisão traseira,Com Vítimas Feridas,Plena noite,Ceu Claro,Simples ,Rural ,Automóvel,Ileso       ,65.0,Masculino
932854,02/07/2011,RN,304,ASSU,Não guardar distância de segurança,Colisão traseira,Com Vítimas Feridas,Plena noite,Ceu Claro,Simples ,Rural ,Automóvel,Ferido Leve ,25.0,Masculino
932859,03/07/2011,RN,304,ASSU,Ingestão de álcool,Colisão lateral,Com Vítimas Feridas,Plena noite,Ceu Claro,Simples ,Rural ,Caminhão-Trator,Ileso       ,26.0,Masculino
932859,03/07/2011,RN,304,ASSU,Ingestão de álcool,Colisão lateral,Com Vítimas Feridas,Plena noite,Ceu Claro,Simples ,Rural ,Caminhão,Ferido Leve ,62.0,Masculino
933068,01/07/2011,RN,304,MACAIBA,Não guardar distância de segurança,Colisão traseira,Sem Vítimas        ,Pleno dia,Ceu Claro,Simples ,Rural ,Automóvel,Ileso       ,48.0,Masculino
933068,01/07/2011,RN,304,MACAIBA,Não guardar distância de segurança,Colisão traseira,Sem Vítimas        ,Pleno dia,Ceu Claro,Simples ,Rural ,Automóvel,Ileso       ,25.0,Masculino
933072,01/07/2011,RN,101,PARNAMIRIM,Falta de atenção,Colisão lateral,Sem Vítimas        ,Anoitecer,Ceu Claro,Dupla   ,Urbano,Automóvel,Ileso       ,42.0,Masculino
933072,01/07/2011,RN,101,PARNAMIRIM,Falta de atenção,Colisão lateral,Sem Vítimas        ,Anoitecer,Ceu Claro,Dupla   ,Urbano,Motocicletas,Ileso       ,44.0,Masculino
933072,01/07/2011,RN,101,PARNAMIRIM,Falta de atenção,Colisão lateral,Sem Vítimas        ,Anoitecer,Ceu Claro,Dupla   ,Urbano,Motocicletas,Ileso       ,25.0,Masculino
933075,01/07/2011,RN,101,NATAL,Falta de atenção,Colisão Transversal,Sem Vítimas        ,Pleno dia,Ceu Claro,Dupla   ,Urbano,Caminhonete,Ileso       ,26.0,Feminino
933075,01/07/2011,RN,101,NATAL,Falta de atenção,Colisão Transversal,Sem Vítimas        ,Pleno dia,Ceu Claro,Dupla   ,Urbano,Automóvel,Ileso       ,28.0,Masculino
933094,21/06/2011,RN,406,SAO GONCALO DO AMARANTE,Outras,Colisão Transversal,Com Vítimas Fatais ,Plena noite,Vento,Simples ,Urbano,Motocicletas,Morto       ,39.0,Masculino
933094,21/06/2011,RN,406,SAO GONCALO DO AMARANTE,Outras,Colisão Transversal,Com Vítimas Fatais ,Plena noite,Vento,Simples ,Urbano,Automóvel,Ignorado    ,-1.0,Masculino
933120,03/07/2011,RN,101,NATAL,Não guardar distância de segurança,Colisão traseira,Sem Vítimas        ,Pleno dia,Nublado,Dupla   ,Urbano,Caminhonete,Ileso       ,52.0,Masculino
933120,03/07/2011,RN,101,NATAL,Não guardar distância de segurança,Colisão traseira,Sem Vítimas        ,Pleno dia,Nublado,Dupla   ,Urbano,Automóvel,Ileso       ,40.0,Masculino
933187,03/07/2011,RN,101,GOIANINHA,Falta de atenção,Colisão lateral,Sem Vítimas        ,Pleno dia,Nublado,Dupla   ,Urbano,Caminhonete,Ileso       ,49.0,Masculino
933187,03/07/2011,RN,101,GOIANINHA,Falta de atenção,Colisão lateral,Sem Vítimas        ,Pleno dia,Nublado,Dupla   ,Urbano,Automóvel,Ileso       ,54.0,Feminino
933289,01/07/2011,RN,304,MOSSORO,Falta de atenção,Colisão lateral,Com Vítimas Feridas,Pleno dia,Sol,Simples ,Urbano,Automóvel,Ileso       ,27.0,Masculino
933289,01/07/2011,RN,304,MOSSORO,Falta de atenção,Colisão lateral,Com Vítimas Feridas,Pleno dia,Sol,Simples ,Urbano,Motocicletas,Ferido Leve ,-1.0,Feminino
933289,01/07/2011,RN,304,MOSSORO,Falta de atenção,Colisão lateral,Com Vítimas Feridas,Pleno dia,Sol,Simples ,Urbano,Motocicletas,Ferido Leve ,57.0,Feminino
933323,01/07/2011,RN,101,NATAL,Outras,Colisão com objeto fixo,Sem Vítimas        ,Plena noite,Ceu Claro,Dupla   ,Urbano,Utilitário,Ileso       ,-1.0,Masculino
933351,03/07/2011,RN,101,NATAL,Falta de atenção,Colisão traseira,Sem Vítimas        ,Pleno dia,Chuva,Múltipla,Urbano,Automóvel,Ileso       ,46.0,Masculino
933351,03/07/2011,RN,101,NATAL,Falta de atenção,Colisão traseira,Sem Vítimas        ,Pleno dia,Chuva,Múltipla,Urbano,Ônibus,Ileso       ,50.0,Masculino
933356,03/07/2011,RN,406,JOAO CAMARA,Outras,Queda de motocicleta / bicicleta / veículo,Com Vítimas Feridas,Pleno dia,Chuva,Simples ,Rural ,Motocicletas,Ferido Leve ,49.0,Masculino
933530,30/06/2011,RN,304,ASSU,Não guardar distância de segurança,Colisão Transversal,Sem Vítimas        ,Plena noite,Ceu Claro,Simples ,Rural ,Caminhonete,Ileso       ,30.0,Masculino
933530,30/06/2011,RN,304,ASSU,Não guardar distância de segurança,Colisão Transversal,Sem Vítimas        ,Plena noite,Ceu Claro,Simples ,Rural ,Camioneta,Ileso       ,43.0,Feminino
933702,04/07/2011,RN,101,NATAL,Outras,Colisão traseira,Sem Vítimas        ,Pleno dia,Nublado,Dupla   ,Urbano,Automóvel,Ignorado    ,-1.0,Inválido
933702,04/07/2011,RN,101,NATAL,Outras,Colisão traseira,Sem Vítimas        ,Pleno dia,Nublado,Dupla   ,Urbano,Motoneta,Ileso       ,21.0,Feminino
933705,04/07/2011,RN,101,NATAL,Não guardar distância de segurança,Colisão traseira,Sem Vítimas        ,Pleno dia,Nublado,Dupla   ,Urbano,Caminhonete,Ileso       ,53.0,Masculino
933705,04/07/2011,RN,101,NATAL,Não guardar distância de segurança,Colisão traseira,Sem Vítimas        ,Pleno dia,Nublado,Dupla   ,Urbano,Automóvel,Ileso       ,30.0,Masculino
933705,04/07/2011,RN,101,NATAL,Não guardar distância de segurança,Colisão traseira,Sem Vítimas        ,Pleno dia,Nublado,Dupla   ,Urbano,Automóvel,Ileso       ,50.0,Feminino
933730,01/07/2011,RN,101,SAO JOSE DE MIPIBU,Falta de atenção,Colisão traseira,Sem Vítimas        ,Pleno dia,Ceu Claro,Dupla   ,Urbano,Automóvel,Ileso       ,58.0,Masculino
933730,01/07/2011,RN,101,SAO JOSE DE MIPIBU,Falta de atenção,Colisão traseira,Sem Vítimas        ,Pleno dia,Ceu Claro,Dupla   ,Urbano,Caminhão-Trator,Ileso       ,35.0,Masculino
933761,20/05/2011,RN,226,MACAIBA,Outras,Colisão Transversal,Sem Vítimas        ,Pleno dia,Nublado,Simples ,Urbano,Automóvel,Ileso       ,24.0,Masculino
933761,20/05/2011,RN,226,MACAIBA,Outras,Colisão Transversal,Sem Vítimas        ,Pleno dia,Nublado,Simples ,Urbano,Automóvel,Ileso       ,55.0,Masculino
933761,20/05/2011,RN,226,MACAIBA,Outras,Colisão Transversal,Sem Vítimas        ,Pleno dia,Nublado,Simples ,Urbano,Microônibus,Ileso       ,54.0,Masculino
933791,02/07/2011,RN,110,MOSSORO,Defeito na via,Queda de motocicleta / bicicleta / veículo,Com Vítimas Feridas,Plena noite,Ceu Claro,Simples ,Rural ,Motocicletas,Ferido Grave,23.0,Masculino
933956,30/06/2011,RN,101,PARNAMIRIM,Outras,Colisão traseira,Sem Vítimas        ,Pleno dia,Ceu Claro,Dupla   ,Urbano,Automóvel,Ileso       ,39.0,Masculino
933956,30/06/2011,RN,101,PARNAMIRIM,Outras,Colisão traseira,Sem Vítimas        ,Pleno dia,Ceu Claro,Dupla   ,Urbano,Camioneta,Ileso       ,36.0,Masculino
933956,30/06/2011,RN,101,PARNAMIRIM,Outras,Colisão traseira,Sem Vítimas        ,Pleno dia,Ceu Claro,Dupla   ,Urbano,Automóvel,Ileso       ,41.0,Masculino
934062,04/07/2011,RN,101,NATAL,Falta de atenção,Colisão traseira,Sem Vítimas        ,Pleno dia,Ceu Claro,Dupla   ,Urbano,Automóvel,Ileso       ,25.0,Masculino
934062,04/07/2011,RN,101,NATAL,Falta de atenção,Colisão traseira,Sem Vítimas        ,Pleno dia,Ceu Claro,Dupla   ,Urbano,Automóvel,Ileso       ,55.0,Masculino
934123,04/07/2011,RN,101,NATAL,Falta de atenção,Danos Eventuais,Sem Vítimas        ,Anoitecer,Ceu Claro,Dupla   ,Urbano,Automóvel,Ileso       ,30.0,Feminino
934123,04/07/2011,RN,101,NATAL,Falta de atenção,Danos Eventuais,Sem Vítimas        ,Anoitecer,Ceu Claro,Dupla   ,Urbano,Automóvel,Ileso       ,33.0,Masculino
934167,30/06/2011,RN,304,MACAIBA,Outras,Atropelamento de pessoa,Com Vítimas Feridas,Plena noite,Nublado,Dupla   ,Rural ,Motocicletas,Ferido Leve ,42.0,Masculino
934167,30/06/2011,RN,304,MACAIBA,Outras,Atropelamento de pessoa,Com Vítimas Feridas,Plena noite,Nublado,Dupla   ,Rural ,(null),Ferido Grave,49.0,Masculino
934227,04/07/2011,RN,101,PARNAMIRIM,Falta de atenção,Colisão lateral,Sem Vítimas        ,Plena noite,Nublado,Dupla   ,Urbano,Caminhão-Trator,Ileso       ,29.0,Masculino
934227,04/07/2011,RN,101,PARNAMIRIM,Falta de atenção,Colisão lateral,Sem Vítimas        ,Plena noite,Nublado,Dupla   ,Urbano,Automóvel,Ileso       ,50.0,Masculino
934409,01/07/2011,RN,101,SAO GONCALO DO AMARANTE,Falta de atenção,Colisão lateral,Sem Vítimas        ,Plena noite,Ceu Claro,Dupla   ,Urbano,Caminhão-Trator,Ileso       ,55.0,Masculino
934409,01/07/2011,RN,101,SAO GONCALO DO AMARANTE,Falta de atenção,Colisão lateral,Sem Vítimas        ,Plena noite,Ceu Claro,Dupla   ,Urbano,Caminhão-Trator,Ileso       ,36.0,Masculino
934612,03/07/2011,RN,101,NATAL,Outras,Colisão Transversal,Com Vítimas Feridas,Plena noite,Vento,Dupla   ,Urbano,Motocicletas,Ferido Leve ,21.0,Masculino
934612,03/07/2011,RN,101,NATAL,Outras,Colisão Transversal,Com Vítimas Feridas,Plena noite,Vento,Dupla   ,Urbano,Motocicletas,Ferido Leve ,-1.0,Feminino
934612,03/07/2011,RN,101,NATAL,Outras,Colisão Transversal,Com Vítimas Feridas,Plena noite,Vento,Dupla   ,Urbano,Automóvel,Ignorado    ,-1.0,Inválido
934743,28/06/2011,RN,405,GOVERNADOR DIX-SEPT ROSADO,Falta de atenção,Colisão traseira,Ignorado           ,Pleno dia,Ceu Claro,Simples ,Rural ,Caminhão-Trator,Ignorado    ,47.0,Masculino
934743,28/06/2011,RN,405,GOVERNADOR DIX-SEPT ROSADO,Falta de atenção,Colisão traseira,Ignorado           ,Pleno dia,Ceu Claro,Simples ,Rural ,Utilitário,Ignorado    ,-1.0,Masculino
934843,02/07/2011,RN,405,FELIPE GUERRA,Falta de atenção,Colisão Transversal,Com Vítimas Feridas,Pleno dia,Ceu Claro,Simples ,Rural ,Motocicletas,Ferido Leve ,30.0,Masculino
934843,02/07/2011,RN,405,FELIPE GUERRA,Falta de atenção,Colisão Transversal,Com Vítimas Feridas,Pleno dia,Ceu Claro,Simples ,Rural ,Automóvel,Ileso       ,52.0,Masculino
934881,06/07/2011,RN,101,PARNAMIRIM,Falta de atenção,Atropelamento de pessoa,Com Vítimas Feridas,Anoitecer,Nublado,Dupla   ,Urbano,Motocicletas,Ileso       ,-1.0,Masculino
934881,06/07/2011,RN,101,PARNAMIRIM,Falta de atenção,Atropelamento de pessoa,Com Vítimas Feridas,Anoitecer,Nublado,Dupla   ,Urbano,(null),Ferido Grave,79.0,Masculino