id,data_inversa,uf,br,municipio,causa_acidente,tipo_acidente,classificacao_acidente,fase_dia,condicao_metereologica,tipo_pista,uso_solo,tipo_veiculo,estado_fisico,idade,sexo
959629,14/08/2011,RN,101,PARNAMIRIM,Falta de atenção,Colisão com objeto fixo,Com Vítimas Feridas,Plena noite,Chuva,Dupla   ,Urbano,Automóvel,Ferido Leve ,56.0,Masculino
959705,14/08/2011,RN,304,MOSSORO,Ingestão de álcool,Colisão frontal,Sem Vítimas        ,Plena noite,Ceu Claro,Simples ,Urbano,Automóvel,Ileso       ,49.0,Masculino
959705,14/08/2011,RN,304,MOSSORO,Ingestão de álcool,Colisão frontal,Sem Vítimas        ,Plena noite,Ceu Claro,Simples ,Urbano,Automóvel,Ileso       ,28.0,Feminino
959705,14/08/2011,RN,304,MOSSORO,Ingestão de álcool,Colisão frontal,Sem Vítimas        ,Plena noite,Ceu Claro,Simples ,Urbano,Automóvel,Ileso       ,33.0,Masculino
959716,14/08/2011,RN,101,PARNAMIRIM,Não guardar distância de segurança,Colisão traseira,Sem Vítimas        ,Plena noite,Chuva,Dupla   ,Urbano,Automóvel,Ileso       ,30.0,Masculino
959716,14/08/2011,RN,101,PARNAMIRIM,Não guardar distância de segurança,Colisão traseira,Sem Vítimas        ,Plena noite,Chuva,Dupla   ,Urbano,Automóvel,Ignorado    ,-1.0,Inválido
959766,15/08/2011,RN,101,NATAL,Falta de atenção,Colisão com objeto fixo,Com Vítimas Feridas,Plena noite,Chuva,Dupla   ,Urbano,Automóvel,Ferido Leve ,18.0,Masculino
959847,07/08/2011,RN,406,JOAO CAMARA,Outras,Colisão frontal,Com Vítimas Feridas,Plena noite,Vento,Simples ,Rural ,Motocicletas,Ferido Grave,46.0,Masculino
959847,07/08/2011,RN,406,JOAO CAMARA,Outras,Colisão frontal,Com Vítimas Feridas,Plena noite,Vento,Simples ,Rural ,Camioneta,Ileso       ,44.0,Masculino
959849,09/08/2011,RN,226,FLORANIA,Outras,Queda de motocicleta / bicicleta / veículo,Com Vítimas Feridas,Plena noite,Ignorada,Simples ,Rural ,Motocicletas,Ferido Grave,30.0,Masculino
959935,15/08/2011,RN,427,ACARI,Falta de atenção,Colisão Transversal,Com Vítimas Feridas,Pleno dia,Ceu Claro,Simples ,Urbano,Automóvel,Ileso       ,-1.0,Masculino
959935,15/08/2011,RN,427,ACARI,Falta de atenção,Colisão Transversal,Com Vítimas Feridas,Pleno dia,Ceu Claro,Simples ,Urbano,Automóvel,Ferido Grave,-1.0,Masculino
959971,15/08/2011,RN,101,NATAL,Falta de atenção,Colisão frontal,Com Vítimas Feridas,Pleno dia,Sol,Múltipla,Urbano,Automóvel,Ileso       ,32.0,Masculino
959971,15/08/2011,RN,101,NATAL,Falta de atenção,Colisão frontal,Com Vítimas Feridas,Pleno dia,Sol,Múltipla,Urbano,Motocicletas,Ferido Leve ,26.0,Masculino
959976,01/08/2011,RN,101,SAO GONCALO DO AMARANTE,Outras,Colisão lateral,Sem Vítimas        ,Plena noite,Ceu Claro,Dupla   ,Urbano,Automóvel,Ileso       ,37.0,Masculino
959976,01/08/2011,RN,101,SAO GONCALO DO AMARANTE,Outras,Colisão lateral,Sem Vítimas        ,Plena noite,Ceu Claro,Dupla   ,Urbano,Automóvel,Ileso       ,44.0,Masculino
959976,01/08/2011,RN,101,SAO GONCALO DO AMARANTE,Outras,Colisão lateral,Sem Vítimas        ,Plena noite,Ceu Claro,Dupla   ,Urbano,Caminhão,Ileso       ,28.0,Masculino
959980,15/08/2011,RN,101,SAO GONCALO DO AMARANTE,Outras,Colisão traseira,Com Vítimas Feridas,Pleno dia,Ceu Claro,Dupla   ,Urbano,Automóvel,Ileso       ,33.0,Masculino
959980,15/08/2011,RN,101,SAO GONCALO DO AMARANTE,Outras,Colisão traseira,Com Vítimas Feridas,Pleno dia,Ceu Claro,Dupla   ,Urbano,Motocicletas,Ferido Leve ,28.0,Masculino
959980,15/08/2011,RN,101,SAO GONCALO DO AMARANTE,Outras,Colisão traseira,Com Vítimas Feridas,Pleno dia,Ceu Claro,Dupla   ,Urbano,Motocicletas,Ferido Leve ,18.0,Feminino
959991,23/07/2011,RN,101,NATAL,Falta de atenção,Capotamento,Com Vítimas Feridas,Plena noite,Ceu Claro,Dupla   ,Urbano,Camioneta,Ferido Leve ,21.0,Feminino
959991,23/07/2011,RN,101,NATAL,Falta de atenção,Capotamento,Com Vítimas Feridas,Plena noite,Ceu Claro,Dupla   ,Urbano,Camioneta,Ferido Leve ,22.0,Masculino
959991,23/07/2011,RN,101,NATAL,Falta de atenção,Capotamento,Com Vítimas Feridas,Plena noite,Ceu Claro,Dupla   ,Urbano,Camioneta,Ferido Leve ,30.0,Masculino
960100,15/08/2011,RN,226,NATAL,Falta de atenção,Colisão traseira,Com Vítimas Feridas,Pleno dia,Nublado,Simples ,Urbano,Automóvel,Ferido Leve ,27.0,Masculino
960100,15/08/2011,RN,226,NATAL,Falta de atenção,Colisão traseira,Com Vítimas Feridas,Pleno dia,Nublado,Simples ,Urbano,Caminhão-Trator,Ileso       ,51.0,Masculino
960166,15/08/2011,RN,304,MACAIBA,Defeito mecânico em veículo,Capotamento,Com Vítimas Feridas,Pleno dia,Chuva,Simples ,Rural ,Automóvel,Ferido Leve ,29.0,Masculino
960216,15/08/2011,RN,101,NATAL,Falta de atenção,Colisão traseira,Sem Vítimas        ,Plena noite,Ceu Claro,Múltipla,Urbano,Automóvel,Ileso       ,27.0,Feminino
960216,15/08/2011,RN,101,NATAL,Falta de atenção,Colisão traseira,Sem Vítimas        ,Plena noite,Ceu Claro,Múltipla,Urbano,Automóvel,Ileso       ,30.0,Masculino
960237,15/08/2011,RN,304,MACAIBA,Outras,Colisão com objeto fixo,Sem Vítimas        ,Plena noite,Nublado,Simples ,Rural ,Automóvel,Ileso       ,39.0,Masculino
960237,15/08/2011,RN,304,MACAIBA,Outras,Colisão com objeto fixo,Sem Vítimas        ,Plena noite,Nublado,Simples ,Rural ,Caminhão,Ileso       ,-1.0,Inválido
960366,16/08/2011,RN,304,MOSSORO,Falta de atenção,Colisão com bicicleta,Com Vítimas Feridas,Pleno dia,Ceu Claro,Simples ,Urbano,Automóvel,Ileso       ,67.0,Masculino
960366,16/08/2011,RN,304,MOSSORO,Falta de atenção,Colisão com bicicleta,Com Vítimas Feridas,Pleno dia,Ceu Claro,Simples ,Urbano,Bicicleta,Ferido Leve ,13.0,Masculino
960392,12/08/2011,RN,427,CURRAIS NOVOS,Outras,Colisão frontal,Com Vítimas Feridas,Plena noite,Ceu Claro,Simples ,Urbano,Caminhão,Ileso       ,49.0,Masculino
960392,12/08/2011,RN,427,CURRAIS NOVOS,Outras,Colisão frontal,Com Vítimas Feridas,Plena noite,Ceu Claro,Simples ,Urbano,Motocicletas,Ferido Leve ,31.0,Masculino
960644,16/08/2011,RN,101,NATAL,Falta de atenção,Colisão traseira,Sem Vítimas        ,Pleno dia,Ceu Claro,Simples ,Urbano,Caminhonete,Ileso       ,49.0,Masculino
960644,16/08/2011,RN,101,NATAL,Falta de atenção,Colisão traseira,Sem Vítimas        ,Pleno dia,Ceu Claro,Simples ,Urbano,Automóvel,Ileso       ,48.0,Masculino
960671,16/08/2011,RN,101,PARNAMIRIM,Falta de atenção,Colisão lateral,Sem Vítimas        ,Pleno dia,Ceu Claro,Dupla   ,Urbano,Automóvel,Ileso       ,70.0,Masculino
960671,16/08/2011,RN,101,PARNAMIRIM,Falta de atenção,Colisão lateral,Sem Vítimas        ,Pleno dia,Ceu Claro,Dupla   ,Urbano,Caminhão-Trator,Ileso       ,58.0,Masculino
960698,14/08/2011,RN,101,PARNAMIRIM,Não guardar distância de segurança,Colisão traseira,Sem Vítimas        ,Plena noite,Chuva,Múltipla,Urbano,Automóvel,Ileso       ,34.0,Masculino
960698,14/08/2011,RN,101,PARNAMIRIM,Não guardar distância de segurança,Colisão traseira,Sem Vítimas        ,Plena noite,Chuva,Múltipla,Urbano,Camioneta,Ileso       ,37.0,Masculino
960746,16/08/2011,RN,101,PARNAMIRIM,Outras,Queda de motocicleta / bicicleta / veículo,Com Vítimas Feridas,Plena noite,Ceu Claro,Dupla   ,Urbano,Motocicletas,Ferido Leve ,23.0,Masculino
960746,16/08/2011,RN,101,PARNAMIRIM,Outras,Queda de motocicleta / bicicleta / veículo,Com Vítimas Feridas,Plena noite,Ceu Claro,Dupla   ,Urbano,Motocicletas,Ferido Leve ,23.0,Feminino
960746,16/08/2011,RN,101,PARNAMIRIM,Outras,Queda de motocicleta / bicicleta / veículo,Com Vítimas Feridas,Plena noite,Ceu Claro,Dupla   ,Urbano,Ônibus,Ileso       ,-1.0,Inválido
960785,13/08/2011,RN,101,NATAL,Outras,Colisão traseira,Sem Vítimas        ,Amanhecer,Ceu Claro,Múltipla,Urbano,Automóvel,Ileso       ,23.0,Masculino
960785,13/08/2011,RN,101,NATAL,Outras,Colisão traseira,Sem Vítimas        ,Amanhecer,Ceu Claro,Múltipla,Urbano,Microônibus,Ileso       ,36.0,Masculino
960801,14/08/2011,RN,101,NATAL,Ingestão de álcool,Atropelamento de pessoa,Com Vítimas Feridas,Plena noite,Nublado,Múltipla,Urbano,Caminhonete,Ileso       ,-1.0,Masculino
960801,14/08/2011,RN,101,NATAL,Ingestão de álcool,Atropelamento de pessoa,Com Vítimas Feridas,Plena noite,Nublado,Múltipla,Urbano,(null),Ferido Grave,30.0,Masculino
960808,14/08/2011,RN,226,SERRA CAIADA,Não guardar distância de segurança,Colisão traseira,Sem Vítimas        ,Pleno dia,Ceu Claro,Simples ,Urbano,Caminhonete,Ileso       ,61.0,Masculino
960808,14/08/2011,RN,226,SERRA CAIADA,Não guardar distância de segurança,Colisão traseira,Sem Vítimas        ,Pleno dia,Ceu Claro,Simples ,Urbano,Automóvel,Ileso       ,25.0,Masculino
960846,14/08/2011,RN,226,NATAL,Ingestão de álcool,Atropelamento de pessoa,Com Vítimas Feridas,Plena noite,Chuva,Dupla   ,Urbano,Motocicletas,Ileso       ,24.0,Masculino
960846,14/08/2011,RN,226,NATAL,Ingestão de álcool,Atropelamento de pessoa,Com Vítimas Feridas,Plena noite,Chuva,Dupla   ,Urbano,(null),Ferido Grave,47.0,Masculino
960851,16/08/2011,RN,101,NATAL,Falta de atenção,Colisão traseira,Sem Vítimas        ,Plena noite,Ceu Claro,Múltipla,Urbano,Automóvel,Ileso       ,46.0,Masculino
960851,16/08/2011,RN,101,NATAL,Falta de atenção,Colisão traseira,Sem Vítimas        ,Plena noite,Ceu Claro,Múltipla,Urbano,Utilitário,Ileso       ,50.0,Masculino
960867,14/08/2011,RN,101,CEARA-MIRIM,Ingestão de álcool,Colisão com objeto fixo,Com Vítimas Fatais ,Amanhecer,Nublado,Simples ,Rural ,Motocicletas,Morto       ,27.0,Masculino
960894,10/08/2011,RN,101,PARNAMIRIM,Falta de atenção,Colisão traseira,Sem Vítimas        ,Pleno dia,Ceu Claro,Dupla   ,Urbano,Caminhonete,Ileso       ,20.0,Masculino
960894,10/08/2011,RN,101,PARNAMIRIM,Falta de atenção,Colisão traseira,Sem Vítimas        ,Pleno dia,Ceu Claro,Dupla   ,Urbano,Automóvel,Ileso       ,40.0,Masculino
960928,17/08/2011,RN,101,NATAL,Falta de atenção,Colisão Transversal,Sem Vítimas        ,Pleno dia,Nublado,Dupla   ,Urbano,Automóvel,Ileso       ,59.0,Masculino
960928,17/08/2011,RN,101,NATAL,Falta de atenção,Colisão Transversal,Sem Vítimas        ,Pleno dia,Nublado,Dupla   ,Urbano,Automóvel,Ileso       ,51.0,Masculino
960946,17/08/2011,RN,405,MOSSORO,Outras,Saída de Pista,Sem Vítimas        ,Pleno dia,Ceu Claro,Simples ,Rural ,Automóvel,Ileso       ,46.0,Feminino
961001,12/08/2011,RN,427,CAICO,Não guardar distância de segurança,Colisão traseira,Com Vítimas Feridas,Plena noite,Ceu Claro,Simples ,Urbano,Automóvel,Ileso       ,51.0,Masculino
961001,12/08/2011,RN,427,CAICO,Não guardar distância de segurança,Colisão traseira,Com Vítimas Feridas,Plena noite,Ceu Claro,Simples ,Urbano,Motocicletas,Ferido Leve ,34.0,Masculino
961007,16/08/2011,RN,226,SANTA CRUZ,Falta de atenção,Derramamento de Carga,Sem Vítimas        ,Pleno dia,Ceu Claro,Simples ,Rural ,Caminhão-Trator,Ileso       ,33.0,Masculino
961011,13/08/2011,RN,101,NATAL,Desobediência à sinalização,Colisão lateral,Sem Vítimas        ,Plena noite,Ceu Claro,Dupla   ,Urbano,Caminhonete,Ileso       ,21.0,Masculino
961011,13/08/2011,RN,101,NATAL,Desobediência à sinalização,Colisão lateral,Sem Vítimas        ,Plena noite,Ceu Claro,Dupla   ,Urbano,Microônibus,Ileso       ,38.0,Masculino
961169,17/08/2011,RN,101,EXTREMOZ,Falta de atenção,Saída de Pista,Com Vítimas Feridas,Pleno dia,Sol,Simples ,Rural ,Automóvel,Ileso       ,37.0,Feminino
961169,17/08/2011,RN,101,EXTREMOZ,Falta de atenção,Saída de Pista,Com Vítimas Feridas,Pleno dia,Sol,Simples ,Rural ,Automóvel,Ferido Leve ,15.0,Feminino
961286,17/08/2011,RN,101,NATAL,Outras,Colisão traseira,Sem Vítimas        ,Plena noite,Nublado,Dupla   ,Urbano,Automóvel,Ileso       ,24.0,Masculino
961286,17/08/2011,RN,101,NATAL,Outras,Colisão traseira,Sem Vítimas        ,Plena noite,Nublado,Dupla   ,Urbano,Automóvel,Ileso       ,27.0,Feminino
961331,17/08/2011,RN,304,MOSSORO,Outras,Colisão com bicicleta,Com Vítimas Feridas,Plena noite,Ceu Claro,Simples ,Urbano,Bicicleta,Ferido Grave,-1.0,Masculino
961331,17/08/2011,RN,304,MOSSORO,Outras,Colisão com bicicleta,Com Vítimas Feridas,Plena noite,Ceu Claro,Simples ,Urbano,Não identificado,Ignorado    ,-1.0,Inválido
961394,17/08/2011,RN,226,NATAL,Ingestão de álcool,Atropelamento de pessoa,Com Vítimas Feridas,Pleno dia,Ceu Claro,Dupla   ,Urbano,Ciclomotor,Ileso       ,58.0,Masculino
961394,17/08/2011,RN,226,NATAL,Ingestão de álcool,Atropelamento de pessoa,Com Vítimas Feridas,Pleno dia,Ceu Claro,Dupla   ,Urbano,(null),Ferido Leve ,13.0,Feminino
961518,18/08/2011,RN,406,JOAO CAMARA,Outras,Capotamento,Sem Vítimas        ,Pleno dia,Nublado,Simples ,Rural ,Caminhonete,Ileso       ,30.0,Masculino
961518,18/08/2011,RN,406,JOAO CAMARA,Outras,Capotamento,Sem Vítimas        ,Pleno dia,Nublado,Simples ,Rural ,Não identificado,Ignorado    ,-1.0,Inválido
961531,18/08/2011,RN,101,SAO GONCALO DO AMARANTE,Não guardar distância de segurança,Colisão traseira,Sem Vítimas        ,Pleno dia,Nublado,Dupla   ,Urbano,Automóvel,Ileso       ,51.0,Masculino
961531,18/08/2011,RN,101,SAO GONCALO DO AMARANTE,Não guardar distância de segurança,Colisão traseira,Sem Vítimas        ,Pleno dia,Nublado,Dupla   ,Urbano,Motocicletas,Ileso       ,41.0,Masculino
961609,18/08/2011,RN,101,NATAL,Não guardar distância de segurança,Colisão traseira,Sem Vítimas        ,Pleno dia,Chuva,Dupla   ,Urbano,Automóvel,Ileso       ,44.0,Feminino
961609,18/08/2011,RN,101,NATAL,Não guardar distância de segurança,Colisão traseira,Sem Vítimas        ,Pleno dia,Chuva,Dupla   ,Urbano,Automóvel,Ileso       ,30.0,Masculino
961672,18/08/2011,RN,405,FELIPE GUERRA,Outras,Capotamento,Sem Vítimas        ,Pleno dia,Ceu Claro,Simples ,Rural ,Caminhonete,Ileso       ,27.0,Masculino
961672,18/08/2011,RN,405,FELIPE GUERRA,Outras,Capotamento,Sem Vítimas        ,Pleno dia,Ceu Claro,Simples ,Rural ,Caminhonete,Ileso       ,31.0,Masculino
961706,18/08/2011,RN,101,NATAL,Outras,Colisão lateral,Sem Vítimas        ,Pleno dia,Ceu Claro,Dupla   ,Urbano,Caminhão-Trator,Ileso       ,-1.0,Masculino
961706,18/08/2011,RN,101,NATAL,Outras,Colisão lateral,Sem Vítimas        ,Pleno dia,Ceu Claro,Dupla   ,Urbano,Utilitário,Ileso       ,36.0,Feminino
961815,15/08/2011,RN,101,NATAL,Animais na Pista,Atropelamento de animal,Com Vítimas Feridas,Pleno dia,Nublado,Dupla   ,Urbano,Motocicletas,Ferido Leve ,37.0,Masculino
961837,18/08/2011,RN,101,NATAL,Falta de atenção,Colisão Transversal,Sem Vítimas        ,Anoitecer,Nublado,Múltipla,Urbano,Caminhão,Ileso       ,40.0,Masculino
961837,18/08/2011,RN,101,NATAL,Falta de atenção,Colisão Transversal,Sem Vítimas        ,Anoitecer,Nublado,Múltipla,Urbano,Automóvel,Ileso       ,46.0,Feminino
961906,18/08/2011,RN,304,LAJES,Animais na Pista,Atropelamento de animal,Sem Vítimas        ,Plena noite,Ceu Claro,Simples ,Urbano,Automóvel,Ileso       ,53.0,Masculino
961944,18/08/2011,RN,110,MOSSORO,Falta de atenção,Colisão Transversal,Com Vítimas Feridas,Anoitecer,Ceu Claro,Dupla   ,Urbano,Motocicletas,Ferido Leve ,51.0,Masculino
961944,18/08/2011,RN,110,MOSSORO,Falta de atenção,Colisão Transversal,Com Vítimas Feridas,Anoitecer,Ceu Claro,Dupla   ,Urbano,Motocicletas,Ferido Leve ,26.0,Masculino
962120,19/08/2011,RN,101,NATAL,Não guardar distância de segurança,Colisão traseira,Sem Vítimas        ,Pleno dia,Sol,Dupla   ,Urbano,Automóvel,Ileso       ,23.0,Feminino
962120,19/08/2011,RN,101,NATAL,Não guardar distância de segurança,Colisão traseira,Sem Vítimas        ,Pleno dia,Sol,Dupla   ,Urbano,Automóvel,Ileso       ,36.0,Masculino
962143,19/08/2011,RN,110,MOSSORO,Não guardar distância de segurança,Colisão lateral,Com Vítimas Feridas,Pleno dia,Sol,Simples ,Rural ,Automóvel,Ignorado    ,-1.0,Inválido
962143,19/08/2011,RN,110,MOSSORO,Não guardar distância de segurança,Colisão lateral,Com Vítimas Feridas,Pleno dia,Sol,Simples ,Rural ,Motocicletas,Ferido Leve ,37.0,Masculino
962164,06/08/2011,RN,226,NATAL,Outras,Colisão com objeto fixo,Com Vítimas Feridas,Pleno dia,Sol,Simples ,Urbano,Caminhão,Ferido Leve ,24.0,Masculino
962164,06/08/2011,RN,226,NATAL,Outras,Colisão com objeto fixo,Com Vítimas Feridas,Pleno dia,Sol,Simples ,Urbano,(null),Ignorado    ,53.0,Feminino
962173,31/07/2011,RN,101,PARNAMIRIM,Desobediência à sinalização,Colisão Transversal,Sem Vítimas        ,Plena noite,Chuva,Múltipla,Urbano,Automóvel,Ileso       ,45.0,Feminino
962173,31/07/2011,RN,101,PARNAMIRIM,Desobediência à sinalização,Colisão Transversal,Sem Vítimas        ,Plena noite,Chuva,Múltipla,Urbano,Automóvel,Ileso       ,38.0,Masculino
962287,19/08/2011,RN,304,MACAIBA,Falta de atenção,Colisão traseira,Sem Vítimas        ,Pleno dia,Sol,Simples ,Rural ,Caminhonete,Ileso       ,59.0,Masculino
962287,19/08/2011,RN,304,MACAIBA,Falta de atenção,Colisão traseira,Sem Vítimas        ,Pleno dia,Sol,Simples ,Rural ,Automóvel,Ileso       ,27.0,Masculino
962355,19/08/2011,RN,304,MACAIBA,Outras,Colisão traseira,Sem Vítimas        ,Anoitecer,Ceu Claro,Simples ,Rural ,Automóvel,Ileso       ,54.0,Masculino
962355,19/08/2011,RN,304,MACAIBA,Outras,Colisão traseira,Sem Vítimas        ,Anoitecer,Ceu Claro,Simples ,Rural ,Automóvel,Ileso       ,61.0,Masculino
962363,19/08/2011,RN,101,PARNAMIRIM,Ultrapassagem indevida,Colisão lateral,Com Vítimas Feridas,Pleno dia,Sol,Múltipla,Urbano,Motocicletas,Ferido Leve ,41.0,Feminino
962363,19/08/2011,RN,101,PARNAMIRIM,Ultrapassagem indevida,Colisão lateral,Com Vítimas Feridas,Pleno dia,Sol,Múltipla,Urbano,Automóvel,Ileso       ,33.0,Masculino
962371,19/08/2011,RN,406,JOAO CAMARA,Animais na Pista,Atropelamento de animal,Sem Vítimas        ,Pleno dia,Ceu Claro,Simples ,Rural ,Automóvel,Ileso       ,25.0,Masculino
962425,19/08/2011,RN,101,PARNAMIRIM,Não guardar distância de segurança,Colisão lateral,Sem Vítimas        ,Pleno dia,Ceu Claro,Dupla   ,Urbano,Automóvel,Ileso       ,33.0,Feminino
962425,19/08/2011,RN,101,PARNAMIRIM,Não guardar distância de segurança,Colisão lateral,Sem Vítimas        ,Pleno dia,Ceu Claro,Dupla   ,Urbano,Caminhão,Ileso       ,60.0,Masculino
962445,19/08/2011,RN,101,PARNAMIRIM,Não guardar distância de segurança,Colisão lateral,Sem Vítimas        ,Plena noite,Ceu Claro,Múltipla,Urbano,Automóvel,Ileso       ,34.0,Masculino
962445,19/08/2011,RN,101,PARNAMIRIM,Não guardar distância de segurança,Colisão lateral,Sem Vítimas        ,Plena noite,Ceu Claro,Múltipla,Urbano,Automóvel,Ileso       ,24.0,Masculino
962496,19/08/2011,RN,405,MOSSORO,Falta de atenção,Colisão lateral,Com Vítimas Feridas,Pleno dia,Sol,Dupla   ,Urbano,Automóvel,Ileso       ,50.0,Masculino
962496,19/08/2011,RN,405,MOSSORO,Falta de atenção,Colisão lateral,Com Vítimas Feridas,Pleno dia,Sol,Dupla   ,Urbano,Ciclomotor,Ferido Leve ,37.0,Masculino
962517,19/08/2011,RN,101,NATAL,Não guardar distância de segurança,Colisão traseira,Sem Vítimas        ,Plena noite,Ceu Claro,Dupla   ,Urbano,Caminhonete,Ileso       ,38.0,Masculino
962517,19/08/2011,RN,101,NATAL,Não guardar distância de segurança,Colisão traseira,Sem Vítimas        ,Plena noite,Ceu Claro,Dupla   ,Urbano,Automóvel,Ileso       ,34.0,Masculino
962517,19/08/2011,RN,101,NATAL,Não guardar distância de segurança,Colisão traseira,Sem Vítimas        ,Plena noite,Ceu Claro,Dupla   ,Urbano,Automóvel,Ileso       ,21.0,Masculino
962622,18/08/2011,RN,101,PARNAMIRIM,Outras,Colisão lateral,Sem Vítimas        ,Pleno dia,Ceu Claro,Múltipla,Urbano,Automóvel,Ileso       ,25.0,Masculino
962622,18/08/2011,RN,101,PARNAMIRIM,Outras,Colisão lateral,Sem Vítimas        ,Pleno dia,Ceu Claro,Múltipla,Urbano,Automóvel,Ileso       ,43.0,Feminino
962637,18/08/2011,RN,101,NATAL,Falta de atenção,Colisão traseira,Sem Vítimas        ,Pleno dia,Ceu Claro,Dupla   ,Urbano,Ônibus,Ileso       ,39.0,Masculino
962637,18/08/2011,RN,101,NATAL,Falta de atenção,Colisão traseira,Sem Vítimas        ,Pleno dia,Ceu Claro,Dupla   ,Urbano,Caminhonete,Ileso       ,27.0,Masculino
962655,18/08/2011,RN,101,NATAL,Outras,Colisão com objeto fixo,Sem Vítimas        ,Plena noite,Nublado,Múltipla,Urbano,Automóvel,Ileso       ,46.0,Masculino
962668,20/08/2011,RN,101,NATAL,Falta de atenção,Colisão traseira,Com Vítimas Feridas,Pleno dia,Ceu Claro,Dupla   ,Urbano,Caminhonete,Ferido Leve ,33.0,Masculino
962668,20/08/2011,RN,101,NATAL,Falta de atenção,Colisão traseira,Com Vítimas Feridas,Pleno dia,Ceu Claro,Dupla   ,Urbano,Caminhão,Ileso       ,34.0,Masculino
962717,23/07/2011,RN,226,MACAIBA,Outras,Colisão lateral,Sem Vítimas        ,Pleno dia,Ceu Claro,Simples ,Rural ,Automóvel,Ileso       ,50.0,Masculino
962717,23/07/2011,RN,226,MACAIBA,Outras,Colisão lateral,Sem Vítimas        ,Pleno dia,Ceu Claro,Simples ,Rural ,Caminhão-Trator,Ileso       ,43.0,Masculino
962732,20/08/2011,RN,406,SAO GONCALO DO AMARANTE,Não guardar distância de segurança,Colisão traseira,Com Vítimas Feridas,Pleno dia,Ceu Claro,Simples ,Rural ,Motocicletas,Ferido Leve ,31.0,Masculino
962732,20/08/2011,RN,406,SAO GONCALO DO AMARANTE,Não guardar distância de segurança,Colisão traseira,Com Vítimas Feridas,Pleno dia,Ceu Claro,Simples ,Rural ,Automóvel,Ileso       ,50.0,Masculino
962732,20/08/2011,RN,406,SAO GONCALO DO AMARANTE,Não guardar distância de segurança,Colisão traseira,Com Vítimas Feridas,Pleno dia,Ceu Claro,Simples ,Rural ,Motocicletas,Ferido Leve ,-1.0,Masculino
962733,20/08/2011,RN,304,MOSSORO,Outras,Tombamento,Sem Vítimas        ,Pleno dia,Ceu Claro,Simples ,Urbano,Caminhão-Trator,Ileso       ,35.0,Masculino
962759,20/08/2011,RN,304,MOSSORO,Falta de atenção,Colisão traseira,Sem Vítimas        ,Pleno dia,Sol,Simples ,Urbano,Caminhonete,Ileso       ,51.0,Masculino
962759,20/08/2011,RN,304,MOSSORO,Falta de atenção,Colisão traseira,Sem Vítimas        ,Pleno dia,Sol,Simples ,Urbano,Caminhonete,Ileso       ,22.0,Masculino
962773,20/08/2011,RN,304,LAJES,Defeito mecânico em veículo,Saída de Pista,Sem Vítimas        ,Pleno dia,Ceu Claro,Simples ,Rural ,Automóvel,Ileso       ,37.0,Feminino
962796,20/08/2011,RN,101,ARES,Falta de atenção,Colisão traseira,Sem Vítimas        ,Pleno dia,Sol,Dupla   ,Urbano,Camioneta,Ileso       ,22.0,Masculino
962796,20/08/2011,RN,101,ARES,Falta de atenção,Colisão traseira,Sem Vítimas        ,Pleno dia,Sol,Dupla   ,Urbano,Automóvel,Ileso       ,65.0,Masculino
962841,20/08/2011,RN,101,NATAL,Não guardar distância de segurança,Colisão traseira,Sem Vítimas        ,Pleno dia,Ceu Claro,Dupla   ,Urbano,Automóvel,Ileso       ,39.0,Masculino
962841,20/08/2011,RN,101,NATAL,Não guardar distância de segurança,Colisão traseira,Sem Vítimas        ,Pleno dia,Ceu Claro,Dupla   ,Urbano,Automóvel,Ileso       ,42.0,Masculino
962876,20/08/2011,RN,226,SERRA CAIADA,Ultrapassagem indevida,Colisão frontal,Sem Vítimas        ,Pleno dia,Ceu Claro,Dupla   ,Rural ,Automóvel,Ileso       ,52.0,Masculino
962876,20/08/2011,RN,226,SERRA CAIADA,Ultrapassagem indevida,Colisão frontal,Sem Vítimas        ,Pleno dia,Ceu Claro,Dupla   ,Rural ,Caminhonete,Ileso       ,40.0,Masculino
962888,18/08/2011,RN,101,PARNAMIRIM,Desobediência à sinalização,Colisão lateral,Com Vítimas Feridas,Plena noite,Chuva,Dupla   ,Urbano,Caminhão,Ileso       ,41.0,Masculino
962888,18/08/2011,RN,101,PARNAMIRIM,Desobediência à sinalização,Colisão lateral,Com Vítimas Feridas,Plena noite,Chuva,Dupla   ,Urbano,Motocicletas,Ferido Leve ,-1.0,Inválido
962896,20/08/2011,RN,101,SAO JOSE DE MIPIBU,Outras,Colisão com bicicleta,Com Vítimas Fatais ,Pleno dia,Ceu Claro,Dupla   ,Urbano,Automóvel,Ileso       ,71.0,Masculino
962896,20/08/2011,RN,101,SAO JOSE DE MIPIBU,Outras,Colisão com bicicleta,Com Vítimas Fatais ,Pleno dia,Ceu Claro,Dupla   ,Urbano,Bicicleta,Morto       ,-1.0,Masculino
962903,20/08/2011,RN,304,MOSSORO,Desobediência à sinalização,Colisão Transversal,Sem Vítimas        ,Anoitecer,Ceu Claro,Simples ,Urbano,Motocicletas,Ileso       ,30.0,Masculino