id,data_inversa,uf,br,municipio,causa_acidente,tipo_acidente,classificacao_acidente,fase_dia,condicao_metereologica,tipo_pista,uso_solo,tipo_veiculo,estado_fisico,idade,sexo
964789,23/08/2011,RN,101,NATAL,Falta de atenção,Colisão traseira,Sem Vítimas        ,Pleno dia,Ceu Claro,Dupla   ,Urbano,Automóvel,Ileso       ,21.0,Feminino
964846,23/08/2011,RN,101,NATAL,Falta de atenção,Colisão traseira,Sem Vítimas        ,Pleno dia,Ceu Claro,Dupla   ,Urbano,Automóvel,Ileso       ,35.0,Masculino
964846,23/08/2011,RN,101,NATAL,Falta de atenção,Colisão traseira,Sem Vítimas        ,Pleno dia,Ceu Claro,Dupla   ,Urbano,Automóvel,Ileso       ,37.0,Masculino
964880,24/08/2011,RN,101,NATAL,Não guardar distância de segurança,Colisão lateral,Com Vítimas Feridas,Pleno dia,Sol,Dupla   ,Urbano,Motocicletas,Ferido Leve ,37.0,Masculino
964880,24/08/2011,RN,101,NATAL,Não guardar distância de segurança,Colisão lateral,Com Vítimas Feridas,Pleno dia,Sol,Dupla   ,Urbano,Motocicletas,Ferido Leve ,36.0,Masculino
964880,24/08/2011,RN,101,NATAL,Não guardar distância de segurança,Colisão lateral,Com Vítimas Feridas,Pleno dia,Sol,Dupla   ,Urbano,Motocicletas,Ferido Leve ,33.0,Masculino
964905,24/08/2011,RN,101,NATAL,Desobediência à sinalização,Colisão lateral,Sem Vítimas        ,Pleno dia,Ceu Claro,Dupla   ,Urbano,Ônibus,Ileso       ,43.0,Masculino
964905,24/08/2011,RN,101,NATAL,Desobediência à sinalização,Colisão lateral,Sem Vítimas        ,Pleno dia,Ceu Claro,Dupla   ,Urbano,Automóvel,Ileso       ,67.0,Feminino
964943,24/08/2011,RN,101,SAO GONCALO DO AMARANTE,Falta de atenção,Colisão lateral,Sem Vítimas        ,Plena noite,Ceu Claro,Dupla   ,Urbano,Automóvel,Ileso       ,41.0,Masculino
964943,24/08/2011,RN,101,SAO GONCALO DO AMARANTE,Falta de atenção,Colisão lateral,Sem Vítimas        ,Plena noite,Ceu Claro,Dupla   ,Urbano,Caminhão,Ileso       ,33.0,Masculino
964970,24/08/2011,RN,101,PARNAMIRIM,Não guardar distância de segurança,Colisão traseira,Sem Vítimas        ,Plena noite,Ceu Claro,Dupla   ,Urbano,Automóvel,Ileso       ,24.0,Masculino
964970,24/08/2011,RN,101,PARNAMIRIM,Não guardar distância de segurança,Colisão traseira,Sem Vítimas        ,Plena noite,Ceu Claro,Dupla   ,Urbano,Automóvel,Ileso       ,58.0,Masculino
964991,24/08/2011,RN,101,NATAL,Outras,Colisão traseira,Sem Vítimas        ,Plena noite,Ceu Claro,Dupla   ,Urbano,Automóvel,Ileso       ,25.0,Masculino
964991,24/08/2011,RN,101,NATAL,Outras,Colisão traseira,Sem Vítimas        ,Plena noite,Ceu Claro,Dupla   ,Urbano,Automóvel,Ileso       ,51.0,Masculino
965076,24/08/2011,RN,101,PARNAMIRIM,Não guardar distância de segurança,Colisão traseira,Sem Vítimas        ,Pleno dia,Sol,Dupla   ,Urbano,Caminhonete,Ileso       ,35.0,Feminino
965076,24/08/2011,RN,101,PARNAMIRIM,Não guardar distância de segurança,Colisão traseira,Sem Vítimas        ,Pleno dia,Sol,Dupla   ,Urbano,Automóvel,Ileso       ,29.0,Masculino
965084,24/08/2011,RN,101,NATAL,Não guardar distância de segurança,Colisão traseira,Sem Vítimas        ,Plena noite,Ceu Claro,Dupla   ,Urbano,Automóvel,Ileso       ,24.0,Masculino
965084,24/08/2011,RN,101,NATAL,Não guardar distância de segurança,Colisão traseira,Sem Vítimas        ,Plena noite,Ceu Claro,Dupla   ,Urbano,Automóvel,Ignorado    ,-1.0,Masculino
965174,22/08/2011,RN,101,PARNAMIRIM,Desobediência à sinalização,Colisão Transversal,Sem Vítimas        ,Plena noite,Ceu Claro,Múltipla,Urbano,Caminhão,Ileso       ,28.0,Masculino
965174,22/08/2011,RN,101,PARNAMIRIM,Desobediência à sinalização,Colisão Transversal,Sem Vítimas        ,Plena noite,Ceu Claro,Múltipla,Urbano,Automóvel,Ignorado    ,-1.0,Masculino
965192,18/08/2011,RN,101,NATAL,Falta de atenção,Colisão traseira,Sem Vítimas        ,Pleno dia,Chuva,Dupla   ,Urbano,Automóvel,Ileso       ,48.0,Feminino
965192,18/08/2011,RN,101,NATAL,Falta de atenção,Colisão traseira,Sem Vítimas        ,Pleno dia,Chuva,Dupla   ,Urbano,Automóvel,Ileso       ,27.0,Masculino
965214,17/08/2011,RN,101,PARNAMIRIM,Não guardar distância de segurança,Colisão traseira,Sem Vítimas        ,Pleno dia,Chuva,Dupla   ,Urbano,Automóvel,Ileso       ,38.0,Masculino
965214,17/08/2011,RN,101,PARNAMIRIM,Não guardar distância de segurança,Colisão traseira,Sem Vítimas        ,Pleno dia,Chuva,Dupla   ,Urbano,Automóvel,Ileso       ,-1.0,Masculino
965214,17/08/2011,RN,101,PARNAMIRIM,Não guardar distância de segurança,Colisão traseira,Sem Vítimas        ,Pleno dia,Chuva,Dupla   ,Urbano,Automóvel,Ileso       ,32.0,Masculino
965281,25/08/2011,RN,101,SAO JOSE DE MIPIBU,Outras,Capotamento,Sem Vítimas        ,Pleno dia,Chuva,Dupla   ,Rural ,Caminhonete,Ileso       ,46.0,Feminino
965289,25/08/2011,RN,101,NATAL,Não guardar distância de segurança,Colisão traseira,Com Vítimas Feridas,Pleno dia,Ceu Claro,Dupla   ,Urbano,Automóvel,Ileso       ,48.0,Feminino
965289,25/08/2011,RN,101,NATAL,Não guardar distância de segurança,Colisão traseira,Com Vítimas Feridas,Pleno dia,Ceu Claro,Dupla   ,Urbano,Motocicletas,Ferido Leve ,32.0,Masculino
965289,25/08/2011,RN,101,NATAL,Não guardar distância de segurança,Colisão traseira,Com Vítimas Feridas,Pleno dia,Ceu Claro,Dupla   ,Urbano,Motocicletas,Ferido Leve ,37.0,Masculino
965325,25/08/2011,RN,101,NATAL,Outras,Capotamento,Com Vítimas Feridas,Pleno dia,Chuva,Dupla   ,Rural ,Caminhonete,Ileso       ,34.0,Masculino
965325,25/08/2011,RN,101,NATAL,Outras,Capotamento,Com Vítimas Feridas,Pleno dia,Chuva,Dupla   ,Rural ,Caminhonete,Ferido Leve ,-1.0,Masculino
965341,16/08/2011,RN,406,SAO GONCALO DO AMARANTE,Outras,Colisão com objeto fixo,Sem Vítimas        ,Pleno dia,Sol,Simples ,Rural ,Automóvel,Ileso       ,28.0,Masculino
965355,21/08/2011,RN,101,PARNAMIRIM,Ingestão de álcool,Colisão lateral,Sem Vítimas        ,Plena noite,Nublado,Dupla   ,Urbano,Automóvel,Ileso       ,50.0,Feminino
965355,21/08/2011,RN,101,PARNAMIRIM,Ingestão de álcool,Colisão lateral,Sem Vítimas        ,Plena noite,Nublado,Dupla   ,Urbano,Automóvel,Ileso       ,40.0,Masculino
965441,25/08/2011,RN,110,MOSSORO,Falta de atenção,Colisão lateral,Sem Vítimas        ,Anoitecer,Chuva,Dupla   ,Urbano,Caminhão-Trator,Ileso       ,32.0,Masculino
965441,25/08/2011,RN,110,MOSSORO,Falta de atenção,Colisão lateral,Sem Vítimas        ,Anoitecer,Chuva,Dupla   ,Urbano,Automóvel,Ileso       ,43.0,Masculino
965515,25/08/2011,RN,406,SAO GONCALO DO AMARANTE,Animais na Pista,Atropelamento de animal,Com Vítimas Feridas,Plena noite,Chuva,Simples ,Rural ,Motocicletas,Ferido Leve ,36.0,Masculino
965515,25/08/2011,RN,406,SAO GONCALO DO AMARANTE,Animais na Pista,Atropelamento de animal,Com Vítimas Feridas,Plena noite,Chuva,Simples ,Rural ,Motocicletas,Ferido Leve ,35.0,Feminino
965546,25/08/2011,RN,226,CURRAIS NOVOS,Não guardar distância de segurança,Tombamento,Sem Vítimas        ,Amanhecer,Ceu Claro,Simples ,Rural ,Caminhonete,Ileso       ,46.0,Masculino
965546,25/08/2011,RN,226,CURRAIS NOVOS,Não guardar distância de segurança,Tombamento,Sem Vítimas        ,Amanhecer,Ceu Claro,Simples ,Rural ,Caminhonete,Ignorado    ,-1.0,Inválido
965572,25/08/2011,RN,304,MOSSORO,Falta de atenção,Colisão Transversal,Sem Vítimas        ,Anoitecer,Nublado,Simples ,Urbano,Caminhão,Ileso       ,33.0,Masculino
965572,25/08/2011,RN,304,MOSSORO,Falta de atenção,Colisão Transversal,Sem Vítimas        ,Anoitecer,Nublado,Simples ,Urbano,Automóvel,Ileso       ,35.0,Masculino
965598,25/08/2011,RN,304,MOSSORO,Falta de atenção,Colisão traseira,Sem Vítimas        ,Anoitecer,Nublado,Simples ,Urbano,Automóvel,Ileso       ,32.0,Masculino
965598,25/08/2011,RN,304,MOSSORO,Falta de atenção,Colisão traseira,Sem Vítimas        ,Anoitecer,Nublado,Simples ,Urbano,Automóvel,Ileso       ,24.0,Masculino
965598,25/08/2011,RN,304,MOSSORO,Falta de atenção,Colisão traseira,Sem Vítimas        ,Anoitecer,Nublado,Simples ,Urbano,Automóvel,Ileso       ,46.0,Masculino
965598,25/08/2011,RN,304,MOSSORO,Falta de atenção,Colisão traseira,Sem Vítimas        ,Anoitecer,Nublado,Simples ,Urbano,Automóvel,Ileso       ,37.0,Masculino
965598,25/08/2011,RN,304,MOSSORO,Falta de atenção,Colisão traseira,Sem Vítimas        ,Anoitecer,Nublado,Simples ,Urbano,Automóvel,Ileso       ,22.0,Masculino
965607,25/08/2011,RN,101,NATAL,Outras,Colisão traseira,Sem Vítimas        ,Plena noite,Nublado,Múltipla,Urbano,Automóvel,Ileso       ,32.0,Masculino
965607,25/08/2011,RN,101,NATAL,Outras,Colisão traseira,Sem Vítimas        ,Plena noite,Nublado,Múltipla,Urbano,Automóvel,Ileso       ,-1.0,Masculino
965637,22/08/2011,RN,406,POCO BRANCO,Animais na Pista,Atropelamento de animal,Com Vítimas Feridas,Amanhecer,Chuva,Simples ,Rural ,Motocicletas,Ferido Leve ,23.0,Masculino
965776,26/08/2011,RN,101,PARNAMIRIM,Desobediência à sinalização,Colisão Transversal,Sem Vítimas        ,Pleno dia,Ceu Claro,Dupla   ,Urbano,Caminhão-Trator,Ileso       ,48.0,Masculino
965776,26/08/2011,RN,101,PARNAMIRIM,Desobediência à sinalização,Colisão Transversal,Sem Vítimas        ,Pleno dia,Ceu Claro,Dupla   ,Urbano,Motocicletas,Ileso       ,29.0,Masculino
965846,19/08/2011,RN,101,NATAL,Outras,Colisão lateral,Sem Vítimas        ,Anoitecer,Ceu Claro,Dupla   ,Urbano,Automóvel,Ileso       ,53.0,Masculino
965846,19/08/2011,RN,101,NATAL,Outras,Colisão lateral,Sem Vítimas        ,Anoitecer,Ceu Claro,Dupla   ,Urbano,Caminhão,Ileso       ,58.0,Masculino
965849,26/08/2011,RN,101,PARNAMIRIM,Outras,Colisão com objeto fixo,Com Vítimas Feridas,Pleno dia,Ceu Claro,Dupla   ,Urbano,Motocicletas,Ferido Leve ,29.0,Masculino
965849,26/08/2011,RN,101,PARNAMIRIM,Outras,Colisão com objeto fixo,Com Vítimas Feridas,Pleno dia,Ceu Claro,Dupla   ,Urbano,Automóvel,Ignorado    ,-1.0,Inválido
965854,24/08/2011,RN,101,NATAL,Falta de atenção,Colisão lateral,Sem Vítimas        ,Pleno dia,Sol,Múltipla,Urbano,Automóvel,Ileso       ,56.0,Masculino
965854,24/08/2011,RN,101,NATAL,Falta de atenção,Colisão lateral,Sem Vítimas        ,Pleno dia,Sol,Múltipla,Urbano,Automóvel,Ileso       ,-1.0,Masculino
965893,25/08/2011,RN,406,JOAO CAMARA,Outras,Saída de Pista,Com Vítimas Feridas,Plena noite,Nublado,Simples ,Rural ,Automóvel,Ferido Leve ,25.0,Feminino
965896,23/08/2011,RN,226,SENADOR ELOI DE SOUZA,Animais na Pista,Atropelamento de animal,Sem Vítimas        ,Pleno dia,Chuva,Simples ,Urbano,Automóvel,Ileso       ,45.0,Masculino
965943,26/08/2011,RN,110,MOSSORO,Falta de atenção,Colisão traseira,Sem Vítimas        ,Pleno dia,Ceu Claro,Simples ,Urbano,Automóvel,Ileso       ,45.0,Masculino
965943,26/08/2011,RN,110,MOSSORO,Falta de atenção,Colisão traseira,Sem Vítimas        ,Pleno dia,Ceu Claro,Simples ,Urbano,Automóvel,Ileso       ,18.0,Masculino
965950,26/08/2011,RN,101,NATAL,Falta de atenção,Colisão traseira,Sem Vítimas        ,Pleno dia,Sol,Múltipla,Urbano,Automóvel,Ileso       ,66.0,Masculino
965950,26/08/2011,RN,101,NATAL,Falta de atenção,Colisão traseira,Sem Vítimas        ,Pleno dia,Sol,Múltipla,Urbano,Automóvel,Ileso       ,25.0,Feminino
965976,26/08/2011,RN,101,SAO GONCALO DO AMARANTE,Ingestão de álcool,Atropelamento de pessoa,Com Vítimas Feridas,Pleno dia,Ceu Claro,Dupla   ,Rural ,Ônibus,Ileso       ,27.0,Masculino
965976,26/08/2011,RN,101,SAO GONCALO DO AMARANTE,Ingestão de álcool,Atropelamento de pessoa,Com Vítimas Feridas,Pleno dia,Ceu Claro,Dupla   ,Rural ,(null),Ferido Leve ,-1.0,Masculino
965979,26/08/2011,RN,101,NATAL,Outras,Colisão traseira,Sem Vítimas        ,Pleno dia,Ceu Claro,Dupla   ,Urbano,Automóvel,Ileso       ,50.0,Feminino
965979,26/08/2011,RN,101,NATAL,Outras,Colisão traseira,Sem Vítimas        ,Pleno dia,Ceu Claro,Dupla   ,Urbano,Automóvel,Ileso       ,26.0,Feminino
965979,26/08/2011,RN,101,NATAL,Outras,Colisão traseira,Sem Vítimas        ,Pleno dia,Ceu Claro,Dupla   ,Urbano,Motocicletas,Ileso       ,39.0,Masculino
965979,26/08/2011,RN,101,NATAL,Outras,Colisão traseira,Sem Vítimas        ,Pleno dia,Ceu Claro,Dupla   ,Urbano,Motocicletas,Ileso       ,22.0,Masculino
965998,26/08/2011,RN,101,PARNAMIRIM,Outras,Capotamento,Sem Vítimas        ,Pleno dia,Ceu Claro,Dupla   ,Urbano,Camioneta,Ileso       ,50.0,Masculino
965998,26/08/2011,RN,101,PARNAMIRIM,Outras,Capotamento,Sem Vítimas        ,Pleno dia,Ceu Claro,Dupla   ,Urbano,Ciclomotor,Ignorado    ,-1.0,Inválido
966137,26/08/2011,RN,101,NATAL,Falta de atenção,Colisão traseira,Sem Vítimas        ,Pleno dia,Ceu Claro,Múltipla,Urbano,Automóvel,Ileso       ,21.0,Feminino
966137,26/08/2011,RN,101,NATAL,Falta de atenção,Colisão traseira,Sem Vítimas        ,Pleno dia,Ceu Claro,Múltipla,Urbano,Automóvel,Ileso       ,40.0,Masculino
966161,26/08/2011,RN,304,MACAIBA,Defeito mecânico em veículo,Colisão traseira,Sem Vítimas        ,Plena noite,Ceu Claro,Simples ,Rural ,Automóvel,Ileso       ,35.0,Masculino
966161,26/08/2011,RN,304,MACAIBA,Defeito mecânico em veículo,Colisão traseira,Sem Vítimas        ,Plena noite,Ceu Claro,Simples ,Rural ,Caminhão,Ileso       ,29.0,Masculino
966213,26/08/2011,RN,226,NATAL,Não guardar distância de segurança,Colisão traseira,Sem Vítimas        ,Plena noite,Ceu Claro,Simples ,Urbano,Automóvel,Ileso       ,32.0,Masculino
966213,26/08/2011,RN,226,NATAL,Não guardar distância de segurança,Colisão traseira,Sem Vítimas        ,Plena noite,Ceu Claro,Simples ,Urbano,Automóvel,Ignorado    ,-1.0,Inválido
966315,27/08/2011,RN,101,NATAL,Falta de atenção,Colisão lateral,Com Vítimas Feridas,Pleno dia,Chuva,Múltipla,Urbano,Automóvel,Ileso       ,39.0,Masculino
966315,27/08/2011,RN,101,NATAL,Falta de atenção,Colisão lateral,Com Vítimas Feridas,Pleno dia,Chuva,Múltipla,Urbano,Motocicletas,Ferido Leve ,22.0,Masculino
966377,27/08/2011,RN,427,CURRAIS NOVOS,Defeito mecânico em veículo,Capotamento,Sem Vítimas        ,Pleno dia,Ceu Claro,Simples ,Urbano,Camioneta,Ileso       ,-1.0,Masculino
966377,27/08/2011,RN,427,CURRAIS NOVOS,Defeito mecânico em veículo,Capotamento,Sem Vítimas        ,Pleno dia,Ceu Claro,Simples ,Urbano,Automóvel,Ileso       ,-1.0,Masculino
966378,24/08/2011,RN,406,SAO GONCALO DO AMARANTE,Animais na Pista,Atropelamento de animal,Sem Vítimas        ,Amanhecer,Vento,Simples ,Rural ,Automóvel,Ileso       ,63.0,Masculino
966390,12/08/2011,RN,101,NATAL,Outras,Colisão lateral,Sem Vítimas        ,Pleno dia,Ceu Claro,Simples ,Urbano,Ônibus,Ileso       ,45.0,Masculino
966390,12/08/2011,RN,101,NATAL,Outras,Colisão lateral,Sem Vítimas        ,Pleno dia,Ceu Claro,Simples ,Urbano,Automóvel,Ileso       ,55.0,Feminino
966426,27/08/2011,RN,101,NATAL,Não guardar distância de segurança,Colisão traseira,Com Vítimas Feridas,Pleno dia,Vento,Dupla   ,Urbano,Automóvel,Ileso       ,57.0,Masculino
966426,27/08/2011,RN,101,NATAL,Não guardar distância de segurança,Colisão traseira,Com Vítimas Feridas,Pleno dia,Vento,Dupla   ,Urbano,Automóvel,Ileso       ,35.0,Masculino
966426,27/08/2011,RN,101,NATAL,Não guardar distância de segurança,Colisão traseira,Com Vítimas Feridas,Pleno dia,Vento,Dupla   ,Urbano,Motocicletas,Ferido Leve ,26.0,Masculino
966426,27/08/2011,RN,101,NATAL,Não guardar distância de segurança,Colisão traseira,Com Vítimas Feridas,Pleno dia,Vento,Dupla   ,Urbano,Motocicletas,Ferido Leve ,53.0,Masculino
966430,27/08/2011,RN,101,PARNAMIRIM,Outras,Colisão lateral,Com Vítimas Feridas,Pleno dia,Ceu Claro,Dupla   ,Urbano,Automóvel,Ignorado    ,-1.0,Inválido
966430,27/08/2011,RN,101,PARNAMIRIM,Outras,Colisão lateral,Com Vítimas Feridas,Pleno dia,Ceu Claro,Dupla   ,Urbano,Motocicletas,Ferido Leve ,33.0,Masculino
966430,27/08/2011,RN,101,PARNAMIRIM,Outras,Colisão lateral,Com Vítimas Feridas,Pleno dia,Ceu Claro,Dupla   ,Urbano,Motocicletas,Ferido Leve ,-1.0,Masculino
966592,27/08/2011,RN,101,PARNAMIRIM,Ingestão de álcool,Colisão lateral,Com Vítimas Feridas,Plena noite,Nublado,Dupla   ,Urbano,Automóvel,Ileso       ,28.0,Feminino
966592,27/08/2011,RN,101,PARNAMIRIM,Ingestão de álcool,Colisão lateral,Com Vítimas Feridas,Plena noite,Nublado,Dupla   ,Urbano,Motocicletas,Ferido Leve ,44.0,Masculino
966642,27/08/2011,RN,304,MOSSORO,Outras,Capotamento,Sem Vítimas        ,Pleno dia,Ceu Claro,Simples ,Rural ,Caminhão-Trator,Ileso       ,50.0,Masculino
966788,24/08/2011,RN,101,NATAL,Falta de atenção,Colisão traseira,Sem Vítimas        ,Plena noite,Ceu Claro,Simples ,Urbano,Automóvel,Ileso       ,39.0,Masculino
966788,24/08/2011,RN,101,NATAL,Falta de atenção,Colisão traseira,Sem Vítimas        ,Plena noite,Ceu Claro,Simples ,Urbano,Automóvel,Ileso       ,32.0,Feminino
966800,20/08/2011,RN,101,PARNAMIRIM,Ingestão de álcool,Colisão traseira,Com Vítimas Feridas,Plena noite,Ceu Claro,Simples ,Urbano,Motocicletas,Ferido Leve ,35.0,Masculino
966800,20/08/2011,RN,101,PARNAMIRIM,Ingestão de álcool,Colisão traseira,Com Vítimas Feridas,Plena noite,Ceu Claro,Simples ,Urbano,Automóvel,Ileso       ,26.0,Masculino
966832,28/08/2011,RN,101,NATAL,Falta de atenção,Colisão lateral,Com Vítimas Feridas,Pleno dia,Ceu Claro,Dupla   ,Urbano,Motocicletas,Ferido Leve ,31.0,Masculino
966832,28/08/2011,RN,101,NATAL,Falta de atenção,Colisão lateral,Com Vítimas Feridas,Pleno dia,Ceu Claro,Dupla   ,Urbano,Automóvel,Ignorado    ,-1.0,Inválido
966911,28/08/2011,RN,101,PARNAMIRIM,Ingestão de álcool,Colisão Transversal,Com Vítimas Feridas,Anoitecer,Ceu Claro,Dupla   ,Urbano,Automóvel,Ileso       ,-1.0,Masculino
966911,28/08/2011,RN,101,PARNAMIRIM,Ingestão de álcool,Colisão Transversal,Com Vítimas Feridas,Anoitecer,Ceu Claro,Dupla   ,Urbano,Automóvel,Ileso       ,44.0,Masculino
966911,28/08/2011,RN,101,PARNAMIRIM,Ingestão de álcool,Colisão Transversal,Com Vítimas Feridas,Anoitecer,Ceu Claro,Dupla   ,Urbano,Automóvel,Ferido Leve ,34.0,Feminino
966911,28/08/2011,RN,101,PARNAMIRIM,Ingestão de álcool,Colisão Transversal,Com Vítimas Feridas,Anoitecer,Ceu Claro,Dupla   ,Urbano,Automóvel,Ferido Leve ,14.0,Masculino
966911,28/08/2011,RN,101,PARNAMIRIM,Ingestão de álcool,Colisão Transversal,Com Vítimas Feridas,Anoitecer,Ceu Claro,Dupla   ,Urbano,Automóvel,Ileso       ,47.0,Masculino
966953,27/08/2011,RN,304,LAJES,Outras,Colisão lateral,Com Vítimas Feridas,Plena noite,Ceu Claro,Simples ,Urbano,Motocicletas,Ferido Leve ,25.0,Masculino
966953,27/08/2011,RN,304,LAJES,Outras,Colisão lateral,Com Vítimas Feridas,Plena noite,Ceu Claro,Simples ,Urbano,Caminhonete,Ileso       ,52.0,Masculino
967017,28/08/2011,RN,101,NATAL,Falta de atenção,Colisão traseira,Sem Vítimas        ,Plena noite,Ceu Claro,Múltipla,Urbano,Camioneta,Ileso       ,49.0,Masculino
967017,28/08/2011,RN,101,NATAL,Falta de atenção,Colisão traseira,Sem Vítimas        ,Plena noite,Ceu Claro,Múltipla,Urbano,Automóvel,Ileso       ,22.0,Feminino
967054,28/08/2011,RN,304,MACAIBA,Ultrapassagem indevida,Colisão frontal,Sem Vítimas        ,Plena noite,Ceu Claro,Dupla   ,Rural ,Ônibus,Ileso       ,42.0,Masculino
967054,28/08/2011,RN,304,MACAIBA,Ultrapassagem indevida,Colisão frontal,Sem Vítimas        ,Plena noite,Ceu Claro,Dupla   ,Rural ,Automóvel,Ileso       ,45.0,Masculino
967061,28/08/2011,RN,226,NATAL,Falta de atenção,Colisão lateral,Com Vítimas Feridas,Plena noite,Sol,Dupla   ,Urbano,Motoneta,Ferido Leve ,19.0,Feminino
967061,28/08/2011,RN,226,NATAL,Falta de atenção,Colisão lateral,Com Vítimas Feridas,Plena noite,Sol,Dupla   ,Urbano,Automóvel,Ileso       ,35.0,Masculino
967133,29/07/2011,RN,101,NATAL,Falta de atenção,Colisão traseira,Sem Vítimas        ,Pleno dia,Ceu Claro,Dupla   ,Urbano,Automóvel,Ileso       ,38.0,Feminino
967133,29/07/2011,RN,101,NATAL,Falta de atenção,Colisão traseira,Sem Vítimas        ,Pleno dia,Ceu Claro,Dupla   ,Urbano,Automóvel,Ileso       ,33.0,Masculino
967154,25/08/2011,RN,101,PARNAMIRIM,Falta de atenção,Colisão traseira,Sem Vítimas        ,Pleno dia,Sol,Dupla   ,Urbano,Automóvel,Ileso       ,-1.0,Masculino
967154,25/08/2011,RN,101,PARNAMIRIM,Falta de atenção,Colisão traseira,Sem Vítimas        ,Pleno dia,Sol,Dupla   ,Urbano,Caminhonete,Ileso       ,22.0,Masculino
967168,26/08/2011,RN,304,MACAIBA,Ultrapassagem indevida,Colisão lateral,Sem Vítimas        ,Plena noite,Ceu Claro,Simples ,Urbano,Semi-Reboque,Ileso       ,28.0,Masculino
967168,26/08/2011,RN,304,MACAIBA,Ultrapassagem indevida,Colisão lateral,Sem Vítimas        ,Plena noite,Ceu Claro,Simples ,Urbano,Caminhão,Ileso       ,61.0,Masculino
967173,26/08/2011,RN,101,PARNAMIRIM,Outras,Atropelamento de pessoa,Com Vítimas Feridas,Pleno dia,Nublado,Dupla   ,Urbano,Motocicletas,Ileso       ,28.0,Masculino
967173,26/08/2011,RN,101,PARNAMIRIM,Outras,Atropelamento de pessoa,Com Vítimas Feridas,Pleno dia,Nublado,Dupla   ,Urbano,(null),Ferido Leve ,-1.0,Masculino
967173,26/08/2011,RN,101,PARNAMIRIM,Outras,Atropelamento de pessoa,Com Vítimas Feridas,Pleno dia,Nublado,Dupla   ,Urbano,(null),Ferido Leve ,25.0,Feminino
967174,25/08/2011,RN,101,PARNAMIRIM,Falta de atenção,Colisão traseira,Sem Vítimas        ,Plena noite,Ceu Claro,Dupla   ,Urbano,Automóvel,Ileso       ,47.0,Masculino
967174,25/08/2011,RN,101,PARNAMIRIM,Falta de atenção,Colisão traseira,Sem Vítimas        ,Plena noite,Ceu Claro,Dupla   ,Urbano,Automóvel,Ileso       ,33.0,Masculino
967178,29/08/2011,RN,101,NATAL,Não guardar distância de segurança,Colisão traseira,Sem Vítimas        ,Pleno dia,Nublado,Dupla   ,Urbano,Automóvel,Ileso       ,24.0,Feminino
967178,29/08/2011,RN,101,NATAL,Não guardar distância de segurança,Colisão traseira,Sem Vítimas        ,Pleno dia,Nublado,Dupla   ,Urbano,Automóvel,Ileso       ,49.0,Masculino
967181,26/08/2011,RN,101,PARNAMIRIM,Desobediência à sinalização,Colisão traseira,Com Vítimas Feridas,Pleno dia,Nublado,Dupla   ,Urbano,Motocicletas,Ferido Leve ,46.0,Masculino
967181,26/08/2011,RN,101,PARNAMIRIM,Desobediência à sinalização,Colisão traseira,Com Vítimas Feridas,Pleno dia,Nublado,Dupla   ,Urbano,Automóvel,Ileso       ,20.0,Masculino
967199,25/08/2011,RN,101,PARNAMIRIM,Falta de atenção,Colisão traseira,Com Vítimas Feridas,Plena noite,Ceu Claro,Dupla   ,Urbano,Motocicletas,Ferido Leve ,21.0,Masculino
967199,25/08/2011,RN,101,PARNAMIRIM,Falta de atenção,Colisão traseira,Com Vítimas Feridas,Plena noite,Ceu Claro,Dupla   ,Urbano,Ônibus,Ileso       ,26.0,Masculino
967199,25/08/2011,RN,101,PARNAMIRIM,Falta de atenção,Colisão traseira,Com Vítimas Feridas,Plena noite,Ceu Claro,Dupla   ,Urbano,Motocicletas,Ferido Leve ,21.0,Feminino
967207,26/08/2011,RN,101,NATAL,Falta de atenção,Colisão lateral,Sem Vítimas        ,Pleno dia,Nublado,Dupla   ,Urbano,Ônibus,Ileso       ,33.0,Masculino
967207,26/08/2011,RN,101,NATAL,Falta de atenção,Colisão lateral,Sem Vítimas        ,Pleno dia,Nublado,Dupla   ,Urbano,Automóvel,Ileso       ,69.0,Masculino
967237,24/08/2011,RN,101,NATAL,Não guardar distância de segurança,Colisão traseira,Sem Vítimas        ,Pleno dia,Ceu Claro,Dupla   ,Urbano,Motocicletas,Ignorado    ,-1.0,Masculino
967237,24/08/2011,RN,101,NATAL,Não guardar distância de segurança,Colisão traseira,Sem Vítimas        ,Pleno dia,Ceu Claro,Dupla   ,Urbano,Automóvel,Ileso       ,27.0,Masculino
967276,29/08/2011,RN,304,MACAIBA,Falta de atenção,Colisão traseira,Sem Vítimas        ,Pleno dia,Ceu Claro,Simples ,Urbano,Automóvel,Ileso       ,35.0,Masculino
967276,29/08/2011,RN,304,MACAIBA,Falta de atenção,Colisão traseira,Sem Vítimas        ,Pleno dia,Ceu Claro,Simples ,Urbano,Caminhonete,Ileso       ,38.0,Masculino
967329,29/08/2011,RN,101,NATAL,Não guardar distância de segurança,Colisão traseira,Sem Vítimas        ,Pleno dia,Ceu Claro,Múltipla,Urbano,Automóvel,Ileso       ,46.0,Masculino