id,data_inversa,uf,br,municipio,causa_acidente,tipo_acidente,classificacao_acidente,fase_dia,condicao_metereologica,tipo_pista,uso_solo,tipo_veiculo,estado_fisico,idade,sexo
997495,23/10/2011,RN,406,JOAO CAMARA,Outras,Colisão Transversal,Com Vítimas Fatais ,Plena noite,Ceu Claro,Simples ,Rural ,Carroça,Ileso       ,-1.0,Masculino
997495,23/10/2011,RN,406,JOAO CAMARA,Outras,Colisão Transversal,Com Vítimas Fatais ,Plena noite,Ceu Claro,Simples ,Rural ,Carroça,Ferido Leve ,-1.0,Masculino
997609,20/10/2011,RN,304,LAJES,Defeito mecânico em veículo,Queda de motocicleta / bicicleta / veículo,Com Vítimas Feridas,Pleno dia,Ceu Claro,Simples ,Rural ,Motocicletas,Ferido Grave,50.0,Masculino
997609,20/10/2011,RN,304,LAJES,Defeito mecânico em veículo,Queda de motocicleta / bicicleta / veículo,Com Vítimas Feridas,Pleno dia,Ceu Claro,Simples ,Rural ,Automóvel,Ileso       ,-1.0,Inválido
997614,24/10/2011,RN,101,PARNAMIRIM,Falta de atenção,Colisão Transversal,Com Vítimas Feridas,Pleno dia,Ceu Claro,Múltipla,Urbano,Automóvel,Ileso       ,29.0,Masculino
997614,24/10/2011,RN,101,PARNAMIRIM,Falta de atenção,Colisão Transversal,Com Vítimas Feridas,Pleno dia,Ceu Claro,Múltipla,Urbano,Automóvel,Ferido Leve ,41.0,Feminino
997639,20/10/2011,RN,101,PARNAMIRIM,Outras,Saída de Pista,Sem Vítimas        ,Amanhecer,Ceu Claro,Dupla   ,Urbano,Automóvel,Ileso       ,40.0,Masculino
997658,13/10/2011,RN,101,NATAL,Falta de atenção,Colisão Transversal,Com Vítimas Feridas,Pleno dia,Ceu Claro,Dupla   ,Urbano,Automóvel,Ileso       ,23.0,Masculino
997658,13/10/2011,RN,101,NATAL,Falta de atenção,Colisão Transversal,Com Vítimas Feridas,Pleno dia,Ceu Claro,Dupla   ,Urbano,Motocicletas,Ferido Leve ,27.0,Masculino
997660,22/10/2011,RN,406,TAIPU,Animais na Pista,Atropelamento de animal,Com Vítimas Feridas,Plena noite,Ceu Claro,Simples ,Rural ,Motocicletas,Ferido Grave,30.0,Masculino
997660,22/10/2011,RN,406,TAIPU,Animais na Pista,Atropelamento de animal,Com Vítimas Feridas,Plena noite,Ceu Claro,Simples ,Rural ,Motocicletas,Ferido Leve ,-1.0,Feminino
997685,24/10/2011,RN,101,ARES,Outras,Saída de Pista,Sem Vítimas        ,Amanhecer,Ceu Claro,Dupla   ,Rural ,Caminhão,Ileso       ,23.0,Masculino
997703,24/10/2011,RN,101,SAO GONCALO DO AMARANTE,Falta de atenção,Colisão traseira,Sem Vítimas        ,Pleno dia,Sol,Múltipla,Urbano,Automóvel,Ileso       ,43.0,Feminino
997703,24/10/2011,RN,101,SAO GONCALO DO AMARANTE,Falta de atenção,Colisão traseira,Sem Vítimas        ,Pleno dia,Sol,Múltipla,Urbano,Automóvel,Ileso       ,28.0,Masculino
997737,20/10/2011,RN,304,MOSSORO,Outras,Colisão frontal,Com Vítimas Feridas,Plena noite,Ceu Claro,Simples ,Urbano,Caminhonete,Ileso       ,23.0,Masculino
997737,20/10/2011,RN,304,MOSSORO,Outras,Colisão frontal,Com Vítimas Feridas,Plena noite,Ceu Claro,Simples ,Urbano,Ciclomotor,Ileso       ,21.0,Masculino
997737,20/10/2011,RN,304,MOSSORO,Outras,Colisão frontal,Com Vítimas Feridas,Plena noite,Ceu Claro,Simples ,Urbano,Ciclomotor,Ferido Leve ,15.0,Masculino
997752,17/10/2011,RN,101,NATAL,Falta de atenção,Colisão lateral,Sem Vítimas        ,Pleno dia,Ceu Claro,Dupla   ,Urbano,Automóvel,Ileso       ,28.0,Masculino
997752,17/10/2011,RN,101,NATAL,Falta de atenção,Colisão lateral,Sem Vítimas        ,Pleno dia,Ceu Claro,Dupla   ,Urbano,Ciclomotor,Ileso       ,48.0,Masculino
997787,20/10/2011,RN,101,PARNAMIRIM,Não guardar distância de segurança,Colisão traseira,Sem Vítimas        ,Pleno dia,Sol,Dupla   ,Urbano,Automóvel,Ileso       ,61.0,Masculino
997787,20/10/2011,RN,101,PARNAMIRIM,Não guardar distância de segurança,Colisão traseira,Sem Vítimas        ,Pleno dia,Sol,Dupla   ,Urbano,Automóvel,Ileso       ,34.0,Feminino
997820,24/10/2011,RN,406,JOAO CAMARA,Outras,Atropelamento de pessoa,Com Vítimas Feridas,Pleno dia,Ceu Claro,Simples ,Rural ,Caminhão-Trator,Ileso       ,33.0,Masculino
997820,24/10/2011,RN,406,JOAO CAMARA,Outras,Atropelamento de pessoa,Com Vítimas Feridas,Pleno dia,Ceu Claro,Simples ,Rural ,(null),Ferido Leve ,-1.0,Feminino
997884,19/10/2011,RN,101,NATAL,Falta de atenção,Colisão lateral,Sem Vítimas        ,Plena noite,Ceu Claro,Múltipla,Urbano,Automóvel,Ileso       ,22.0,Masculino
997884,19/10/2011,RN,101,NATAL,Falta de atenção,Colisão lateral,Sem Vítimas        ,Plena noite,Ceu Claro,Múltipla,Urbano,Automóvel,Ignorado    ,-1.0,Feminino
997894,24/10/2011,RN,226,CAMPO REDONDO,Dormindo,Capotamento,Sem Vítimas        ,Pleno dia,Ceu Claro,Simples ,Rural ,Automóvel,Ileso       ,19.0,Masculino
997921,24/10/2011,RN,101,PARNAMIRIM,Falta de atenção,Colisão traseira,Sem Vítimas        ,Pleno dia,Sol,Múltipla,Urbano,Automóvel,Ileso       ,38.0,Feminino
997921,24/10/2011,RN,101,PARNAMIRIM,Falta de atenção,Colisão traseira,Sem Vítimas        ,Pleno dia,Sol,Múltipla,Urbano,Automóvel,Ignorado    ,-1.0,Masculino
997949,24/10/2011,RN,304,ANGICOS,Dormindo,Capotamento,Sem Vítimas        ,Pleno dia,Ceu Claro,Simples ,Rural ,Automóvel,Ileso       ,44.0,Masculino
997966,24/10/2011,RN,110,MOSSORO,Falta de atenção,Colisão Transversal,Com Vítimas Feridas,Pleno dia,Sol,Dupla   ,Urbano,Motoneta,Ferido Leve ,22.0,Masculino
997966,24/10/2011,RN,110,MOSSORO,Falta de atenção,Colisão Transversal,Com Vítimas Feridas,Pleno dia,Sol,Dupla   ,Urbano,Bicicleta,Ferido Leve ,37.0,Masculino
997980,24/10/2011,RN,101,NATAL,Falta de atenção,Tombamento,Sem Vítimas        ,Pleno dia,Ceu Claro,Dupla   ,Urbano,Automóvel,Ileso       ,24.0,Masculino
998054,24/10/2011,RN,101,NATAL,Outras,Colisão traseira,Sem Vítimas        ,Pleno dia,Ceu Claro,Múltipla,Urbano,Ônibus,Ileso       ,32.0,Masculino
998054,24/10/2011,RN,101,NATAL,Outras,Colisão traseira,Sem Vítimas        ,Pleno dia,Ceu Claro,Múltipla,Urbano,Automóvel,Ileso       ,40.0,Masculino
998054,24/10/2011,RN,101,NATAL,Outras,Colisão traseira,Sem Vítimas        ,Pleno dia,Ceu Claro,Múltipla,Urbano,Automóvel,Ignorado    ,-1.0,Inválido
998089,08/10/2011,RN,101,SAO GONCALO DO AMARANTE,Outras,Colisão lateral,Com Vítimas Feridas,Pleno dia,Ceu Claro,Dupla   ,Urbano,Motocicletas,Ferido Leve ,36.0,Masculino
998089,08/10/2011,RN,101,SAO GONCALO DO AMARANTE,Outras,Colisão lateral,Com Vítimas Feridas,Pleno dia,Ceu Claro,Dupla   ,Urbano,Automóvel,Ileso       ,34.0,Masculino
998089,08/10/2011,RN,101,SAO GONCALO DO AMARANTE,Outras,Colisão lateral,Com Vítimas Feridas,Pleno dia,Ceu Claro,Dupla   ,Urbano,Motocicletas,Ferido Leve ,35.0,Feminino
998130,26/08/2011,RN,304,MACAIBA,Outras,Queda de motocicleta / bicicleta / veículo,Com Vítimas Fatais ,Plena noite,Ceu Claro,Dupla   ,Rural ,Ciclomotor,Morto       ,29.0,Masculino
998130,26/08/2011,RN,304,MACAIBA,Outras,Queda de motocicleta / bicicleta / veículo,Com Vítimas Fatais ,Plena noite,Ceu Claro,Dupla   ,Rural ,Ciclomotor,Ferido Grave,23.0,Feminino
998232,19/10/2011,RN,226,BOM JESUS,Outras,Tombamento,Sem Vítimas        ,Anoitecer,Ceu Claro,Simples ,Rural ,Automóvel,Ileso       ,28.0,Feminino
998451,25/10/2011,RN,101,NATAL,Não guardar distância de segurança,Colisão traseira,Sem Vítimas        ,Pleno dia,Sol,Dupla   ,Urbano,Caminhonete,Ileso       ,40.0,Masculino
998451,25/10/2011,RN,101,NATAL,Não guardar distância de segurança,Colisão traseira,Sem Vítimas        ,Pleno dia,Sol,Dupla   ,Urbano,Automóvel,Ileso       ,30.0,Masculino
998457,21/10/2011,RN,101,NATAL,Falta de atenção,Colisão lateral,Sem Vítimas        ,Pleno dia,Sol,Dupla   ,Urbano,Automóvel,Ileso       ,40.0,Masculino
998457,21/10/2011,RN,101,NATAL,Falta de atenção,Colisão lateral,Sem Vítimas        ,Pleno dia,Sol,Dupla   ,Urbano,Motocicletas,Ileso       ,26.0,Masculino
998467,21/10/2011,RN,110,MOSSORO,Falta de atenção,Colisão Transversal,Sem Vítimas        ,Pleno dia,Ceu Claro,Simples ,Urbano,Caminhonete,Ileso       ,27.0,Masculino
998467,21/10/2011,RN,110,MOSSORO,Falta de atenção,Colisão Transversal,Sem Vítimas        ,Pleno dia,Ceu Claro,Simples ,Urbano,Trator de rodas,Ileso       ,30.0,Masculino
998495,25/10/2011,RN,406,CEARA-MIRIM,Outras,Atropelamento de pessoa,Com Vítimas Feridas,Pleno dia,Ceu Claro,Simples ,Rural ,Automóvel,Ileso       ,25.0,Masculino
998495,25/10/2011,RN,406,CEARA-MIRIM,Outras,Atropelamento de pessoa,Com Vítimas Feridas,Pleno dia,Ceu Claro,Simples ,Rural ,(null),Ferido Leve ,-1.0,Masculino
998508,25/10/2011,RN,101,NATAL,Não guardar distância de segurança,Colisão traseira,Sem Vítimas        ,Pleno dia,Ceu Claro,Simples ,Urbano,Camioneta,Ileso       ,51.0,Masculino
998508,25/10/2011,RN,101,NATAL,Não guardar distância de segurança,Colisão traseira,Sem Vítimas        ,Pleno dia,Ceu Claro,Simples ,Urbano,Ônibus,Ileso       ,47.0,Masculino
998529,25/10/2011,RN,101,NATAL,Falta de atenção,Colisão traseira,Sem Vítimas        ,Plena noite,Ceu Claro,Múltipla,Urbano,Automóvel,Ileso       ,28.0,Feminino
998529,25/10/2011,RN,101,NATAL,Falta de atenção,Colisão traseira,Sem Vítimas        ,Plena noite,Ceu Claro,Múltipla,Urbano,Motocicletas,Ileso       ,63.0,Masculino
998558,25/10/2011,RN,101,NATAL,Outras,Colisão traseira,Sem Vítimas        ,Pleno dia,Sol,Dupla   ,Urbano,Automóvel,Ileso       ,41.0,Masculino
998558,25/10/2011,RN,101,NATAL,Outras,Colisão traseira,Sem Vítimas        ,Pleno dia,Sol,Dupla   ,Urbano,Automóvel,Ileso       ,20.0,Feminino
998558,25/10/2011,RN,101,NATAL,Outras,Colisão traseira,Sem Vítimas        ,Pleno dia,Sol,Dupla   ,Urbano,Automóvel,Ileso       ,25.0,Masculino
998586,25/10/2011,RN,101,NATAL,Outras,Atropelamento de pessoa,Com Vítimas Feridas,Plena noite,Ceu Claro,Dupla   ,Urbano,Não identificado,Ignorado    ,-1.0,Inválido
998586,25/10/2011,RN,101,NATAL,Outras,Atropelamento de pessoa,Com Vítimas Feridas,Plena noite,Ceu Claro,Dupla   ,Urbano,(null),Ferido Grave,-1.0,Masculino
998596,25/10/2011,RN,226,CURRAIS NOVOS,Outras,Colisão traseira,Com Vítimas Feridas,Plena noite,Ceu Claro,Simples ,Urbano,Motocicletas,Ferido Leve ,30.0,Masculino
998596,25/10/2011,RN,226,CURRAIS NOVOS,Outras,Colisão traseira,Com Vítimas Feridas,Plena noite,Ceu Claro,Simples ,Urbano,Motocicletas,Ferido Grave,-1.0,Feminino
998596,25/10/2011,RN,226,CURRAIS NOVOS,Outras,Colisão traseira,Com Vítimas Feridas,Plena noite,Ceu Claro,Simples ,Urbano,Automóvel,Ileso       ,35.0,Masculino
998604,25/10/2011,RN,101,SAO JOSE DE MIPIBU,Animais na Pista,Atropelamento de animal,Sem Vítimas        ,Plena noite,Ceu Claro,Dupla   ,Rural ,Caminhão-Trator,Ileso       ,50.0,Masculino
998706,17/10/2011,RN,304,MOSSORO,Desobediência à sinalização,Queda de motocicleta / bicicleta / veículo,Com Vítimas Feridas,Pleno dia,Chuva,Dupla   ,Urbano,Ciclomotor,Ferido Leve ,50.0,Masculino
998747,22/10/2011,RN,406,TAIPU,Animais na Pista,Atropelamento de animal,Sem Vítimas        ,Plena noite,Ceu Claro,Simples ,Rural ,Automóvel,Ileso       ,45.0,Masculino
998768,22/10/2011,RN,101,PARNAMIRIM,Desobediência à sinalização,Colisão Transversal,Com Vítimas Feridas,Plena noite,Ceu Claro,Múltipla,Urbano,Motocicletas,Ferido Grave,33.0,Masculino
998768,22/10/2011,RN,101,PARNAMIRIM,Desobediência à sinalização,Colisão Transversal,Com Vítimas Feridas,Plena noite,Ceu Claro,Múltipla,Urbano,Caminhão,Ignorado    ,-1.0,Inválido
998833,26/10/2011,RN,304,MACAIBA,Falta de atenção,Colisão traseira,Sem Vítimas        ,Pleno dia,Sol,Simples ,Urbano,Automóvel,Ileso       ,36.0,Masculino
998833,26/10/2011,RN,304,MACAIBA,Falta de atenção,Colisão traseira,Sem Vítimas        ,Pleno dia,Sol,Simples ,Urbano,Automóvel,Ileso       ,30.0,Masculino
998833,26/10/2011,RN,304,MACAIBA,Falta de atenção,Colisão traseira,Sem Vítimas        ,Pleno dia,Sol,Simples ,Urbano,Automóvel,Ileso       ,51.0,Masculino
998835,16/10/2011,RN,101,PARNAMIRIM,Falta de atenção,Colisão traseira,Sem Vítimas        ,Pleno dia,Sol,Dupla   ,Urbano,Automóvel,Ileso       ,52.0,Masculino
998835,16/10/2011,RN,101,PARNAMIRIM,Falta de atenção,Colisão traseira,Sem Vítimas        ,Pleno dia,Sol,Dupla   ,Urbano,Automóvel,Ileso       ,29.0,Masculino
998835,16/10/2011,RN,101,PARNAMIRIM,Falta de atenção,Colisão traseira,Sem Vítimas        ,Pleno dia,Sol,Dupla   ,Urbano,Automóvel,Ileso       ,38.0,Feminino
998850,26/10/2011,RN,405,MOSSORO,Não guardar distância de segurança,Colisão traseira,Com Vítimas Feridas,Pleno dia,Sol,Dupla   ,Urbano,Motocicletas,Ileso       ,47.0,Masculino
998850,26/10/2011,RN,405,MOSSORO,Não guardar distância de segurança,Colisão traseira,Com Vítimas Feridas,Pleno dia,Sol,Dupla   ,Urbano,Motocicletas,Ferido Grave,41.0,Masculino
998891,26/10/2011,RN,101,PARNAMIRIM,Não guardar distância de segurança,Colisão traseira,Sem Vítimas        ,Pleno dia,Ceu Claro,Dupla   ,Urbano,Automóvel,Ileso       ,48.0,Masculino
998891,26/10/2011,RN,101,PARNAMIRIM,Não guardar distância de segurança,Colisão traseira,Sem Vítimas        ,Pleno dia,Ceu Claro,Dupla   ,Urbano,Microônibus,Ileso       ,38.0,Masculino
998893,26/10/2011,RN,101,PARNAMIRIM,Falta de atenção,Colisão lateral,Sem Vítimas        ,Anoitecer,Ceu Claro,Múltipla,Urbano,Caminhonete,Ileso       ,66.0,Masculino
998893,26/10/2011,RN,101,PARNAMIRIM,Falta de atenção,Colisão lateral,Sem Vítimas        ,Anoitecer,Ceu Claro,Múltipla,Urbano,Automóvel,Ileso       ,33.0,Masculino
998924,26/10/2011,RN,101,SAO GONCALO DO AMARANTE,Falta de atenção,Colisão traseira,Sem Vítimas        ,Pleno dia,Ceu Claro,Dupla   ,Urbano,Automóvel,Ileso       ,50.0,Masculino
998924,26/10/2011,RN,101,SAO GONCALO DO AMARANTE,Falta de atenção,Colisão traseira,Sem Vítimas        ,Pleno dia,Ceu Claro,Dupla   ,Urbano,Caminhão,Ileso       ,47.0,Masculino
998937,26/10/2011,RN,101,PARNAMIRIM,Não guardar distância de segurança,Colisão lateral,Sem Vítimas        ,Plena noite,Ceu Claro,Múltipla,Urbano,Automóvel,Ileso       ,54.0,Masculino
998937,26/10/2011,RN,101,PARNAMIRIM,Não guardar distância de segurança,Colisão lateral,Sem Vítimas        ,Plena noite,Ceu Claro,Múltipla,Urbano,Microônibus,Ileso       ,30.0,Masculino
998947,14/10/2011,RN,101,SAO GONCALO DO AMARANTE,Não guardar distância de segurança,Colisão lateral,Sem Vítimas        ,Pleno dia,Ceu Claro,Dupla   ,Urbano,Automóvel,Ileso       ,50.0,Masculino
998947,14/10/2011,RN,101,SAO GONCALO DO AMARANTE,Não guardar distância de segurança,Colisão lateral,Sem Vítimas        ,Pleno dia,Ceu Claro,Dupla   ,Urbano,Caminhão,Ileso       ,26.0,Masculino
998980,26/10/2011,RN,101,PARNAMIRIM,Não guardar distância de segurança,Colisão lateral,Sem Vítimas        ,Pleno dia,Ceu Claro,Dupla   ,Urbano,Automóvel,Ileso       ,26.0,Masculino
998980,26/10/2011,RN,101,PARNAMIRIM,Não guardar distância de segurança,Colisão lateral,Sem Vítimas        ,Pleno dia,Ceu Claro,Dupla   ,Urbano,Caminhão,Ileso       ,60.0,Masculino
998985,26/10/2011,RN,101,PARNAMIRIM,Falta de atenção,Colisão traseira,Sem Vítimas        ,Anoitecer,Vento,Dupla   ,Urbano,Automóvel,Ileso       ,36.0,Masculino
998985,26/10/2011,RN,101,PARNAMIRIM,Falta de atenção,Colisão traseira,Sem Vítimas        ,Anoitecer,Vento,Dupla   ,Urbano,Automóvel,Ileso       ,30.0,Feminino
998985,26/10/2011,RN,101,PARNAMIRIM,Falta de atenção,Colisão traseira,Sem Vítimas        ,Anoitecer,Vento,Dupla   ,Urbano,Automóvel,Ileso       ,31.0,Masculino
998988,26/10/2011,RN,101,PARNAMIRIM,Não guardar distância de segurança,Colisão traseira,Sem Vítimas        ,Plena noite,Ceu Claro,Dupla   ,Urbano,Automóvel,Ileso       ,-1.0,Masculino
998988,26/10/2011,RN,101,PARNAMIRIM,Não guardar distância de segurança,Colisão traseira,Sem Vítimas        ,Plena noite,Ceu Claro,Dupla   ,Urbano,Automóvel,Ileso       ,-1.0,Masculino
998994,26/10/2011,RN,101,NATAL,Não guardar distância de segurança,Colisão traseira,Com Vítimas Feridas,Plena noite,Ceu Claro,Dupla   ,Urbano,Automóvel,Ileso       ,-1.0,Masculino
998994,26/10/2011,RN,101,NATAL,Não guardar distância de segurança,Colisão traseira,Com Vítimas Feridas,Plena noite,Ceu Claro,Dupla   ,Urbano,Motocicletas,Ileso       ,26.0,Masculino
998994,26/10/2011,RN,101,NATAL,Não guardar distância de segurança,Colisão traseira,Com Vítimas Feridas,Plena noite,Ceu Claro,Dupla   ,Urbano,Motocicletas,Ferido Leve ,-1.0,Feminino
998995,14/10/2011,RN,101,SAO GONCALO DO AMARANTE,Falta de atenção,Colisão Transversal,Sem Vítimas        ,Pleno dia,Ceu Claro,Dupla   ,Urbano,Automóvel,Ileso       ,62.0,Masculino
998995,14/10/2011,RN,101,SAO GONCALO DO AMARANTE,Falta de atenção,Colisão Transversal,Sem Vítimas        ,Pleno dia,Ceu Claro,Dupla   ,Urbano,Automóvel,Ileso       ,20.0,Masculino
998995,14/10/2011,RN,101,SAO GONCALO DO AMARANTE,Falta de atenção,Colisão Transversal,Sem Vítimas        ,Pleno dia,Ceu Claro,Dupla   ,Urbano,Automóvel,Ileso       ,35.0,Masculino
999103,26/10/2011,RN,226,SAO VICENTE,Ingestão de álcool,Colisão frontal,Com Vítimas Feridas,Plena noite,Ceu Claro,Simples ,Rural ,Automóvel,Ferido Grave,46.0,Masculino
999103,26/10/2011,RN,226,SAO VICENTE,Ingestão de álcool,Colisão frontal,Com Vítimas Feridas,Plena noite,Ceu Claro,Simples ,Rural ,Automóvel,Ferido Leve ,16.0,Feminino
999103,26/10/2011,RN,226,SAO VICENTE,Ingestão de álcool,Colisão frontal,Com Vítimas Feridas,Plena noite,Ceu Claro,Simples ,Rural ,Automóvel,Ferido Leve ,28.0,Feminino
999103,26/10/2011,RN,226,SAO VICENTE,Ingestão de álcool,Colisão frontal,Com Vítimas Feridas,Plena noite,Ceu Claro,Simples ,Rural ,Automóvel,Ferido Grave,18.0,Feminino
999103,26/10/2011,RN,226,SAO VICENTE,Ingestão de álcool,Colisão frontal,Com Vítimas Feridas,Plena noite,Ceu Claro,Simples ,Rural ,Automóvel,Ileso       ,22.0,Masculino
999103,26/10/2011,RN,226,SAO VICENTE,Ingestão de álcool,Colisão frontal,Com Vítimas Feridas,Plena noite,Ceu Claro,Simples ,Rural ,Automóvel,Ileso       ,24.0,Masculino
999103,26/10/2011,RN,226,SAO VICENTE,Ingestão de álcool,Colisão frontal,Com Vítimas Feridas,Plena noite,Ceu Claro,Simples ,Rural ,Automóvel,Ferido Leve ,23.0,Masculino
999162,25/10/2011,RN,405,PAU DOS FERROS,Falta de atenção,Queda de motocicleta / bicicleta / veículo,Com Vítimas Feridas,Pleno dia,Sol,Simples ,Urbano,Motocicletas,Ferido Leve ,-1.0,Feminino
999162,25/10/2011,RN,405,PAU DOS FERROS,Falta de atenção,Queda de motocicleta / bicicleta / veículo,Com Vítimas Feridas,Pleno dia,Sol,Simples ,Urbano,Bicicleta,Ignorado    ,-1.0,Inválido
999178,21/10/2011,RN,101,NATAL,Desobediência à sinalização,Colisão lateral,Com Vítimas Feridas,Pleno dia,Ceu Claro,Dupla   ,Urbano,Automóvel,Ileso       ,31.0,Masculino
999178,21/10/2011,RN,101,NATAL,Desobediência à sinalização,Colisão lateral,Com Vítimas Feridas,Pleno dia,Ceu Claro,Dupla   ,Urbano,Motocicletas,Ferido Leve ,21.0,Masculino
999194,17/10/2011,RN,304,MACAIBA,Defeito mecânico em veículo,Colisão com objeto móvel,Sem Vítimas        ,Pleno dia,Ceu Claro,Simples ,Rural ,Caminhão,Ileso       ,37.0,Masculino
999194,17/10/2011,RN,304,MACAIBA,Defeito mecânico em veículo,Colisão com objeto móvel,Sem Vítimas        ,Pleno dia,Ceu Claro,Simples ,Rural ,Automóvel,Ileso       ,62.0,Masculino
999212,27/10/2011,RN,101,NATAL,Falta de atenção,Colisão traseira,Sem Vítimas        ,Pleno dia,Ceu Claro,Dupla   ,Urbano,Automóvel,Ileso       ,41.0,Masculino
999212,27/10/2011,RN,101,NATAL,Falta de atenção,Colisão traseira,Sem Vítimas        ,Pleno dia,Ceu Claro,Dupla   ,Urbano,Automóvel,Ileso       ,31.0,Masculino
999212,27/10/2011,RN,101,NATAL,Falta de atenção,Colisão traseira,Sem Vítimas        ,Pleno dia,Ceu Claro,Dupla   ,Urbano,Camioneta,Ileso       ,26.0,Masculino
999275,11/10/2011,RN,101,NATAL,Falta de atenção,Colisão traseira,Com Vítimas Feridas,Pleno dia,Ceu Claro,Dupla   ,Urbano,Automóvel,Ileso       ,20.0,Masculino
999275,11/10/2011,RN,101,NATAL,Falta de atenção,Colisão traseira,Com Vítimas Feridas,Pleno dia,Ceu Claro,Dupla   ,Urbano,Automóvel,Ileso       ,63.0,Masculino
999275,11/10/2011,RN,101,NATAL,Falta de atenção,Colisão traseira,Com Vítimas Feridas,Pleno dia,Ceu Claro,Dupla   ,Urbano,Motocicletas,Ferido Leve ,42.0,Masculino
999275,11/10/2011,RN,101,NATAL,Falta de atenção,Colisão traseira,Com Vítimas Feridas,Pleno dia,Ceu Claro,Dupla   ,Urbano,Caminhonete,Ignorado    ,-1.0,Inválido
999288,27/10/2011,RN,304,MOSSORO,Outras,Saída de Pista,Sem Vítimas        ,Pleno dia,Ceu Claro,Simples ,Rural ,Automóvel,Ileso       ,-1.0,Masculino
999308,23/10/2011,RN,101,NATAL,Falta de atenção,Colisão traseira,Sem Vítimas        ,Plena noite,Ceu Claro,Simples ,Urbano,Automóvel,Ileso       ,46.0,Feminino
999308,23/10/2011,RN,101,NATAL,Falta de atenção,Colisão traseira,Sem Vítimas        ,Plena noite,Ceu Claro,Simples ,Urbano,Automóvel,Ileso       ,41.0,Masculino
999471,27/10/2011,RN,304,FERNANDO PEDROZA,Outras,Colisão Transversal,Com Vítimas Feridas,Pleno dia,Sol,Simples ,Rural ,Automóvel,Ferido Leve ,41.0,Feminino
999471,27/10/2011,RN,304,FERNANDO PEDROZA,Outras,Colisão Transversal,Com Vítimas Feridas,Pleno dia,Sol,Simples ,Rural ,Caminhão,Ileso       ,-1.0,Masculino
999531,27/10/2011,RN,304,RIACHUELO,Velocidade incompatível,Tombamento,Com Vítimas Feridas,Plena noite,Ceu Claro,Simples ,Rural ,Caminhão-Trator,Ferido Leve ,39.0,Masculino
999567,27/10/2011,RN,304,ANGICOS,Outras,Colisão lateral,Com Vítimas Feridas,Plena noite,Ceu Claro,Simples ,Rural ,Caminhão,Ileso       ,42.0,Masculino
999567,27/10/2011,RN,304,ANGICOS,Outras,Colisão lateral,Com Vítimas Feridas,Plena noite,Ceu Claro,Simples ,Rural ,Caminhão,Ferido Leve ,58.0,Masculino
999686,12/10/2011,RN,406,SAO GONCALO DO AMARANTE,Falta de atenção,Colisão lateral,Com Vítimas Feridas,Pleno dia,Ceu Claro,Simples ,Rural ,Automóvel,Ileso       ,-1.0,Masculino
999686,12/10/2011,RN,406,SAO GONCALO DO AMARANTE,Falta de atenção,Colisão lateral,Com Vítimas Feridas,Pleno dia,Ceu Claro,Simples ,Rural ,Motocicletas,Ferido Grave,34.0,Masculino
999686,12/10/2011,RN,406,SAO GONCALO DO AMARANTE,Falta de atenção,Colisão lateral,Com Vítimas Feridas,Pleno dia,Ceu Claro,Simples ,Rural ,Motocicletas,Ferido Grave,16.0,Masculino
999742,28/10/2011,RN,304,MOSSORO,Animais na Pista,Colisão frontal,Sem Vítimas        ,Pleno dia,Ceu Claro,Simples ,Urbano,Microônibus,Ileso       ,49.0,Masculino
999742,28/10/2011,RN,304,MOSSORO,Animais na Pista,Colisão frontal,Sem Vítimas        ,Pleno dia,Ceu Claro,Simples ,Urbano,Carroça,Ignorado    ,-1.0,Inválido
999757,28/10/2011,RN,110,MOSSORO,Falta de atenção,Colisão traseira,Sem Vítimas        ,Pleno dia,Ceu Claro,Simples ,Urbano,Automóvel,Ileso       ,26.0,Masculino
999757,28/10/2011,RN,110,MOSSORO,Falta de atenção,Colisão traseira,Sem Vítimas        ,Pleno dia,Ceu Claro,Simples ,Urbano,Automóvel,Ileso       ,27.0,Masculino
999825,28/10/2011,RN,406,CEARA-MIRIM,Falta de atenção,Colisão Transversal,Sem Vítimas        ,Pleno dia,Sol,Simples ,Urbano,Automóvel,Ileso       ,53.0,Masculino
999825,28/10/2011,RN,406,CEARA-MIRIM,Falta de atenção,Colisão Transversal,Sem Vítimas        ,Pleno dia,Sol,Simples ,Urbano,Automóvel,Ileso       ,32.0,Feminino
999874,22/10/2011,RN,406,TAIPU,Animais na Pista,Atropelamento de animal,Sem Vítimas        ,Plena noite,Ceu Claro,Simples ,Rural ,Caminhonete,Ileso       ,44.0,Masculino
999899,22/10/2011,RN,101,NATAL,Desobediência à sinalização,Colisão Transversal,Sem Vítimas        ,Amanhecer,Ceu Claro,Dupla   ,Urbano,Caminhão-Trator,Ileso       ,52.0,Masculino
999899,22/10/2011,RN,101,NATAL,Desobediência à sinalização,Colisão Transversal,Sem Vítimas        ,Amanhecer,Ceu Claro,Dupla   ,Urbano,Automóvel,Ileso       ,37.0,Masculino
1000048,28/10/2011,RN,101,NATAL,Desobediência à sinalização,Colisão lateral,Com Vítimas Feridas,Plena noite,Ceu Claro,Múltipla,Urbano,Motoneta,Ferido Leve ,28.0,Masculino