id,data_inversa,uf,br,municipio,causa_acidente,tipo_acidente,classificacao_acidente,fase_dia,condicao_metereologica,tipo_pista,uso_solo,tipo_veiculo,estado_fisico,idade,sexo
1003186,31/10/2011,RN,226,CURRAIS NOVOS,Dormindo,Capotamento,Com Vítimas Fatais ,Plena noite,Ceu Claro,Simples ,Rural ,Utilitário,Morto       ,34.0,Masculino
1003186,31/10/2011,RN,226,CURRAIS NOVOS,Dormindo,Capotamento,Com Vítimas Fatais ,Plena noite,Ceu Claro,Simples ,Rural ,Utilitário,Ferido Grave,36.0,Masculino
1003186,31/10/2011,RN,226,CURRAIS NOVOS,Dormindo,Capotamento,Com Vítimas Fatais ,Plena noite,Ceu Claro,Simples ,Rural ,Utilitário,Ferido Leve ,20.0,Masculino
1003186,31/10/2011,RN,226,CURRAIS NOVOS,Dormindo,Capotamento,Com Vítimas Fatais ,Plena noite,Ceu Claro,Simples ,Rural ,Utilitário,Ferido Leve ,25.0,Masculino
1003215,31/10/2011,RN,304,MOSSORO,Outras,Atropelamento de pessoa,Com Vítimas Fatais ,Plena noite,Ceu Claro,Simples ,Rural ,(null),Morto       ,26.0,Masculino
1003215,31/10/2011,RN,304,MOSSORO,Outras,Atropelamento de pessoa,Com Vítimas Fatais ,Plena noite,Ceu Claro,Simples ,Rural ,Não identificado,Ignorado    ,-1.0,Inválido
1003229,03/11/2011,RN,304,MOSSORO,Falta de atenção,Saída de Pista,Com Vítimas Feridas,Amanhecer,Sol,Simples ,Rural ,Caminhão,Ferido Leve ,60.0,Masculino
1003368,16/10/2011,RN,101,SAO GONCALO DO AMARANTE,Não guardar distância de segurança,Colisão traseira,Com Vítimas Feridas,Pleno dia,Ceu Claro,Dupla   ,Urbano,Automóvel,Ileso       ,39.0,Masculino
1003368,16/10/2011,RN,101,SAO GONCALO DO AMARANTE,Não guardar distância de segurança,Colisão traseira,Com Vítimas Feridas,Pleno dia,Ceu Claro,Dupla   ,Urbano,Automóvel,Ileso       ,29.0,Masculino
1003368,16/10/2011,RN,101,SAO GONCALO DO AMARANTE,Não guardar distância de segurança,Colisão traseira,Com Vítimas Feridas,Pleno dia,Ceu Claro,Dupla   ,Urbano,Automóvel,Ferido Leve ,28.0,Masculino
1003387,27/10/2011,RN,304,MACAIBA,Outras,Colisão Transversal,Sem Vítimas        ,Plena noite,Ceu Claro,Simples ,Rural ,Caminhão-Trator,Ileso       ,36.0,Masculino
1003387,27/10/2011,RN,304,MACAIBA,Outras,Colisão Transversal,Sem Vítimas        ,Plena noite,Ceu Claro,Simples ,Rural ,Caminhão-Trator,Ileso       ,23.0,Masculino
1003401,04/11/2011,RN,406,SAO GONCALO DO AMARANTE,Falta de atenção,Colisão traseira,Sem Vítimas        ,Pleno dia,Sol,Simples ,Rural ,Automóvel,Ileso       ,35.0,Feminino
1003401,04/11/2011,RN,406,SAO GONCALO DO AMARANTE,Falta de atenção,Colisão traseira,Sem Vítimas        ,Pleno dia,Sol,Simples ,Rural ,Ônibus,Ileso       ,26.0,Masculino
1003442,30/10/2011,RN,101,SAO GONCALO DO AMARANTE,Outras,Colisão lateral,Sem Vítimas        ,Pleno dia,Ceu Claro,Dupla   ,Urbano,Automóvel,Ileso       ,33.0,Masculino
1003442,30/10/2011,RN,101,SAO GONCALO DO AMARANTE,Outras,Colisão lateral,Sem Vítimas        ,Pleno dia,Ceu Claro,Dupla   ,Urbano,Automóvel,Ileso       ,-1.0,Masculino
1003554,05/11/2011,RN,226,JUCURUTU,Falta de atenção,Colisão com objeto fixo,Sem Vítimas        ,Plena noite,Ceu Claro,Simples ,Rural ,Automóvel,Ileso       ,-1.0,Masculino
1003555,05/11/2011,RN,226,JUCURUTU,Falta de atenção,Colisão com objeto fixo,Com Vítimas Feridas,Plena noite,Ceu Claro,Simples ,Rural ,Motocicletas,Ferido Grave,20.0,Masculino
1003555,05/11/2011,RN,226,JUCURUTU,Falta de atenção,Colisão com objeto fixo,Com Vítimas Feridas,Plena noite,Ceu Claro,Simples ,Rural ,Motocicletas,Ferido Grave,23.0,Masculino
1003560,01/11/2011,RN,226,MACAIBA,Falta de atenção,Colisão traseira,Sem Vítimas        ,Plena noite,Ceu Claro,Simples ,Urbano,Automóvel,Ileso       ,40.0,Masculino
1003560,01/11/2011,RN,226,MACAIBA,Falta de atenção,Colisão traseira,Sem Vítimas        ,Plena noite,Ceu Claro,Simples ,Urbano,Automóvel,Ileso       ,41.0,Feminino
1003573,05/11/2011,RN,226,SANTA CRUZ,Outras,Colisão traseira,Sem Vítimas        ,Plena noite,Ceu Claro,Simples ,Rural ,Automóvel,Ileso       ,55.0,Masculino
1003573,05/11/2011,RN,226,SANTA CRUZ,Outras,Colisão traseira,Sem Vítimas        ,Plena noite,Ceu Claro,Simples ,Rural ,Automóvel,Ileso       ,37.0,Masculino
1003733,04/11/2011,RN,101,NATAL,Falta de atenção,Colisão traseira,Sem Vítimas        ,Plena noite,Ceu Claro,Dupla   ,Urbano,Ônibus,Ileso       ,41.0,Masculino
1003733,04/11/2011,RN,101,NATAL,Falta de atenção,Colisão traseira,Sem Vítimas        ,Plena noite,Ceu Claro,Dupla   ,Urbano,Automóvel,Ileso       ,24.0,Masculino
1003744,27/10/2011,RN,101,NATAL,Falta de atenção,Colisão lateral,Sem Vítimas        ,Pleno dia,Sol,Dupla   ,Urbano,Automóvel,Ignorado    ,-1.0,Inválido
1003744,27/10/2011,RN,101,NATAL,Falta de atenção,Colisão lateral,Sem Vítimas        ,Pleno dia,Sol,Dupla   ,Urbano,Caminhão,Ileso       ,35.0,Masculino
1003757,02/11/2011,RN,101,SAO JOSE DE MIPIBU,Falta de atenção,Colisão traseira,Sem Vítimas        ,Plena noite,Ceu Claro,Dupla   ,Rural ,Automóvel,Ileso       ,58.0,Masculino
1003757,02/11/2011,RN,101,SAO JOSE DE MIPIBU,Falta de atenção,Colisão traseira,Sem Vítimas        ,Plena noite,Ceu Claro,Dupla   ,Rural ,Caminhonete,Ileso       ,64.0,Feminino
1003763,31/10/2011,RN,226,SERRA CAIADA,Outras,Colisão frontal,Com Vítimas Feridas,Plena noite,Ceu Claro,Simples ,Rural ,Camioneta,Ferido Leve ,66.0,Masculino
1003763,31/10/2011,RN,226,SERRA CAIADA,Outras,Colisão frontal,Com Vítimas Feridas,Plena noite,Ceu Claro,Simples ,Rural ,Camioneta,Ferido Leve ,64.0,Feminino
1003763,31/10/2011,RN,226,SERRA CAIADA,Outras,Colisão frontal,Com Vítimas Feridas,Plena noite,Ceu Claro,Simples ,Rural ,Automóvel,Ferido Leve ,34.0,Masculino
1003763,31/10/2011,RN,226,SERRA CAIADA,Outras,Colisão frontal,Com Vítimas Feridas,Plena noite,Ceu Claro,Simples ,Rural ,Automóvel,Ferido Leve ,-1.0,Masculino
1003765,03/11/2011,RN,101,PARNAMIRIM,Ingestão de álcool,Capotamento,Com Vítimas Feridas,Plena noite,Chuva,Múltipla,Urbano,Caminhonete,Ileso       ,22.0,Masculino
1003765,03/11/2011,RN,101,PARNAMIRIM,Ingestão de álcool,Capotamento,Com Vítimas Feridas,Plena noite,Chuva,Múltipla,Urbano,Caminhonete,Ferido Leve ,27.0,Masculino
1003796,02/11/2011,RN,226,CURRAIS NOVOS,Falta de atenção,Atropelamento de pessoa,Com Vítimas Feridas,Plena noite,Ceu Claro,Simples ,Urbano,Automóvel,Ileso       ,33.0,Masculino
1003796,02/11/2011,RN,226,CURRAIS NOVOS,Falta de atenção,Atropelamento de pessoa,Com Vítimas Feridas,Plena noite,Ceu Claro,Simples ,Urbano,(null),Ferido Leve ,59.0,Feminino
1003813,06/11/2011,RN,101,NATAL,Outras,Colisão traseira,Sem Vítimas        ,Pleno dia,Ceu Claro,Dupla   ,Urbano,Camioneta,Ileso       ,59.0,Masculino
1003813,06/11/2011,RN,101,NATAL,Outras,Colisão traseira,Sem Vítimas        ,Pleno dia,Ceu Claro,Dupla   ,Urbano,Automóvel,Ileso       ,46.0,Feminino
1003857,06/11/2011,RN,304,MOSSORO,Outras,Colisão traseira,Sem Vítimas        ,Pleno dia,Sol,Simples ,Urbano,Utilitário,Ileso       ,29.0,Masculino
1003857,06/11/2011,RN,304,MOSSORO,Outras,Colisão traseira,Sem Vítimas        ,Pleno dia,Sol,Simples ,Urbano,Automóvel,Ileso       ,24.0,Masculino
1003857,06/11/2011,RN,304,MOSSORO,Outras,Colisão traseira,Sem Vítimas        ,Pleno dia,Sol,Simples ,Urbano,Automóvel,Ileso       ,33.0,Masculino
1003857,06/11/2011,RN,304,MOSSORO,Outras,Colisão traseira,Sem Vítimas        ,Pleno dia,Sol,Simples ,Urbano,Automóvel,Ileso       ,-1.0,Feminino
1003858,04/11/2011,RN,101,PARNAMIRIM,Falta de atenção,Colisão traseira,Sem Vítimas        ,Pleno dia,Ceu Claro,Dupla   ,Urbano,Caminhonete,Ileso       ,-1.0,Feminino
1003858,04/11/2011,RN,101,PARNAMIRIM,Falta de atenção,Colisão traseira,Sem Vítimas        ,Pleno dia,Ceu Claro,Dupla   ,Urbano,Automóvel,Ileso       ,-1.0,Masculino
1003860,04/11/2011,RN,101,NATAL,Desobediência à sinalização,Colisão lateral,Sem Vítimas        ,Pleno dia,Ceu Claro,Múltipla,Urbano,Automóvel,Ileso       ,40.0,Masculino
1003860,04/11/2011,RN,101,NATAL,Desobediência à sinalização,Colisão lateral,Sem Vítimas        ,Pleno dia,Ceu Claro,Múltipla,Urbano,Automóvel,Ignorado    ,-1.0,Inválido
1003869,25/10/2011,RN,101,NATAL,Não guardar distância de segurança,Colisão traseira,Sem Vítimas        ,Plena noite,Ceu Claro,Dupla   ,Urbano,Automóvel,Ileso       ,42.0,Masculino
1003869,25/10/2011,RN,101,NATAL,Não guardar distância de segurança,Colisão traseira,Sem Vítimas        ,Plena noite,Ceu Claro,Dupla   ,Urbano,Automóvel,Ileso       ,31.0,Masculino
1003875,06/11/2011,RN,101,PARNAMIRIM,Defeito mecânico em veículo,Capotamento,Sem Vítimas        ,Pleno dia,Ceu Claro,Dupla   ,Urbano,Automóvel,Ileso       ,32.0,Masculino
1003963,06/11/2011,RN,304,LAJES,Animais na Pista,Atropelamento de animal,Sem Vítimas        ,Plena noite,Ceu Claro,Simples ,Urbano,Ônibus,Ileso       ,38.0,Masculino
1003978,04/11/2011,RN,101,NATAL,Falta de atenção,Colisão Transversal,Com Vítimas Feridas,Pleno dia,Sol,Múltipla,Urbano,Automóvel,Ileso       ,31.0,Masculino
1003978,04/11/2011,RN,101,NATAL,Falta de atenção,Colisão Transversal,Com Vítimas Feridas,Pleno dia,Sol,Múltipla,Urbano,Motocicletas,Ferido Leve ,33.0,Masculino
1004002,30/10/2011,RN,226,CAMPO REDONDO,Outras,Colisão traseira,Com Vítimas Feridas,Pleno dia,Ceu Claro,Simples ,Rural ,Microônibus,Ileso       ,68.0,Masculino
1004002,30/10/2011,RN,226,CAMPO REDONDO,Outras,Colisão traseira,Com Vítimas Feridas,Pleno dia,Ceu Claro,Simples ,Rural ,Automóvel,Ferido Leve ,47.0,Masculino
1004004,04/11/2011,RN,101,NATAL,Falta de atenção,Colisão traseira,Sem Vítimas        ,Plena noite,Ceu Claro,Dupla   ,Urbano,Automóvel,Ileso       ,46.0,Feminino
1004004,04/11/2011,RN,101,NATAL,Falta de atenção,Colisão traseira,Sem Vítimas        ,Plena noite,Ceu Claro,Dupla   ,Urbano,Ônibus,Ileso       ,35.0,Masculino
1004004,04/11/2011,RN,101,NATAL,Falta de atenção,Colisão traseira,Sem Vítimas        ,Plena noite,Ceu Claro,Dupla   ,Urbano,Automóvel,Ileso       ,48.0,Masculino
1004008,04/11/2011,RN,304,SANTA MARIA,Outras,Colisão lateral,Com Vítimas Feridas,Pleno dia,Sol,Dupla   ,Rural ,Motocicletas,Ferido Grave,43.0,Masculino
1004008,04/11/2011,RN,304,SANTA MARIA,Outras,Colisão lateral,Com Vítimas Feridas,Pleno dia,Sol,Dupla   ,Rural ,Automóvel,Ileso       ,31.0,Feminino
1004008,04/11/2011,RN,304,SANTA MARIA,Outras,Colisão lateral,Com Vítimas Feridas,Pleno dia,Sol,Dupla   ,Rural ,Caminhão,Ignorado    ,-1.0,Inválido
1004014,02/11/2011,RN,226,NATAL,Ingestão de álcool,Colisão Transversal,Sem Vítimas        ,Pleno dia,Sol,Dupla   ,Urbano,Microônibus,Ileso       ,27.0,Masculino
1004014,02/11/2011,RN,226,NATAL,Ingestão de álcool,Colisão Transversal,Sem Vítimas        ,Pleno dia,Sol,Dupla   ,Urbano,Automóvel,Ileso       ,47.0,Masculino
1004165,30/10/2011,RN,304,FERNANDO PEDROZA,Outras,Saída de Pista,Com Vítimas Fatais ,Plena noite,Ceu Claro,Simples ,Rural ,Automóvel,Morto       ,63.0,Masculino
1004243,04/11/2011,RN,405,MAJOR SALES,Animais na Pista,Atropelamento de animal,Sem Vítimas        ,Plena noite,Ceu Claro,Simples ,Rural ,Caminhão-Trator,Ileso       ,54.0,Masculino
1004259,03/11/2011,RN,101,SAO JOSE DE MIPIBU,Não guardar distância de segurança,Colisão traseira,Sem Vítimas        ,Plena noite,Ceu Claro,Dupla   ,Urbano,Automóvel,Ileso       ,41.0,Masculino
1004259,03/11/2011,RN,101,SAO JOSE DE MIPIBU,Não guardar distância de segurança,Colisão traseira,Sem Vítimas        ,Plena noite,Ceu Claro,Dupla   ,Urbano,Automóvel,Ileso       ,41.0,Masculino
1004271,30/10/2011,RN,101,CEARA-MIRIM,Não guardar distância de segurança,Colisão traseira,Com Vítimas Feridas,Anoitecer,Vento,Simples ,Rural ,Automóvel,Ferido Leve ,26.0,Masculino
1004271,30/10/2011,RN,101,CEARA-MIRIM,Não guardar distância de segurança,Colisão traseira,Com Vítimas Feridas,Anoitecer,Vento,Simples ,Rural ,Camioneta,Ileso       ,42.0,Masculino
1004288,05/11/2011,RN,101,PARNAMIRIM,Outras,Colisão com objeto fixo,Sem Vítimas        ,Pleno dia,Ceu Claro,Dupla   ,Urbano,Caminhão-Trator,Ileso       ,47.0,Masculino
1004290,07/11/2011,RN,101,NATAL,Falta de atenção,Colisão lateral,Sem Vítimas        ,Pleno dia,Ceu Claro,Múltipla,Urbano,Caminhão,Ileso       ,31.0,Masculino
1004290,07/11/2011,RN,101,NATAL,Falta de atenção,Colisão lateral,Sem Vítimas        ,Pleno dia,Ceu Claro,Múltipla,Urbano,Ônibus,Ileso       ,39.0,Masculino
1004333,28/10/2011,RN,226,MACAIBA,Não guardar distância de segurança,Colisão lateral,Sem Vítimas        ,Plena noite,Ceu Claro,Simples ,Rural ,Automóvel,Ileso       ,24.0,Masculino
1004333,28/10/2011,RN,226,MACAIBA,Não guardar distância de segurança,Colisão lateral,Sem Vítimas        ,Plena noite,Ceu Claro,Simples ,Rural ,Automóvel,Ignorado    ,-1.0,Inválido
1004362,22/10/2011,RN,304,MACAIBA,Outras,Atropelamento de pessoa,Com Vítimas Fatais ,Plena noite,Sol,Simples ,Rural ,Automóvel,Ileso       ,42.0,Masculino
1004362,22/10/2011,RN,304,MACAIBA,Outras,Atropelamento de pessoa,Com Vítimas Fatais ,Plena noite,Sol,Simples ,Rural ,(null),Morto       ,41.0,Masculino
1004421,07/11/2011,RN,427,JARDIM DO SERIDO,Outras,Colisão lateral,Sem Vítimas        ,Pleno dia,Sol,Simples ,Rural ,Camioneta,Ileso       ,22.0,Masculino
1004421,07/11/2011,RN,427,JARDIM DO SERIDO,Outras,Colisão lateral,Sem Vítimas        ,Pleno dia,Sol,Simples ,Rural ,Microônibus,Ileso       ,34.0,Masculino
1004484,30/10/2011,RN,226,NATAL,Falta de atenção,Colisão traseira,Com Vítimas Feridas,Plena noite,Ceu Claro,Simples ,Urbano,Motocicletas,Ferido Leve ,22.0,Masculino
1004484,30/10/2011,RN,226,NATAL,Falta de atenção,Colisão traseira,Com Vítimas Feridas,Plena noite,Ceu Claro,Simples ,Urbano,Ciclomotor,Ferido Grave,29.0,Masculino
1004484,30/10/2011,RN,226,NATAL,Falta de atenção,Colisão traseira,Com Vítimas Feridas,Plena noite,Ceu Claro,Simples ,Urbano,Ciclomotor,Ferido Leve ,-1.0,Feminino
1004562,07/11/2011,RN,101,NATAL,Não guardar distância de segurança,Colisão traseira,Sem Vítimas        ,Pleno dia,Ceu Claro,Simples ,Urbano,Automóvel,Ileso       ,50.0,Masculino
1004562,07/11/2011,RN,101,NATAL,Não guardar distância de segurança,Colisão traseira,Sem Vítimas        ,Pleno dia,Ceu Claro,Simples ,Urbano,Automóvel,Ignorado    ,-1.0,Inválido
1004563,02/11/2011,RN,101,NATAL,Falta de atenção,Colisão traseira,Com Vítimas Feridas,Pleno dia,Chuva,Múltipla,Urbano,Automóvel,Ileso       ,22.0,Feminino
1004563,02/11/2011,RN,101,NATAL,Falta de atenção,Colisão traseira,Com Vítimas Feridas,Pleno dia,Chuva,Múltipla,Urbano,Automóvel,Ileso       ,23.0,Masculino
1004563,02/11/2011,RN,101,NATAL,Falta de atenção,Colisão traseira,Com Vítimas Feridas,Pleno dia,Chuva,Múltipla,Urbano,Automóvel,Ileso       ,45.0,Masculino
1004563,02/11/2011,RN,101,NATAL,Falta de atenção,Colisão traseira,Com Vítimas Feridas,Pleno dia,Chuva,Múltipla,Urbano,Automóvel,Ferido Leve ,69.0,Feminino
1004580,07/11/2011,RN,226,NATAL,Outras,Colisão lateral,Sem Vítimas        ,Plena noite,Ceu Claro,Dupla   ,Urbano,Automóvel,Ileso       ,40.0,Masculino
1004580,07/11/2011,RN,226,NATAL,Outras,Colisão lateral,Sem Vítimas        ,Plena noite,Ceu Claro,Dupla   ,Urbano,Caminhão,Ileso       ,56.0,Masculino
1004647,07/11/2011,RN,101,NATAL,Não guardar distância de segurança,Colisão traseira,Sem Vítimas        ,Plena noite,Ceu Claro,Dupla   ,Urbano,Ônibus,Ileso       ,47.0,Masculino
1004647,07/11/2011,RN,101,NATAL,Não guardar distância de segurança,Colisão traseira,Sem Vítimas        ,Plena noite,Ceu Claro,Dupla   ,Urbano,Automóvel,Ileso       ,29.0,Masculino
1004647,07/11/2011,RN,101,NATAL,Não guardar distância de segurança,Colisão traseira,Sem Vítimas        ,Plena noite,Ceu Claro,Dupla   ,Urbano,Caminhonete,Ileso       ,26.0,Masculino
1004691,31/10/2011,RN,101,NATAL,Outras,Colisão lateral,Sem Vítimas        ,Anoitecer,Ceu Claro,Múltipla,Urbano,Automóvel,Ileso       ,21.0,Masculino
1004691,31/10/2011,RN,101,NATAL,Outras,Colisão lateral,Sem Vítimas        ,Anoitecer,Ceu Claro,Múltipla,Urbano,Automóvel,Ileso       ,35.0,Masculino
1004703,31/10/2011,RN,304,MOSSORO,Outras,Capotamento,Com Vítimas Feridas,Plena noite,Ceu Claro,Simples ,Urbano,Automóvel,Ferido Leve ,35.0,Masculino
1004703,31/10/2011,RN,304,MOSSORO,Outras,Capotamento,Com Vítimas Feridas,Plena noite,Ceu Claro,Simples ,Urbano,Automóvel,Ferido Leve ,22.0,Masculino
1004713,30/10/2011,RN,110,MOSSORO,Falta de atenção,Colisão traseira,Sem Vítimas        ,Pleno dia,Ceu Claro,Dupla   ,Urbano,Automóvel,Ileso       ,31.0,Masculino
1004713,30/10/2011,RN,110,MOSSORO,Falta de atenção,Colisão traseira,Sem Vítimas        ,Pleno dia,Ceu Claro,Dupla   ,Urbano,Automóvel,Ileso       ,29.0,Masculino
1004736,07/11/2011,RN,304,LAJES,Ultrapassagem indevida,Colisão lateral,Sem Vítimas        ,Pleno dia,Ceu Claro,Simples ,Rural ,Caminhonete,Ileso       ,39.0,Masculino
1004736,07/11/2011,RN,304,LAJES,Ultrapassagem indevida,Colisão lateral,Sem Vítimas        ,Pleno dia,Ceu Claro,Simples ,Rural ,Automóvel,Ileso       ,26.0,Masculino
1004802,04/11/2011,RN,101,NATAL,Outras,Atropelamento de pessoa,Com Vítimas Feridas,Plena noite,Ceu Claro,Múltipla,Urbano,Automóvel,Ileso       ,30.0,Masculino
1004802,04/11/2011,RN,101,NATAL,Outras,Atropelamento de pessoa,Com Vítimas Feridas,Plena noite,Ceu Claro,Múltipla,Urbano,(null),Ferido Grave,29.0,Masculino
1004819,31/10/2011,RN,226,PATU,Falta de atenção,Colisão traseira,Com Vítimas Feridas,Pleno dia,Sol,Simples ,Rural ,Automóvel,Ileso       ,50.0,Masculino
1004819,31/10/2011,RN,226,PATU,Falta de atenção,Colisão traseira,Com Vítimas Feridas,Pleno dia,Sol,Simples ,Rural ,Motocicletas,Ferido Grave,60.0,Masculino
1004819,31/10/2011,RN,226,PATU,Falta de atenção,Colisão traseira,Com Vítimas Feridas,Pleno dia,Sol,Simples ,Rural ,Motocicletas,Ferido Grave,61.0,Feminino
1004834,03/11/2011,RN,101,PARNAMIRIM,Desobediência à sinalização,Colisão Transversal,Sem Vítimas        ,Plena noite,Ceu Claro,Dupla   ,Urbano,Automóvel,Ileso       ,51.0,Masculino
1004834,03/11/2011,RN,101,PARNAMIRIM,Desobediência à sinalização,Colisão Transversal,Sem Vítimas        ,Plena noite,Ceu Claro,Dupla   ,Urbano,Automóvel,Ignorado    ,-1.0,Inválido
1004883,30/10/2011,RN,405,PAU DOS FERROS,Outras,Queda de motocicleta / bicicleta / veículo,Com Vítimas Feridas,Pleno dia,Ceu Claro,Simples ,Urbano,Motocicletas,Ferido Leve ,20.0,Masculino
1004944,05/11/2011,RN,427,JARDIM DO SERIDO,Desobediência à sinalização,Colisão Transversal,Sem Vítimas        ,Pleno dia,Ceu Claro,Simples ,Urbano,Motoneta,Ileso       ,45.0,Masculino
1004944,05/11/2011,RN,427,JARDIM DO SERIDO,Desobediência à sinalização,Colisão Transversal,Sem Vítimas        ,Pleno dia,Ceu Claro,Simples ,Urbano,Motocicletas,Ileso       ,18.0,Masculino
1004944,05/11/2011,RN,427,JARDIM DO SERIDO,Desobediência à sinalização,Colisão Transversal,Sem Vítimas        ,Pleno dia,Ceu Claro,Simples ,Urbano,Motoneta,Ileso       ,38.0,Feminino
1004975,08/11/2011,RN,101,NATAL,Defeito mecânico em veículo,Queda de motocicleta / bicicleta / veículo,Com Vítimas Feridas,Pleno dia,Sol,Dupla   ,Urbano,Motocicletas,Ferido Leve ,33.0,Masculino
1004975,08/11/2011,RN,101,NATAL,Defeito mecânico em veículo,Queda de motocicleta / bicicleta / veículo,Com Vítimas Feridas,Pleno dia,Sol,Dupla   ,Urbano,Motocicletas,Ferido Leve ,36.0,Feminino
1004991,06/11/2011,RN,226,BOM JESUS,Outras,Tombamento,Com Vítimas Feridas,Plena noite,Ceu Claro,Simples ,Urbano,Caminhão,Ileso       ,47.0,Masculino
1004991,06/11/2011,RN,226,BOM JESUS,Outras,Tombamento,Com Vítimas Feridas,Plena noite,Ceu Claro,Simples ,Urbano,Caminhão,Ferido Leve ,-1.0,Masculino
1005150,08/11/2011,RN,101,NATAL,Não guardar distância de segurança,Colisão lateral,Sem Vítimas        ,Pleno dia,Sol,Múltipla,Urbano,Automóvel,Ileso       ,28.0,Feminino
1005150,08/11/2011,RN,101,NATAL,Não guardar distância de segurança,Colisão lateral,Sem Vítimas        ,Pleno dia,Sol,Múltipla,Urbano,Caminhonete,Ileso       ,38.0,Masculino
1005151,30/10/2011,RN,101,SAO GONCALO DO AMARANTE,Falta de atenção,Colisão com objeto fixo,Sem Vítimas        ,Plena noite,Ceu Claro,Dupla   ,Urbano,Automóvel,Ileso       ,-1.0,Feminino
1005155,08/11/2011,RN,101,NATAL,Falta de atenção,Colisão traseira,Sem Vítimas        ,Pleno dia,Ceu Claro,Múltipla,Urbano,Automóvel,Ileso       ,-1.0,Feminino
1005155,08/11/2011,RN,101,NATAL,Falta de atenção,Colisão traseira,Sem Vítimas        ,Pleno dia,Ceu Claro,Múltipla,Urbano,Automóvel,Ileso       ,-1.0,Masculino
1005155,08/11/2011,RN,101,NATAL,Falta de atenção,Colisão traseira,Sem Vítimas        ,Pleno dia,Ceu Claro,Múltipla,Urbano,Automóvel,Ileso       ,-1.0,Feminino
1005155,08/11/2011,RN,101,NATAL,Falta de atenção,Colisão traseira,Sem Vítimas        ,Pleno dia,Ceu Claro,Múltipla,Urbano,Caminhonete,Ileso       ,-1.0,Masculino
1005236,06/11/2011,RN,405,PAU DOS FERROS,Ingestão de álcool,Colisão Transversal,Com Vítimas Feridas,Pleno dia,Ceu Claro,Simples ,Urbano,Motocicletas,Ferido Leve ,31.0,Masculino
1005236,06/11/2011,RN,405,PAU DOS FERROS,Ingestão de álcool,Colisão Transversal,Com Vítimas Feridas,Pleno dia,Ceu Claro,Simples ,Urbano,Automóvel,Ileso       ,32.0,Masculino
1005471,28/10/2011,RN,101,PARNAMIRIM,Outras,Colisão lateral,Com Vítimas Feridas,Pleno dia,Sol,Dupla   ,Urbano,Motocicletas,Ferido Leve ,25.0,Masculino
1005471,28/10/2011,RN,101,PARNAMIRIM,Outras,Colisão lateral,Com Vítimas Feridas,Pleno dia,Sol,Dupla   ,Urbano,Motocicletas,Ileso       ,-1.0,Masculino
1005479,01/11/2011,RN,101,NATAL,Desobediência à sinalização,Colisão lateral,Sem Vítimas        ,Plena noite,Ceu Claro,Múltipla,Urbano,Automóvel,Ileso       ,54.0,Feminino
1005479,01/11/2011,RN,101,NATAL,Desobediência à sinalização,Colisão lateral,Sem Vítimas        ,Plena noite,Ceu Claro,Múltipla,Urbano,Ônibus,Ileso       ,38.0,Masculino
1005524,07/11/2011,RN,101,PARNAMIRIM,Ingestão de álcool,Colisão traseira,Com Vítimas Feridas,Plena noite,Ceu Claro,Múltipla,Urbano,Motocicletas,Ferido Leve ,34.0,Masculino
1005524,07/11/2011,RN,101,PARNAMIRIM,Ingestão de álcool,Colisão traseira,Com Vítimas Feridas,Plena noite,Ceu Claro,Múltipla,Urbano,Automóvel,Ileso       ,43.0,Masculino
1005555,05/11/2011,RN,226,NATAL,Outras,Atropelamento de pessoa,Com Vítimas Fatais ,Plena noite,Ceu Claro,Simples ,Urbano,Motocicletas,Morto       ,32.0,Masculino
1005555,05/11/2011,RN,226,NATAL,Outras,Atropelamento de pessoa,Com Vítimas Fatais ,Plena noite,Ceu Claro,Simples ,Urbano,(null),Ferido Grave,26.0,Feminino
1005559,01/11/2011,RN,101,PARNAMIRIM,Ingestão de álcool,Colisão traseira,Com Vítimas Feridas,Plena noite,Ceu Claro,Dupla   ,Urbano,Automóvel,Ileso       ,54.0,Masculino
1005559,01/11/2011,RN,101,PARNAMIRIM,Ingestão de álcool,Colisão traseira,Com Vítimas Feridas,Plena noite,Ceu Claro,Dupla   ,Urbano,Motocicletas,Ferido Leve ,23.0,Masculino
1005559,01/11/2011,RN,101,PARNAMIRIM,Ingestão de álcool,Colisão traseira,Com Vítimas Feridas,Plena noite,Ceu Claro,Dupla   ,Urbano,Motocicletas,Ferido Leve ,29.0,Feminino
1005618,05/11/2011,RN,304,RIACHUELO,Outras,Capotamento,Sem Vítimas        ,Pleno dia,Ceu Claro,Simples ,Rural ,Automóvel,Ileso       ,45.0,Masculino
1005618,05/11/2011,RN,304,RIACHUELO,Outras,Capotamento,Sem Vítimas        ,Pleno dia,Ceu Claro,Simples ,Rural ,Caminhão,Ileso       ,-1.0,Inválido
1005636,09/11/2011,RN,304,MOSSORO,Falta de atenção,Colisão lateral,Com Vítimas Feridas,Pleno dia,Ceu Claro,Simples ,Rural ,Ciclomotor,Ferido Leve ,60.0,Masculino
1005636,09/11/2011,RN,304,MOSSORO,Falta de atenção,Colisão lateral,Com Vítimas Feridas,Pleno dia,Ceu Claro,Simples ,Rural ,Ciclomotor,Ileso       ,-1.0,Masculino
1005636,09/11/2011,RN,304,MOSSORO,Falta de atenção,Colisão lateral,Com Vítimas Feridas,Pleno dia,Ceu Claro,Simples ,Rural ,Automóvel,Ignorado    ,-1.0,Masculino