id,data_inversa,uf,br,municipio,causa_acidente,tipo_acidente,classificacao_acidente,fase_dia,condicao_metereologica,tipo_pista,uso_solo,tipo_veiculo,estado_fisico,idade,sexo
1017140,30/11/2011,RN,101,NATAL,Outras,Colisão lateral,Sem Vítimas        ,Pleno dia,Ceu Claro,Dupla   ,Urbano,Automóvel,Ileso       ,56.0,Masculino
1017146,30/11/2011,RN,406,NATAL,Outras,Colisão lateral,Com Vítimas Feridas,Pleno dia,Ceu Claro,Simples ,Rural ,Automóvel,Ileso       ,59.0,Masculino
1017146,30/11/2011,RN,406,NATAL,Outras,Colisão lateral,Com Vítimas Feridas,Pleno dia,Ceu Claro,Simples ,Rural ,Automóvel,Ferido Leve ,-1.0,Feminino
1017146,30/11/2011,RN,406,NATAL,Outras,Colisão lateral,Com Vítimas Feridas,Pleno dia,Ceu Claro,Simples ,Rural ,Automóvel,Ferido Leve ,54.0,Feminino
1017146,30/11/2011,RN,406,NATAL,Outras,Colisão lateral,Com Vítimas Feridas,Pleno dia,Ceu Claro,Simples ,Rural ,Motocicletas,Ferido Grave,31.0,Masculino
1017152,27/11/2011,RN,406,CEARA-MIRIM,Desobediência à sinalização,Colisão frontal,Com Vítimas Fatais ,Amanhecer,Ceu Claro,Simples ,Rural ,Motocicletas,Morto       ,28.0,Masculino
1017152,27/11/2011,RN,406,CEARA-MIRIM,Desobediência à sinalização,Colisão frontal,Com Vítimas Fatais ,Amanhecer,Ceu Claro,Simples ,Rural ,Camioneta,Ileso       ,29.0,Masculino
1017263,30/11/2011,RN,101,SAO JOSE DE MIPIBU,Desobediência à sinalização,Colisão lateral,Com Vítimas Feridas,Pleno dia,Ceu Claro,Dupla   ,Rural ,Motocicletas,Ferido Leve ,27.0,Masculino
1017263,30/11/2011,RN,101,SAO JOSE DE MIPIBU,Desobediência à sinalização,Colisão lateral,Com Vítimas Feridas,Pleno dia,Ceu Claro,Dupla   ,Rural ,Motocicletas,Ileso       ,21.0,Masculino
1017297,25/11/2011,RN,405,RAFAEL FERNANDES,Ultrapassagem indevida,Colisão frontal,Com Vítimas Feridas,Plena noite,Ceu Claro,Simples ,Rural ,Motocicletas,Ferido Grave,47.0,Masculino
1017297,25/11/2011,RN,405,RAFAEL FERNANDES,Ultrapassagem indevida,Colisão frontal,Com Vítimas Feridas,Plena noite,Ceu Claro,Simples ,Rural ,Caminhonete,Ignorado    ,-1.0,Inválido
1017318,01/12/2011,RN,101,NATAL,Falta de atenção,Colisão traseira,Sem Vítimas        ,Pleno dia,Ceu Claro,Múltipla,Urbano,Automóvel,Ileso       ,23.0,Masculino
1017318,01/12/2011,RN,101,NATAL,Falta de atenção,Colisão traseira,Sem Vítimas        ,Pleno dia,Ceu Claro,Múltipla,Urbano,Automóvel,Ileso       ,31.0,Masculino
1017325,29/11/2011,RN,304,MOSSORO,Falta de atenção,Colisão lateral,Sem Vítimas        ,Pleno dia,Ceu Claro,Simples ,Rural ,Caminhão,Ileso       ,23.0,Masculino
1017325,29/11/2011,RN,304,MOSSORO,Falta de atenção,Colisão lateral,Sem Vítimas        ,Pleno dia,Ceu Claro,Simples ,Rural ,Caminhão,Ignorado    ,-1.0,Inválido
1017362,01/12/2011,RN,101,SAO JOSE DE MIPIBU,Outras,Colisão com objeto fixo,Sem Vítimas        ,Pleno dia,Ceu Claro,Dupla   ,Rural ,Automóvel,Ileso       ,27.0,Masculino
1017411,27/11/2011,RN,304,MACAIBA,Outras,Colisão frontal,Com Vítimas Fatais ,Pleno dia,Sol,Múltipla,Urbano,Caminhão,Ferido Grave,34.0,Masculino
1017411,27/11/2011,RN,304,MACAIBA,Outras,Colisão frontal,Com Vítimas Fatais ,Pleno dia,Sol,Múltipla,Urbano,Camioneta,Ferido Grave,37.0,Masculino
1017411,27/11/2011,RN,304,MACAIBA,Outras,Colisão frontal,Com Vítimas Fatais ,Pleno dia,Sol,Múltipla,Urbano,Caminhão,Morto       ,49.0,Feminino
1017411,27/11/2011,RN,304,MACAIBA,Outras,Colisão frontal,Com Vítimas Fatais ,Pleno dia,Sol,Múltipla,Urbano,Caminhão,Morto       ,53.0,Masculino
1017411,27/11/2011,RN,304,MACAIBA,Outras,Colisão frontal,Com Vítimas Fatais ,Pleno dia,Sol,Múltipla,Urbano,Caminhão,Ferido Grave,47.0,Masculino
1017411,27/11/2011,RN,304,MACAIBA,Outras,Colisão frontal,Com Vítimas Fatais ,Pleno dia,Sol,Múltipla,Urbano,Caminhão,Ferido Leve ,20.0,Masculino
1017411,27/11/2011,RN,304,MACAIBA,Outras,Colisão frontal,Com Vítimas Fatais ,Pleno dia,Sol,Múltipla,Urbano,Caminhão,Ferido Leve ,33.0,Masculino
1017411,27/11/2011,RN,304,MACAIBA,Outras,Colisão frontal,Com Vítimas Fatais ,Pleno dia,Sol,Múltipla,Urbano,Camioneta,Ferido Grave,28.0,Masculino
1017411,27/11/2011,RN,304,MACAIBA,Outras,Colisão frontal,Com Vítimas Fatais ,Pleno dia,Sol,Múltipla,Urbano,Camioneta,Ferido Leve ,21.0,Masculino
1017432,28/11/2011,RN,101,NATAL,Falta de atenção,Colisão lateral,Com Vítimas Feridas,Anoitecer,Ceu Claro,Dupla   ,Urbano,Automóvel,Ileso       ,35.0,Masculino
1017432,28/11/2011,RN,101,NATAL,Falta de atenção,Colisão lateral,Com Vítimas Feridas,Anoitecer,Ceu Claro,Dupla   ,Urbano,Automóvel,Ileso       ,23.0,Masculino
1017432,28/11/2011,RN,101,NATAL,Falta de atenção,Colisão lateral,Com Vítimas Feridas,Anoitecer,Ceu Claro,Dupla   ,Urbano,Automóvel,Ferido Leve ,20.0,Feminino
1017477,26/11/2011,RN,226,TANGARA,Desobediência à sinalização,Colisão frontal,Sem Vítimas        ,Plena noite,Ceu Claro,Simples ,Urbano,Caminhão,Ignorado    ,46.0,Masculino
1017477,26/11/2011,RN,226,TANGARA,Desobediência à sinalização,Colisão frontal,Sem Vítimas        ,Plena noite,Ceu Claro,Simples ,Urbano,Automóvel,Ileso       ,23.0,Masculino
1017510,01/12/2011,RN,101,NATAL,Falta de atenção,Colisão traseira,Sem Vítimas        ,Pleno dia,Sol,Múltipla,Urbano,Caminhonete,Ileso       ,36.0,Masculino
1017510,01/12/2011,RN,101,NATAL,Falta de atenção,Colisão traseira,Sem Vítimas        ,Pleno dia,Sol,Múltipla,Urbano,Automóvel,Ileso       ,33.0,Masculino
1017542,01/12/2011,RN,101,NATAL,Outras,Tombamento,Com Vítimas Feridas,Anoitecer,Ceu Claro,Múltipla,Urbano,Motocicletas,Ferido Leve ,25.0,Masculino
1017546,19/11/2011,RN,405,SAO FRANCISCO DO OESTE,Ingestão de álcool,Colisão lateral,Sem Vítimas        ,Plena noite,Ceu Claro,Simples ,Rural ,Automóvel,Ileso       ,-1.0,Masculino
1017546,19/11/2011,RN,405,SAO FRANCISCO DO OESTE,Ingestão de álcool,Colisão lateral,Sem Vítimas        ,Plena noite,Ceu Claro,Simples ,Rural ,Motocicletas,Ignorado    ,-1.0,Masculino
1017562,01/12/2011,RN,101,NATAL,Animais na Pista,Atropelamento de animal,Com Vítimas Feridas,Pleno dia,Ceu Claro,Dupla   ,Urbano,Motocicletas,Ferido Grave,21.0,Feminino
1017575,01/12/2011,RN,101,NATAL,Falta de atenção,Colisão traseira,Sem Vítimas        ,Plena noite,Ceu Claro,Dupla   ,Urbano,Automóvel,Ileso       ,35.0,Feminino
1017575,01/12/2011,RN,101,NATAL,Falta de atenção,Colisão traseira,Sem Vítimas        ,Plena noite,Ceu Claro,Dupla   ,Urbano,Automóvel,Ileso       ,46.0,Masculino
1017606,28/11/2011,RN,101,PARNAMIRIM,Defeito mecânico em veículo,Colisão com objeto móvel,Com Vítimas Feridas,Pleno dia,Sol,Dupla   ,Urbano,Microônibus,Ileso       ,56.0,Masculino
1017606,28/11/2011,RN,101,PARNAMIRIM,Defeito mecânico em veículo,Colisão com objeto móvel,Com Vítimas Feridas,Pleno dia,Sol,Dupla   ,Urbano,Motocicletas,Ferido Grave,30.0,Masculino
1017734,27/11/2011,RN,226,NATAL,Ingestão de álcool,Colisão frontal,Com Vítimas Feridas,Plena noite,Nublado,Simples ,Urbano,Automóvel,Ferido Leve ,25.0,Masculino
1017734,27/11/2011,RN,226,NATAL,Ingestão de álcool,Colisão frontal,Com Vítimas Feridas,Plena noite,Nublado,Simples ,Urbano,Automóvel,Ferido Leve ,19.0,Masculino
1017734,27/11/2011,RN,226,NATAL,Ingestão de álcool,Colisão frontal,Com Vítimas Feridas,Plena noite,Nublado,Simples ,Urbano,Automóvel,Ferido Leve ,26.0,Masculino
1017734,27/11/2011,RN,226,NATAL,Ingestão de álcool,Colisão frontal,Com Vítimas Feridas,Plena noite,Nublado,Simples ,Urbano,Automóvel,Ferido Leve ,20.0,Feminino
1017842,02/12/2011,RN,304,MOSSORO,Falta de atenção,Colisão Transversal,Com Vítimas Feridas,Pleno dia,Ceu Claro,Dupla   ,Urbano,Motoneta,Ferido Leve ,31.0,Masculino
1017842,02/12/2011,RN,304,MOSSORO,Falta de atenção,Colisão Transversal,Com Vítimas Feridas,Pleno dia,Ceu Claro,Dupla   ,Urbano,Automóvel,Ileso       ,57.0,Masculino
1017862,02/12/2011,RN,427,JARDIM DO SERIDO,Falta de atenção,Colisão lateral,Com Vítimas Feridas,Pleno dia,Ceu Claro,Simples ,Urbano,Automóvel,Ileso       ,75.0,Masculino
1017862,02/12/2011,RN,427,JARDIM DO SERIDO,Falta de atenção,Colisão lateral,Com Vítimas Feridas,Pleno dia,Ceu Claro,Simples ,Urbano,Motocicletas,Ferido Leve ,36.0,Masculino
1017862,02/12/2011,RN,427,JARDIM DO SERIDO,Falta de atenção,Colisão lateral,Com Vítimas Feridas,Pleno dia,Ceu Claro,Simples ,Urbano,Motocicletas,Ferido Leve ,37.0,Feminino
1017934,02/12/2011,RN,101,SAO GONCALO DO AMARANTE,Falta de atenção,Colisão traseira,Sem Vítimas        ,Pleno dia,Sol,Dupla   ,Urbano,Automóvel,Ileso       ,39.0,Feminino
1017934,02/12/2011,RN,101,SAO GONCALO DO AMARANTE,Falta de atenção,Colisão traseira,Sem Vítimas        ,Pleno dia,Sol,Dupla   ,Urbano,Automóvel,Ileso       ,25.0,Masculino
1017934,02/12/2011,RN,101,SAO GONCALO DO AMARANTE,Falta de atenção,Colisão traseira,Sem Vítimas        ,Pleno dia,Sol,Dupla   ,Urbano,Caminhonete,Ileso       ,24.0,Masculino
1017951,02/12/2011,RN,304,MOSSORO,Defeito mecânico em veículo,Capotamento,Sem Vítimas        ,Pleno dia,Sol,Simples ,Rural ,Caminhonete,Ileso       ,52.0,Masculino
1017970,24/11/2011,RN,304,CAICARA DO RIO DO VENTO,Outras,Capotamento,Sem Vítimas        ,Pleno dia,Sol,Simples ,Rural ,Automóvel,Ileso       ,53.0,Masculino
1017970,24/11/2011,RN,304,CAICARA DO RIO DO VENTO,Outras,Capotamento,Sem Vítimas        ,Pleno dia,Sol,Simples ,Rural ,Não identificado,Ileso       ,-1.0,Inválido
1018144,28/11/2011,RN,101,PARNAMIRIM,Falta de atenção,Colisão traseira,Sem Vítimas        ,Pleno dia,Ceu Claro,Dupla   ,Urbano,Automóvel,Ileso       ,27.0,Feminino
1018144,28/11/2011,RN,101,PARNAMIRIM,Falta de atenção,Colisão traseira,Sem Vítimas        ,Pleno dia,Ceu Claro,Dupla   ,Urbano,Motocicletas,Ileso       ,44.0,Masculino
1018178,02/12/2011,RN,101,PARNAMIRIM,Falta de atenção,Colisão traseira,Com Vítimas Feridas,Plena noite,Ceu Claro,Dupla   ,Urbano,Automóvel,Ileso       ,25.0,Masculino
1018178,02/12/2011,RN,101,PARNAMIRIM,Falta de atenção,Colisão traseira,Com Vítimas Feridas,Plena noite,Ceu Claro,Dupla   ,Urbano,Automóvel,Ferido Leve ,45.0,Masculino
1018182,02/12/2011,RN,101,RIO DO FOGO,Animais na Pista,Atropelamento de animal,Sem Vítimas        ,Plena noite,Ceu Claro,Simples ,Rural ,Caminhonete,Ileso       ,40.0,Masculino
1018183,02/12/2011,RN,101,PARNAMIRIM,Outras,Queda de motocicleta / bicicleta / veículo,Com Vítimas Feridas,Pleno dia,Ceu Claro,Dupla   ,Urbano,Motocicletas,Ferido Leve ,28.0,Masculino
1018225,02/12/2011,RN,101,PARNAMIRIM,Outras,Colisão traseira,Sem Vítimas        ,Pleno dia,Ceu Claro,Dupla   ,Urbano,Automóvel,Ileso       ,29.0,Feminino
1018225,02/12/2011,RN,101,PARNAMIRIM,Outras,Colisão traseira,Sem Vítimas        ,Pleno dia,Ceu Claro,Dupla   ,Urbano,Automóvel,Ileso       ,38.0,Feminino
1018225,02/12/2011,RN,101,PARNAMIRIM,Outras,Colisão traseira,Sem Vítimas        ,Pleno dia,Ceu Claro,Dupla   ,Urbano,Automóvel,Ileso       ,24.0,Feminino
1018236,02/12/2011,RN,304,MACAIBA,Outras,Colisão lateral,Sem Vítimas        ,Pleno dia,Ceu Claro,Simples ,Urbano,Automóvel,Ileso       ,52.0,Masculino
1018236,02/12/2011,RN,304,MACAIBA,Outras,Colisão lateral,Sem Vítimas        ,Pleno dia,Ceu Claro,Simples ,Urbano,Automóvel,Ileso       ,39.0,Masculino
1018374,29/11/2011,RN,226,NATAL,Falta de atenção,Colisão traseira,Com Vítimas Feridas,Pleno dia,Sol,Dupla   ,Urbano,Motocicletas,Ferido Leve ,18.0,Masculino
1018374,29/11/2011,RN,226,NATAL,Falta de atenção,Colisão traseira,Com Vítimas Feridas,Pleno dia,Sol,Dupla   ,Urbano,Motocicletas,Ferido Leve ,17.0,Masculino
1018374,29/11/2011,RN,226,NATAL,Falta de atenção,Colisão traseira,Com Vítimas Feridas,Pleno dia,Sol,Dupla   ,Urbano,Motocicletas,Ileso       ,20.0,Masculino
1018374,29/11/2011,RN,226,NATAL,Falta de atenção,Colisão traseira,Com Vítimas Feridas,Pleno dia,Sol,Dupla   ,Urbano,Motocicletas,Ferido Leve ,22.0,Feminino
1018414,25/11/2011,RN,101,GOIANINHA,Outras,Queda de motocicleta / bicicleta / veículo,Com Vítimas Fatais ,Plena noite,Ceu Claro,Dupla   ,Rural ,Motocicletas,Morto       ,36.0,Masculino
1018528,03/12/2011,RN,304,MOSSORO,Falta de atenção,Colisão Transversal,Com Vítimas Feridas,Plena noite,Sol,Simples ,Urbano,Motocicletas,Ferido Grave,31.0,Masculino
1018528,03/12/2011,RN,304,MOSSORO,Falta de atenção,Colisão Transversal,Com Vítimas Feridas,Plena noite,Sol,Simples ,Urbano,Automóvel,Ileso       ,23.0,Masculino
1018544,03/12/2011,RN,226,ALMINO AFONSO,Ingestão de álcool,Capotamento,Com Vítimas Fatais ,Amanhecer,Ceu Claro,Simples ,Rural ,Automóvel,Morto       ,14.0,Feminino
1018544,03/12/2011,RN,226,ALMINO AFONSO,Ingestão de álcool,Capotamento,Com Vítimas Fatais ,Amanhecer,Ceu Claro,Simples ,Rural ,Automóvel,Morto       ,20.0,Masculino
1018544,03/12/2011,RN,226,ALMINO AFONSO,Ingestão de álcool,Capotamento,Com Vítimas Fatais ,Amanhecer,Ceu Claro,Simples ,Rural ,Automóvel,Morto       ,26.0,Feminino
1018544,03/12/2011,RN,226,ALMINO AFONSO,Ingestão de álcool,Capotamento,Com Vítimas Fatais ,Amanhecer,Ceu Claro,Simples ,Rural ,Automóvel,Ferido Grave,23.0,Feminino
1018544,03/12/2011,RN,226,ALMINO AFONSO,Ingestão de álcool,Capotamento,Com Vítimas Fatais ,Amanhecer,Ceu Claro,Simples ,Rural ,Automóvel,Ferido Grave,23.0,Masculino
1018544,03/12/2011,RN,226,ALMINO AFONSO,Ingestão de álcool,Capotamento,Com Vítimas Fatais ,Amanhecer,Ceu Claro,Simples ,Rural ,Automóvel,Ignorado    ,-1.0,Inválido
1018570,03/12/2011,RN,226,NATAL,Defeito mecânico em veículo,Colisão traseira,Sem Vítimas        ,Pleno dia,Sol,Dupla   ,Urbano,Microônibus,Ileso       ,39.0,Masculino
1018570,03/12/2011,RN,226,NATAL,Defeito mecânico em veículo,Colisão traseira,Sem Vítimas        ,Pleno dia,Sol,Dupla   ,Urbano,Automóvel,Ileso       ,53.0,Masculino
1018584,03/12/2011,RN,101,NATAL,Falta de atenção,Colisão traseira,Sem Vítimas        ,Pleno dia,Ceu Claro,Dupla   ,Urbano,Automóvel,Ileso       ,40.0,Masculino
1018584,03/12/2011,RN,101,NATAL,Falta de atenção,Colisão traseira,Sem Vítimas        ,Pleno dia,Ceu Claro,Dupla   ,Urbano,Automóvel,Ileso       ,59.0,Masculino
1018624,03/12/2011,RN,101,SAO GONCALO DO AMARANTE,Falta de atenção,Colisão lateral,Sem Vítimas        ,Pleno dia,Sol,Dupla   ,Urbano,Motocicletas,Ignorado    ,-1.0,Masculino
1018624,03/12/2011,RN,101,SAO GONCALO DO AMARANTE,Falta de atenção,Colisão lateral,Sem Vítimas        ,Pleno dia,Sol,Dupla   ,Urbano,Automóvel,Ileso       ,29.0,Masculino
1018640,03/12/2011,RN,101,PARNAMIRIM,Falta de atenção,Colisão lateral,Sem Vítimas        ,Pleno dia,Ceu Claro,Dupla   ,Urbano,Caminhão,Ileso       ,41.0,Masculino
1018640,03/12/2011,RN,101,PARNAMIRIM,Falta de atenção,Colisão lateral,Sem Vítimas        ,Pleno dia,Ceu Claro,Dupla   ,Urbano,Automóvel,Ileso       ,42.0,Masculino
1018812,04/12/2011,RN,304,MOSSORO,Ingestão de álcool,Colisão lateral,Com Vítimas Feridas,Plena noite,Ceu Claro,Simples ,Urbano,Automóvel,Ferido Leve ,27.0,Masculino
1018812,04/12/2011,RN,304,MOSSORO,Ingestão de álcool,Colisão lateral,Com Vítimas Feridas,Plena noite,Ceu Claro,Simples ,Urbano,Motocicletas,Ferido Grave,39.0,Masculino
1018939,22/11/2011,RN,101,NATAL,Falta de atenção,Colisão lateral,Sem Vítimas        ,Pleno dia,Ceu Claro,Dupla   ,Urbano,Caminhonete,Ileso       ,52.0,Masculino
1018939,22/11/2011,RN,101,NATAL,Falta de atenção,Colisão lateral,Sem Vítimas        ,Pleno dia,Ceu Claro,Dupla   ,Urbano,Automóvel,Ignorado    ,-1.0,Feminino
1019016,04/12/2011,RN,304,MOSSORO,Outras,Colisão frontal,Com Vítimas Fatais ,Pleno dia,Sol,Simples ,Urbano,Caminhão-Trator,Ileso       ,44.0,Masculino
1019016,04/12/2011,RN,304,MOSSORO,Outras,Colisão frontal,Com Vítimas Fatais ,Pleno dia,Sol,Simples ,Urbano,Motocicletas,Morto       ,26.0,Masculino
1019036,30/11/2011,RN,101,NATAL,Falta de atenção,Colisão lateral,Sem Vítimas        ,Pleno dia,Ceu Claro,Dupla   ,Urbano,Ônibus,Ileso       ,55.0,Masculino
1019036,30/11/2011,RN,101,NATAL,Falta de atenção,Colisão lateral,Sem Vítimas        ,Pleno dia,Ceu Claro,Dupla   ,Urbano,Automóvel,Ileso       ,53.0,Feminino
1019037,04/12/2011,RN,101,NATAL,Outras,Colisão traseira,Sem Vítimas        ,Pleno dia,Ceu Claro,Dupla   ,Urbano,Automóvel,Ileso       ,44.0,Masculino
1019037,04/12/2011,RN,101,NATAL,Outras,Colisão traseira,Sem Vítimas        ,Pleno dia,Ceu Claro,Dupla   ,Urbano,Automóvel,Ileso       ,40.0,Masculino
1019130,04/12/2011,RN,304,MACAIBA,Outras,Colisão lateral,Sem Vítimas        ,Anoitecer,Ceu Claro,Simples ,Urbano,Automóvel,Ileso       ,42.0,Feminino
1019130,04/12/2011,RN,304,MACAIBA,Outras,Colisão lateral,Sem Vítimas        ,Anoitecer,Ceu Claro,Simples ,Urbano,Motocicletas,Ileso       ,34.0,Masculino
1019169,04/12/2011,RN,304,MOSSORO,Ultrapassagem indevida,Colisão lateral,Sem Vítimas        ,Pleno dia,Ceu Claro,Dupla   ,Rural ,Automóvel,Ileso       ,51.0,Feminino
1019169,04/12/2011,RN,304,MOSSORO,Ultrapassagem indevida,Colisão lateral,Sem Vítimas        ,Pleno dia,Ceu Claro,Dupla   ,Rural ,Caminhão,Ileso       ,46.0,Masculino
1019244,04/12/2011,RN,226,CURRAIS NOVOS,Outras,Capotamento,Com Vítimas Feridas,Plena noite,Ceu Claro,Simples ,Rural ,Automóvel,Ferido Leve ,29.0,Feminino
1019247,04/12/2011,RN,304,MACAIBA,Falta de atenção,Colisão traseira,Com Vítimas Feridas,Pleno dia,Sol,Simples ,Urbano,Motocicletas,Ferido Grave,23.0,Masculino
1019247,04/12/2011,RN,304,MACAIBA,Falta de atenção,Colisão traseira,Com Vítimas Feridas,Pleno dia,Sol,Simples ,Urbano,Motocicletas,Ferido Leve ,20.0,Masculino
1019247,04/12/2011,RN,304,MACAIBA,Falta de atenção,Colisão traseira,Com Vítimas Feridas,Pleno dia,Sol,Simples ,Urbano,Motoneta,Ferido Grave,54.0,Masculino
1019308,04/12/2011,RN,101,PARNAMIRIM,Falta de atenção,Colisão lateral,Com Vítimas Feridas,Plena noite,Ceu Claro,Dupla   ,Urbano,Motocicletas,Ferido Leve ,39.0,Masculino
1019308,04/12/2011,RN,101,PARNAMIRIM,Falta de atenção,Colisão lateral,Com Vítimas Feridas,Plena noite,Ceu Claro,Dupla   ,Urbano,Automóvel,Ignorado    ,-1.0,Inválido
1019387,04/12/2011,RN,101,NATAL,Ingestão de álcool,Saída de Pista,Sem Vítimas        ,Plena noite,Ceu Claro,Dupla   ,Urbano,Automóvel,Ileso       ,28.0,Masculino
1019394,29/11/2011,RN,101,NATAL,Outras,Colisão lateral,Sem Vítimas        ,Plena noite,Ceu Claro,Dupla   ,Urbano,Ônibus,Ileso       ,31.0,Masculino
1019394,29/11/2011,RN,101,NATAL,Outras,Colisão lateral,Sem Vítimas        ,Plena noite,Ceu Claro,Dupla   ,Urbano,Automóvel,Ileso       ,29.0,Feminino
1019398,02/12/2011,RN,101,CANGUARETAMA,Falta de atenção,Colisão traseira,Com Vítimas Fatais ,Plena noite,Ceu Claro,Dupla   ,Rural ,Caminhão-Trator,Ileso       ,30.0,Masculino
1019398,02/12/2011,RN,101,CANGUARETAMA,Falta de atenção,Colisão traseira,Com Vítimas Fatais ,Plena noite,Ceu Claro,Dupla   ,Rural ,Caminhão-Trator,Ileso       ,39.0,Masculino
1019398,02/12/2011,RN,101,CANGUARETAMA,Falta de atenção,Colisão traseira,Com Vítimas Fatais ,Plena noite,Ceu Claro,Dupla   ,Rural ,Caminhão-Trator,Morto       ,-1.0,Masculino
1019433,05/12/2011,RN,110,MOSSORO,Não guardar distância de segurança,Colisão traseira,Sem Vítimas        ,Pleno dia,Ceu Claro,Simples ,Urbano,Motocicletas,Ileso       ,62.0,Masculino
1019433,05/12/2011,RN,110,MOSSORO,Não guardar distância de segurança,Colisão traseira,Sem Vítimas        ,Pleno dia,Ceu Claro,Simples ,Urbano,Automóvel,Ileso       ,32.0,Masculino
1019514,05/12/2011,RN,101,SAO GONCALO DO AMARANTE,Desobediência à sinalização,Colisão frontal,Sem Vítimas        ,Pleno dia,Ceu Claro,Dupla   ,Urbano,Automóvel,Ileso       ,57.0,Masculino
1019514,05/12/2011,RN,101,SAO GONCALO DO AMARANTE,Desobediência à sinalização,Colisão frontal,Sem Vítimas        ,Pleno dia,Ceu Claro,Dupla   ,Urbano,Ciclomotor,Ileso       ,24.0,Masculino
1019574,03/12/2011,RN,110,MOSSORO,Falta de atenção,Colisão frontal,Com Vítimas Feridas,Plena noite,Ceu Claro,Simples ,Urbano,Motoneta,Ferido Leve ,-1.0,Masculino
1019574,03/12/2011,RN,110,MOSSORO,Falta de atenção,Colisão frontal,Com Vítimas Feridas,Plena noite,Ceu Claro,Simples ,Urbano,Automóvel,Ileso       ,33.0,Masculino
1019618,28/11/2011,RN,101,NATAL,Não guardar distância de segurança,Colisão traseira,Sem Vítimas        ,Anoitecer,Ceu Claro,Múltipla,Urbano,Caminhonete,Ileso       ,42.0,Masculino
1019618,28/11/2011,RN,101,NATAL,Não guardar distância de segurança,Colisão traseira,Sem Vítimas        ,Anoitecer,Ceu Claro,Múltipla,Urbano,Automóvel,Ileso       ,69.0,Masculino
1019639,05/12/2011,RN,101,NATAL,Falta de atenção,Colisão traseira,Com Vítimas Feridas,Pleno dia,Sol,Dupla   ,Urbano,Caminhonete,Ileso       ,52.0,Masculino
1019639,05/12/2011,RN,101,NATAL,Falta de atenção,Colisão traseira,Com Vítimas Feridas,Pleno dia,Sol,Dupla   ,Urbano,Automóvel,Ferido Leve ,48.0,Masculino
1019639,05/12/2011,RN,101,NATAL,Falta de atenção,Colisão traseira,Com Vítimas Feridas,Pleno dia,Sol,Dupla   ,Urbano,Utilitário,Ferido Leve ,49.0,Feminino
1019647,05/12/2011,RN,101,PARNAMIRIM,Falta de atenção,Colisão lateral,Sem Vítimas        ,Pleno dia,Ceu Claro,Dupla   ,Urbano,Automóvel,Ileso       ,49.0,Masculino
1019647,05/12/2011,RN,101,PARNAMIRIM,Falta de atenção,Colisão lateral,Sem Vítimas        ,Pleno dia,Ceu Claro,Dupla   ,Urbano,Caminhonete,Ileso       ,41.0,Masculino
1019669,05/12/2011,RN,101,NATAL,Outras,Atropelamento de pessoa,Com Vítimas Feridas,Pleno dia,Sol,Dupla   ,Urbano,Automóvel,Ileso       ,51.0,Masculino
1019669,05/12/2011,RN,101,NATAL,Outras,Atropelamento de pessoa,Com Vítimas Feridas,Pleno dia,Sol,Dupla   ,Urbano,(null),Ferido Grave,84.0,Masculino
1019682,30/11/2011,RN,304,MOSSORO,Animais na Pista,Atropelamento de animal,Sem Vítimas        ,Plena noite,Ceu Claro,Simples ,Urbano,Caminhão,Ileso       ,36.0,Masculino
1019735,15/10/2011,RN,110,AREIA BRANCA,Animais na Pista,Atropelamento de animal,Com Vítimas Feridas,Anoitecer,Ceu Claro,Simples ,Rural ,Motoneta,Ferido Grave,36.0,Feminino
1019765,05/12/2011,RN,101,NATAL,Não guardar distância de segurança,Colisão lateral,Sem Vítimas        ,Pleno dia,Ceu Claro,Dupla   ,Urbano,Caminhão,Ileso       ,28.0,Masculino
1019765,05/12/2011,RN,101,NATAL,Não guardar distância de segurança,Colisão lateral,Sem Vítimas        ,Pleno dia,Ceu Claro,Dupla   ,Urbano,Automóvel,Ileso       ,30.0,Masculino
1019786,05/12/2011,RN,101,BAIA FORMOSA,Velocidade incompatível,Colisão lateral,Sem Vítimas        ,Pleno dia,Ceu Claro,Dupla   ,Rural ,Caminhão,Ileso       ,54.0,Masculino
1019786,05/12/2011,RN,101,BAIA FORMOSA,Velocidade incompatível,Colisão lateral,Sem Vítimas        ,Pleno dia,Ceu Claro,Dupla   ,Rural ,Automóvel,Ileso       ,27.0,Masculino
1019957,22/11/2011,RN,304,SANTA MARIA,Falta de atenção,Colisão traseira,Sem Vítimas        ,Pleno dia,Vento,Simples ,Urbano,Automóvel,Ileso       ,32.0,Masculino
1019957,22/11/2011,RN,304,SANTA MARIA,Falta de atenção,Colisão traseira,Sem Vítimas        ,Pleno dia,Vento,Simples ,Urbano,Automóvel,Ileso       ,55.0,Masculino
1019972,23/11/2011,RN,405,MOSSORO,Outras,Queda de motocicleta / bicicleta / veículo,Com Vítimas Feridas,Pleno dia,Ceu Claro,Dupla   ,Urbano,Motoneta,Ferido Leve ,49.0,Masculino
1020050,02/12/2011,RN,304,MOSSORO,Outras,Colisão Transversal,Com Vítimas Feridas,Plena noite,Sol,Simples ,Rural ,Automóvel,Ferido Leve ,24.0,Feminino
1020050,02/12/2011,RN,304,MOSSORO,Outras,Colisão Transversal,Com Vítimas Feridas,Plena noite,Sol,Simples ,Rural ,Automóvel,Ferido Leve ,30.0,Feminino
1020050,02/12/2011,RN,304,MOSSORO,Outras,Colisão Transversal,Com Vítimas Feridas,Plena noite,Sol,Simples ,Rural ,Automóvel,Ferido Leve ,21.0,Feminino
1020050,02/12/2011,RN,304,MOSSORO,Outras,Colisão Transversal,Com Vítimas Feridas,Plena noite,Sol,Simples ,Rural ,Automóvel,Ferido Leve ,25.0,Feminino
1020050,02/12/2011,RN,304,MOSSORO,Outras,Colisão Transversal,Com Vítimas Feridas,Plena noite,Sol,Simples ,Rural ,Camioneta,Ileso       ,50.0,Masculino