id,data_inversa,uf,br,municipio,causa_acidente,tipo_acidente,classificacao_acidente,fase_dia,condicao_metereologica,tipo_pista,uso_solo,tipo_veiculo,estado_fisico,idade,sexo
1020106,04/12/2011,RN,110,MOSSORO,Falta de atenção,Colisão Transversal,Com Vítimas Feridas,Pleno dia,Ceu Claro,Dupla   ,Urbano,Automóvel,Ferido Leve ,30.0,Masculino
1020106,04/12/2011,RN,110,MOSSORO,Falta de atenção,Colisão Transversal,Com Vítimas Feridas,Pleno dia,Ceu Claro,Dupla   ,Urbano,Ciclomotor,Ferido Grave,-1.0,Feminino
1020106,04/12/2011,RN,110,MOSSORO,Falta de atenção,Colisão Transversal,Com Vítimas Feridas,Pleno dia,Ceu Claro,Dupla   ,Urbano,Ciclomotor,Ferido Grave,-1.0,Masculino
1020126,06/12/2011,RN,101,SAO JOSE DE MIPIBU,Outras,Colisão traseira,Sem Vítimas        ,Pleno dia,Sol,Dupla   ,Rural ,Caminhonete,Ileso       ,39.0,Masculino
1020126,06/12/2011,RN,101,SAO JOSE DE MIPIBU,Outras,Colisão traseira,Sem Vítimas        ,Pleno dia,Sol,Dupla   ,Rural ,Camioneta,Ileso       ,25.0,Masculino
1020136,06/12/2011,RN,110,MOSSORO,Falta de atenção,Colisão lateral,Sem Vítimas        ,Pleno dia,Sol,Simples ,Urbano,Caminhão-Trator,Ileso       ,29.0,Masculino
1020136,06/12/2011,RN,110,MOSSORO,Falta de atenção,Colisão lateral,Sem Vítimas        ,Pleno dia,Sol,Simples ,Urbano,Automóvel,Ileso       ,42.0,Masculino
1020187,04/12/2011,RN,427,CAICO,Desobediência à sinalização,Colisão frontal,Com Vítimas Fatais ,Amanhecer,Ceu Claro,Simples ,Urbano,Motocicletas,Ferido Grave,24.0,Masculino
1020187,04/12/2011,RN,427,CAICO,Desobediência à sinalização,Colisão frontal,Com Vítimas Fatais ,Amanhecer,Ceu Claro,Simples ,Urbano,Motocicletas,Ferido Grave,-1.0,Masculino
1020187,04/12/2011,RN,427,CAICO,Desobediência à sinalização,Colisão frontal,Com Vítimas Fatais ,Amanhecer,Ceu Claro,Simples ,Urbano,Motocicletas,Morto       ,61.0,Masculino
1020204,06/12/2011,RN,101,NATAL,Falta de atenção,Colisão traseira,Sem Vítimas        ,Pleno dia,Ceu Claro,Dupla   ,Urbano,Automóvel,Ileso       ,-1.0,Feminino
1020204,06/12/2011,RN,101,NATAL,Falta de atenção,Colisão traseira,Sem Vítimas        ,Pleno dia,Ceu Claro,Dupla   ,Urbano,Automóvel,Ileso       ,-1.0,Feminino
1020221,11/11/2011,RN,110,UPANEMA,Velocidade incompatível,Capotamento,Com Vítimas Feridas,Pleno dia,Ceu Claro,Simples ,Rural ,Automóvel,Ferido Leve ,35.0,Masculino
1020221,11/11/2011,RN,110,UPANEMA,Velocidade incompatível,Capotamento,Com Vítimas Feridas,Pleno dia,Ceu Claro,Simples ,Rural ,Automóvel,Ferido Leve ,23.0,Masculino
1020221,11/11/2011,RN,110,UPANEMA,Velocidade incompatível,Capotamento,Com Vítimas Feridas,Pleno dia,Ceu Claro,Simples ,Rural ,Automóvel,Ferido Leve ,48.0,Masculino
1020221,11/11/2011,RN,110,UPANEMA,Velocidade incompatível,Capotamento,Com Vítimas Feridas,Pleno dia,Ceu Claro,Simples ,Rural ,Automóvel,Ferido Grave,32.0,Masculino
1020227,06/12/2011,RN,304,MOSSORO,Falta de atenção,Colisão com objeto fixo,Sem Vítimas        ,Pleno dia,Ceu Claro,Dupla   ,Rural ,Automóvel,Ileso       ,29.0,Masculino
1020227,06/12/2011,RN,304,MOSSORO,Falta de atenção,Colisão com objeto fixo,Sem Vítimas        ,Pleno dia,Ceu Claro,Dupla   ,Rural ,Caminhão-Trator,Ileso       ,49.0,Masculino
1020318,06/12/2011,RN,405,MOSSORO,Desobediência à sinalização,Colisão Transversal,Com Vítimas Feridas,Pleno dia,Ceu Claro,Simples ,Urbano,Automóvel,Ileso       ,45.0,Masculino
1020318,06/12/2011,RN,405,MOSSORO,Desobediência à sinalização,Colisão Transversal,Com Vítimas Feridas,Pleno dia,Ceu Claro,Simples ,Urbano,Motocicletas,Ferido Leve ,21.0,Masculino
1020373,02/12/2011,RN,226,NATAL,Outras,Colisão frontal,Com Vítimas Feridas,Pleno dia,Sol,Simples ,Urbano,Motocicletas,Ferido Leve ,21.0,Masculino
1020373,02/12/2011,RN,226,NATAL,Outras,Colisão frontal,Com Vítimas Feridas,Pleno dia,Sol,Simples ,Urbano,Automóvel,Ileso       ,31.0,Masculino
1020373,02/12/2011,RN,226,NATAL,Outras,Colisão frontal,Com Vítimas Feridas,Pleno dia,Sol,Simples ,Urbano,Motocicletas,Ferido Leve ,20.0,Masculino
1020404,06/12/2011,RN,101,PARNAMIRIM,Falta de atenção,Colisão Transversal,Com Vítimas Feridas,Pleno dia,Ceu Claro,Dupla   ,Urbano,Motoneta,Ferido Leve ,23.0,Masculino
1020404,06/12/2011,RN,101,PARNAMIRIM,Falta de atenção,Colisão Transversal,Com Vítimas Feridas,Pleno dia,Ceu Claro,Dupla   ,Urbano,Motocicletas,Ferido Grave,35.0,Masculino
1020528,07/12/2011,RN,304,MACAIBA,Falta de atenção,Tombamento,Sem Vítimas        ,Plena noite,Vento,Simples ,Rural ,Caminhão,Ileso       ,40.0,Masculino
1020599,07/12/2011,RN,101,SAO GONCALO DO AMARANTE,Outras,Colisão traseira,Sem Vítimas        ,Pleno dia,Sol,Dupla   ,Urbano,Automóvel,Ileso       ,23.0,Masculino
1020599,07/12/2011,RN,101,SAO GONCALO DO AMARANTE,Outras,Colisão traseira,Sem Vítimas        ,Pleno dia,Sol,Dupla   ,Urbano,Ônibus,Ileso       ,30.0,Masculino
1020611,30/11/2011,RN,101,NATAL,Outras,Colisão lateral,Sem Vítimas        ,Pleno dia,Sol,Múltipla,Urbano,Ônibus,Ileso       ,38.0,Masculino
1020611,30/11/2011,RN,101,NATAL,Outras,Colisão lateral,Sem Vítimas        ,Pleno dia,Sol,Múltipla,Urbano,Automóvel,Ileso       ,75.0,Masculino
1020654,07/12/2011,RN,101,PARNAMIRIM,Falta de atenção,Colisão Transversal,Sem Vítimas        ,Pleno dia,Ceu Claro,Dupla   ,Urbano,Automóvel,Ileso       ,35.0,Masculino
1020654,07/12/2011,RN,101,PARNAMIRIM,Falta de atenção,Colisão Transversal,Sem Vítimas        ,Pleno dia,Ceu Claro,Dupla   ,Urbano,Automóvel,Ileso       ,50.0,Masculino
1020712,07/12/2011,RN,101,GOIANINHA,Dormindo,Colisão traseira,Sem Vítimas        ,Pleno dia,Ceu Claro,Dupla   ,Urbano,Automóvel,Ileso       ,29.0,Masculino
1020712,07/12/2011,RN,101,GOIANINHA,Dormindo,Colisão traseira,Sem Vítimas        ,Pleno dia,Ceu Claro,Dupla   ,Urbano,Automóvel,Ileso       ,51.0,Masculino
1020756,06/12/2011,RN,101,CANGUARETAMA,Outras,Capotamento,Sem Vítimas        ,Pleno dia,Ceu Claro,Dupla   ,Rural ,Automóvel,Ileso       ,25.0,Masculino
1020782,22/11/2011,RN,101,NATAL,Outras,Colisão traseira,Sem Vítimas        ,Pleno dia,Sol,Dupla   ,Urbano,Automóvel,Ileso       ,23.0,Masculino
1020782,22/11/2011,RN,101,NATAL,Outras,Colisão traseira,Sem Vítimas        ,Pleno dia,Sol,Dupla   ,Urbano,Automóvel,Ileso       ,25.0,Masculino
1020832,07/12/2011,RN,101,GOIANINHA,Ingestão de álcool,Colisão traseira,Sem Vítimas        ,Pleno dia,Ceu Claro,Dupla   ,Rural ,Caminhão-Trator,Ileso       ,33.0,Masculino
1020832,07/12/2011,RN,101,GOIANINHA,Ingestão de álcool,Colisão traseira,Sem Vítimas        ,Pleno dia,Ceu Claro,Dupla   ,Rural ,Caminhão-Tanque,Ileso       ,49.0,Masculino
1020902,07/12/2011,RN,101,NATAL,Falta de atenção,Atropelamento de pessoa,Com Vítimas Feridas,Plena noite,Ceu Claro,Dupla   ,Urbano,Motocicletas,Ileso       ,21.0,Masculino
1020902,07/12/2011,RN,101,NATAL,Falta de atenção,Atropelamento de pessoa,Com Vítimas Feridas,Plena noite,Ceu Claro,Dupla   ,Urbano,(null),Ferido Leve ,-1.0,Masculino
1020933,07/12/2011,RN,101,PARNAMIRIM,Não guardar distância de segurança,Colisão traseira,Sem Vítimas        ,Plena noite,Ceu Claro,Dupla   ,Urbano,Automóvel,Ileso       ,21.0,Masculino
1020933,07/12/2011,RN,101,PARNAMIRIM,Não guardar distância de segurança,Colisão traseira,Sem Vítimas        ,Plena noite,Ceu Claro,Dupla   ,Urbano,Automóvel,Ileso       ,39.0,Masculino
1020943,07/12/2011,RN,101,PARNAMIRIM,Não guardar distância de segurança,Colisão lateral,Sem Vítimas        ,Anoitecer,Ceu Claro,Dupla   ,Urbano,Automóvel,Ileso       ,42.0,Masculino
1020943,07/12/2011,RN,101,PARNAMIRIM,Não guardar distância de segurança,Colisão lateral,Sem Vítimas        ,Anoitecer,Ceu Claro,Dupla   ,Urbano,Caminhão,Ignorado    ,-1.0,Inválido
1020954,07/12/2011,RN,101,NATAL,Falta de atenção,Colisão lateral,Sem Vítimas        ,Anoitecer,Ceu Claro,Múltipla,Urbano,Automóvel,Ileso       ,57.0,Masculino
1020954,07/12/2011,RN,101,NATAL,Falta de atenção,Colisão lateral,Sem Vítimas        ,Anoitecer,Ceu Claro,Múltipla,Urbano,Automóvel,Ileso       ,37.0,Feminino
1021069,07/12/2011,RN,101,NATAL,Falta de atenção,Colisão traseira,Sem Vítimas        ,Pleno dia,Sol,Múltipla,Urbano,Automóvel,Ileso       ,27.0,Masculino
1021069,07/12/2011,RN,101,NATAL,Falta de atenção,Colisão traseira,Sem Vítimas        ,Pleno dia,Sol,Múltipla,Urbano,Automóvel,Ileso       ,30.0,Masculino
1021121,04/12/2011,RN,101,PARNAMIRIM,Desobediência à sinalização,Colisão lateral,Com Vítimas Feridas,Pleno dia,Sol,Dupla   ,Rural ,Automóvel,Ileso       ,36.0,Masculino
1021121,04/12/2011,RN,101,PARNAMIRIM,Desobediência à sinalização,Colisão lateral,Com Vítimas Feridas,Pleno dia,Sol,Dupla   ,Rural ,Motocicletas,Ferido Grave,53.0,Masculino
1021163,07/12/2011,RN,405,MOSSORO,Falta de atenção,Colisão traseira,Com Vítimas Feridas,Amanhecer,Ceu Claro,Dupla   ,Urbano,Automóvel,Ileso       ,42.0,Masculino
1021163,07/12/2011,RN,405,MOSSORO,Falta de atenção,Colisão traseira,Com Vítimas Feridas,Amanhecer,Ceu Claro,Dupla   ,Urbano,Motocicletas,Ferido Leve ,30.0,Masculino
1021163,07/12/2011,RN,405,MOSSORO,Falta de atenção,Colisão traseira,Com Vítimas Feridas,Amanhecer,Ceu Claro,Dupla   ,Urbano,Motocicletas,Ferido Leve ,45.0,Masculino
1021183,30/11/2011,RN,101,NATAL,Outras,Colisão lateral,Sem Vítimas        ,Pleno dia,Ceu Claro,Dupla   ,Urbano,Caminhão,Ileso       ,71.0,Masculino
1021183,30/11/2011,RN,101,NATAL,Outras,Colisão lateral,Sem Vítimas        ,Pleno dia,Ceu Claro,Dupla   ,Urbano,Automóvel,Ileso       ,19.0,Feminino
1021183,30/11/2011,RN,101,NATAL,Outras,Colisão lateral,Sem Vítimas        ,Pleno dia,Ceu Claro,Dupla   ,Urbano,Ônibus,Ileso       ,34.0,Masculino
1021209,04/12/2011,RN,304,MACAIBA,Não guardar distância de segurança,Colisão traseira,Com Vítimas Feridas,Pleno dia,Ceu Claro,Simples ,Rural ,Microônibus,Ileso       ,57.0,Masculino
1021209,04/12/2011,RN,304,MACAIBA,Não guardar distância de segurança,Colisão traseira,Com Vítimas Feridas,Pleno dia,Ceu Claro,Simples ,Rural ,Caminhão,Ignorado    ,-1.0,Inválido
1021209,04/12/2011,RN,304,MACAIBA,Não guardar distância de segurança,Colisão traseira,Com Vítimas Feridas,Pleno dia,Ceu Claro,Simples ,Rural ,Microônibus,Ferido Grave,-1.0,Feminino
1021209,04/12/2011,RN,304,MACAIBA,Não guardar distância de segurança,Colisão traseira,Com Vítimas Feridas,Pleno dia,Ceu Claro,Simples ,Rural ,Microônibus,Ferido Grave,-1.0,Masculino
1021209,04/12/2011,RN,304,MACAIBA,Não guardar distância de segurança,Colisão traseira,Com Vítimas Feridas,Pleno dia,Ceu Claro,Simples ,Rural ,Microônibus,Ferido Grave,-1.0,Masculino
1021252,08/12/2011,RN,101,SAO GONCALO DO AMARANTE,Outras,Colisão Transversal,Com Vítimas Feridas,Pleno dia,Sol,Dupla   ,Urbano,Automóvel,Ileso       ,71.0,Masculino
1021252,08/12/2011,RN,101,SAO GONCALO DO AMARANTE,Outras,Colisão Transversal,Com Vítimas Feridas,Pleno dia,Sol,Dupla   ,Urbano,Motoneta,Ferido Grave,62.0,Masculino
1021288,01/12/2011,RN,304,MOSSORO,Animais na Pista,Capotamento,Sem Vítimas        ,Amanhecer,Sol,Simples ,Rural ,Automóvel,Ileso       ,44.0,Masculino
1021337,08/12/2011,RN,101,NATAL,Não guardar distância de segurança,Colisão traseira,Sem Vítimas        ,Pleno dia,Sol,Dupla   ,Urbano,Automóvel,Ileso       ,49.0,Masculino
1021337,08/12/2011,RN,101,NATAL,Não guardar distância de segurança,Colisão traseira,Sem Vítimas        ,Pleno dia,Sol,Dupla   ,Urbano,Automóvel,Ileso       ,24.0,Masculino
1021337,08/12/2011,RN,101,NATAL,Não guardar distância de segurança,Colisão traseira,Sem Vítimas        ,Pleno dia,Sol,Dupla   ,Urbano,Automóvel,Ileso       ,39.0,Masculino
1021337,08/12/2011,RN,101,NATAL,Não guardar distância de segurança,Colisão traseira,Sem Vítimas        ,Pleno dia,Sol,Dupla   ,Urbano,Automóvel,Ileso       ,27.0,Masculino
1021337,08/12/2011,RN,101,NATAL,Não guardar distância de segurança,Colisão traseira,Sem Vítimas        ,Pleno dia,Sol,Dupla   ,Urbano,Automóvel,Ileso       ,-1.0,Masculino
1021337,08/12/2011,RN,101,NATAL,Não guardar distância de segurança,Colisão traseira,Sem Vítimas        ,Pleno dia,Sol,Dupla   ,Urbano,Automóvel,Ileso       ,-1.0,Masculino
1021340,08/12/2011,RN,101,NATAL,Falta de atenção,Colisão traseira,Sem Vítimas        ,Pleno dia,Sol,Simples ,Urbano,Automóvel,Ileso       ,27.0,Masculino
1021340,08/12/2011,RN,101,NATAL,Falta de atenção,Colisão traseira,Sem Vítimas        ,Pleno dia,Sol,Simples ,Urbano,Utilitário,Ileso       ,47.0,Masculino
1021343,08/12/2011,RN,101,PARNAMIRIM,Dormindo,Colisão com objeto fixo,Sem Vítimas        ,Pleno dia,Ceu Claro,Dupla   ,Urbano,Automóvel,Ileso       ,24.0,Masculino
1021384,08/12/2011,RN,427,SERRA NEGRA DO NORTE,Dormindo,Capotamento,Sem Vítimas        ,Pleno dia,Ceu Claro,Simples ,Rural ,Caminhonete,Ileso       ,-1.0,Masculino
1021452,08/12/2011,RN,226,NATAL,Outras,Colisão traseira,Com Vítimas Feridas,Pleno dia,Sol,Simples ,Urbano,Caminhonete,Ileso       ,49.0,Masculino
1021452,08/12/2011,RN,226,NATAL,Outras,Colisão traseira,Com Vítimas Feridas,Pleno dia,Sol,Simples ,Urbano,Motocicletas,Ferido Leve ,36.0,Masculino
1021532,08/12/2011,RN,101,NATAL,Não guardar distância de segurança,Colisão lateral,Sem Vítimas        ,Plena noite,Ceu Claro,Múltipla,Urbano,Caminhão,Ileso       ,25.0,Masculino
1021532,08/12/2011,RN,101,NATAL,Não guardar distância de segurança,Colisão lateral,Sem Vítimas        ,Plena noite,Ceu Claro,Múltipla,Urbano,Ônibus,Ileso       ,28.0,Masculino
1021541,08/12/2011,RN,101,PARNAMIRIM,Não guardar distância de segurança,Colisão traseira,Sem Vítimas        ,Pleno dia,Ceu Claro,Dupla   ,Urbano,Automóvel,Ileso       ,21.0,Masculino
1021541,08/12/2011,RN,101,PARNAMIRIM,Não guardar distância de segurança,Colisão traseira,Sem Vítimas        ,Pleno dia,Ceu Claro,Dupla   ,Urbano,Automóvel,Ileso       ,48.0,Masculino
1021553,08/12/2011,RN,101,SAO JOSE DE MIPIBU,Outras,Colisão com bicicleta,Com Vítimas Feridas,Plena noite,Ceu Claro,Dupla   ,Rural ,Bicicleta,Ferido Leve ,43.0,Masculino
1021553,08/12/2011,RN,101,SAO JOSE DE MIPIBU,Outras,Colisão com bicicleta,Com Vítimas Feridas,Plena noite,Ceu Claro,Dupla   ,Rural ,Automóvel,Ignorado    ,-1.0,Inválido
1021571,02/12/2011,RN,101,PARNAMIRIM,Ingestão de álcool,Colisão traseira,Com Vítimas Feridas,Plena noite,Ceu Claro,Dupla   ,Urbano,Motoneta,Ferido Grave,26.0,Masculino
1021571,02/12/2011,RN,101,PARNAMIRIM,Ingestão de álcool,Colisão traseira,Com Vítimas Feridas,Plena noite,Ceu Claro,Dupla   ,Urbano,Motoneta,Ferido Leve ,24.0,Masculino
1021571,02/12/2011,RN,101,PARNAMIRIM,Ingestão de álcool,Colisão traseira,Com Vítimas Feridas,Plena noite,Ceu Claro,Dupla   ,Urbano,Automóvel,Ileso       ,36.0,Masculino
1021696,05/12/2011,RN,101,NATAL,Não guardar distância de segurança,Colisão traseira,Sem Vítimas        ,Plena noite,Ceu Claro,Dupla   ,Urbano,Automóvel,Ileso       ,-1.0,Masculino
1021696,05/12/2011,RN,101,NATAL,Não guardar distância de segurança,Colisão traseira,Sem Vítimas        ,Plena noite,Ceu Claro,Dupla   ,Urbano,Automóvel,Ileso       ,38.0,Masculino
1021704,05/12/2011,RN,304,MACAIBA,Falta de atenção,Colisão lateral,Sem Vítimas        ,Pleno dia,Ceu Claro,Dupla   ,Urbano,Caminhão-Trator,Ileso       ,29.0,Masculino
1021704,05/12/2011,RN,304,MACAIBA,Falta de atenção,Colisão lateral,Sem Vítimas        ,Pleno dia,Ceu Claro,Dupla   ,Urbano,Automóvel,Ileso       ,56.0,Masculino
1021705,06/12/2011,RN,101,PARNAMIRIM,Não guardar distância de segurança,Colisão traseira,Sem Vítimas        ,Pleno dia,Sol,Dupla   ,Urbano,Automóvel,Ileso       ,58.0,Masculino
1021705,06/12/2011,RN,101,PARNAMIRIM,Não guardar distância de segurança,Colisão traseira,Sem Vítimas        ,Pleno dia,Sol,Dupla   ,Urbano,Automóvel,Ileso       ,52.0,Masculino
1021721,09/12/2011,RN,101,PARNAMIRIM,Defeito mecânico em veículo,Colisão com objeto fixo,Sem Vítimas        ,Amanhecer,Ceu Claro,Dupla   ,Urbano,Caminhão-Trator,Ileso       ,29.0,Masculino
1021777,06/12/2011,RN,304,MOSSORO,Animais na Pista,Atropelamento de animal,Sem Vítimas        ,Plena noite,Ignorada,Simples ,Rural ,Caminhonete,Ileso       ,62.0,Masculino
1021790,02/12/2011,RN,304,MOSSORO,Falta de atenção,Colisão lateral,Com Vítimas Feridas,Anoitecer,Ignorada,Simples ,Rural ,Camioneta,Ferido Leve ,-1.0,Masculino
1021790,02/12/2011,RN,304,MOSSORO,Falta de atenção,Colisão lateral,Com Vítimas Feridas,Anoitecer,Ignorada,Simples ,Rural ,Caminhão,Ignorado    ,-1.0,Inválido
1021887,09/12/2011,RN,101,NATAL,Não guardar distância de segurança,Colisão traseira,Com Vítimas Feridas,Pleno dia,Ceu Claro,Múltipla,Urbano,Automóvel,Ileso       ,39.0,Feminino
1021887,09/12/2011,RN,101,NATAL,Não guardar distância de segurança,Colisão traseira,Com Vítimas Feridas,Pleno dia,Ceu Claro,Múltipla,Urbano,Motocicletas,Ferido Grave,33.0,Masculino
1021901,24/11/2011,RN,406,SAO GONCALO DO AMARANTE,Outras,Colisão lateral,Com Vítimas Feridas,Plena noite,Vento,Simples ,Rural ,Motocicletas,Ferido Grave,17.0,Masculino
1021901,24/11/2011,RN,406,SAO GONCALO DO AMARANTE,Outras,Colisão lateral,Com Vítimas Feridas,Plena noite,Vento,Simples ,Rural ,Motocicletas,Ferido Grave,-1.0,Feminino
1021901,24/11/2011,RN,406,SAO GONCALO DO AMARANTE,Outras,Colisão lateral,Com Vítimas Feridas,Plena noite,Vento,Simples ,Rural ,Automóvel,Ileso       ,-1.0,Masculino
1021934,09/01/2011,RN,101,PARNAMIRIM,Desobediência à sinalização,Colisão traseira,Sem Vítimas        ,Pleno dia,Ceu Claro,Dupla   ,Urbano,Automóvel,Ileso       ,52.0,Masculino
1021934,09/01/2011,RN,101,PARNAMIRIM,Desobediência à sinalização,Colisão traseira,Sem Vítimas        ,Pleno dia,Ceu Claro,Dupla   ,Urbano,Automóvel,Ileso       ,57.0,Masculino
1021989,09/12/2011,RN,101,NATAL,Falta de atenção,Colisão traseira,Sem Vítimas        ,Pleno dia,Sol,Múltipla,Urbano,Automóvel,Ileso       ,39.0,Masculino
1021989,09/12/2011,RN,101,NATAL,Falta de atenção,Colisão traseira,Sem Vítimas        ,Pleno dia,Sol,Múltipla,Urbano,Caminhonete,Ileso       ,37.0,Masculino
1022007,09/12/2011,RN,101,NATAL,Falta de atenção,Colisão traseira,Sem Vítimas        ,Pleno dia,Sol,Dupla   ,Urbano,Caminhonete,Ileso       ,47.0,Masculino
1022007,09/12/2011,RN,101,NATAL,Falta de atenção,Colisão traseira,Sem Vítimas        ,Pleno dia,Sol,Dupla   ,Urbano,Automóvel,Ileso       ,34.0,Masculino
1022102,09/12/2011,RN,101,PARNAMIRIM,Desobediência à sinalização,Colisão Transversal,Sem Vítimas        ,Plena noite,Ceu Claro,Dupla   ,Urbano,Automóvel,Ileso       ,30.0,Masculino
1022102,09/12/2011,RN,101,PARNAMIRIM,Desobediência à sinalização,Colisão Transversal,Sem Vítimas        ,Plena noite,Ceu Claro,Dupla   ,Urbano,Camioneta,Ileso       ,52.0,Masculino
1022151,09/12/2011,RN,101,SAO GONCALO DO AMARANTE,Outras,Atropelamento de pessoa,Com Vítimas Feridas,Plena noite,Ceu Claro,Dupla   ,Rural ,Motocicletas,Ignorado    ,-1.0,Masculino
1022151,09/12/2011,RN,101,SAO GONCALO DO AMARANTE,Outras,Atropelamento de pessoa,Com Vítimas Feridas,Plena noite,Ceu Claro,Dupla   ,Rural ,(null),Ferido Leve ,-1.0,Masculino
1022202,09/12/2011,RN,101,SAO GONCALO DO AMARANTE,Falta de atenção,Colisão lateral,Com Vítimas Feridas,Plena noite,Ceu Claro,Dupla   ,Rural ,Motocicletas,Ferido Leve ,27.0,Masculino
1022202,09/12/2011,RN,101,SAO GONCALO DO AMARANTE,Falta de atenção,Colisão lateral,Com Vítimas Feridas,Plena noite,Ceu Claro,Dupla   ,Rural ,Automóvel,Ileso       ,-1.0,Masculino
1022216,10/12/2011,RN,101,NATAL,Outras,Colisão traseira,Sem Vítimas        ,Pleno dia,Ceu Claro,Múltipla,Urbano,Automóvel,Ileso       ,52.0,Feminino
1022216,10/12/2011,RN,101,NATAL,Outras,Colisão traseira,Sem Vítimas        ,Pleno dia,Ceu Claro,Múltipla,Urbano,Automóvel,Ileso       ,39.0,Masculino
1022248,09/12/2011,RN,101,EXTREMOZ,Outras,Colisão traseira,Com Vítimas Feridas,Plena noite,Vento,Dupla   ,Urbano,Automóvel,Ileso       ,58.0,Masculino
1022248,09/12/2011,RN,101,EXTREMOZ,Outras,Colisão traseira,Com Vítimas Feridas,Plena noite,Vento,Dupla   ,Urbano,Automóvel,Ferido Leve ,20.0,Masculino
1022254,09/12/2011,RN,101,NATAL,Outras,Colisão lateral,Sem Vítimas        ,Plena noite,Ceu Claro,Múltipla,Urbano,Automóvel,Ileso       ,45.0,Feminino
1022254,09/12/2011,RN,101,NATAL,Outras,Colisão lateral,Sem Vítimas        ,Plena noite,Ceu Claro,Múltipla,Urbano,Caminhão,Ileso       ,-1.0,Masculino
1022343,06/12/2011,RN,304,SAO PEDRO,Outras,Colisão Transversal,Com Vítimas Feridas,Pleno dia,Sol,Simples ,Rural ,Bicicleta,Ferido Grave,14.0,Masculino
1022343,06/12/2011,RN,304,SAO PEDRO,Outras,Colisão Transversal,Com Vítimas Feridas,Pleno dia,Sol,Simples ,Rural ,Motocicletas,Ferido Leve ,33.0,Masculino
1022343,06/12/2011,RN,304,SAO PEDRO,Outras,Colisão Transversal,Com Vítimas Feridas,Pleno dia,Sol,Simples ,Rural ,Motocicletas,Ferido Leve ,-1.0,Feminino
1022390,07/12/2011,RN,101,NATAL,Falta de atenção,Colisão traseira,Sem Vítimas        ,Plena noite,Ceu Claro,Dupla   ,Urbano,Caminhonete,Ileso       ,46.0,Masculino
1022390,07/12/2011,RN,101,NATAL,Falta de atenção,Colisão traseira,Sem Vítimas        ,Plena noite,Ceu Claro,Dupla   ,Urbano,Automóvel,Ileso       ,26.0,Masculino
1022505,10/12/2011,RN,101,NATAL,Outras,Colisão traseira,Sem Vítimas        ,Pleno dia,Ceu Claro,Dupla   ,Urbano,Automóvel,Ileso       ,45.0,Masculino
1022505,10/12/2011,RN,101,NATAL,Outras,Colisão traseira,Sem Vítimas        ,Pleno dia,Ceu Claro,Dupla   ,Urbano,Camioneta,Ileso       ,32.0,Masculino
1022581,10/12/2011,RN,101,NATAL,Outras,Atropelamento de pessoa,Com Vítimas Feridas,Pleno dia,Sol,Dupla   ,Urbano,Automóvel,Ileso       ,40.0,Masculino
1022581,10/12/2011,RN,101,NATAL,Outras,Atropelamento de pessoa,Com Vítimas Feridas,Pleno dia,Sol,Dupla   ,Urbano,(null),Ferido Grave,71.0,Masculino
1022594,10/12/2011,RN,101,PARNAMIRIM,Falta de atenção,Colisão traseira,Sem Vítimas        ,Pleno dia,Ceu Claro,Dupla   ,Urbano,Automóvel,Ileso       ,38.0,Masculino
1022594,10/12/2011,RN,101,PARNAMIRIM,Falta de atenção,Colisão traseira,Sem Vítimas        ,Pleno dia,Ceu Claro,Dupla   ,Urbano,Automóvel,Ignorado    ,-1.0,Masculino
1022598,08/12/2011,RN,101,PARNAMIRIM,Outras,Colisão lateral,Sem Vítimas        ,Pleno dia,Ceu Claro,Dupla   ,Urbano,Caminhonete,Ileso       ,46.0,Feminino
1022598,08/12/2011,RN,101,PARNAMIRIM,Outras,Colisão lateral,Sem Vítimas        ,Pleno dia,Ceu Claro,Dupla   ,Urbano,Motoneta,Ileso       ,58.0,Masculino
1022618,10/12/2011,RN,405,MOSSORO,Outras,Incêndio,Sem Vítimas        ,Pleno dia,Sol,Simples ,Rural ,Automóvel,Ileso       ,35.0,Masculino
1022680,10/12/2011,RN,101,EXTREMOZ,Falta de atenção,Colisão traseira,Sem Vítimas        ,Pleno dia,Ceu Claro,Dupla   ,Rural ,Automóvel,Ileso       ,27.0,Masculino
1022680,10/12/2011,RN,101,EXTREMOZ,Falta de atenção,Colisão traseira,Sem Vítimas        ,Pleno dia,Ceu Claro,Dupla   ,Rural ,Utilitário,Ignorado    ,-1.0,Inválido
1022720,10/12/2011,RN,101,NATAL,Falta de atenção,Colisão lateral,Sem Vítimas        ,Pleno dia,Ceu Claro,Dupla   ,Urbano,Motocicletas,Ileso       ,39.0,Masculino
1022720,10/12/2011,RN,101,NATAL,Falta de atenção,Colisão lateral,Sem Vítimas        ,Pleno dia,Ceu Claro,Dupla   ,Urbano,Motoneta,Ileso       ,26.0,Feminino
1022754,10/12/2011,RN,101,SAO JOSE DE MIPIBU,Falta de atenção,Colisão lateral,Sem Vítimas        ,Pleno dia,Ceu Claro,Dupla   ,Rural ,Automóvel,Ileso       ,31.0,Masculino
1022754,10/12/2011,RN,101,SAO JOSE DE MIPIBU,Falta de atenção,Colisão lateral,Sem Vítimas        ,Pleno dia,Ceu Claro,Dupla   ,Rural ,Automóvel,Ileso       ,50.0,Masculino
1022782,10/12/2011,RN,101,PARNAMIRIM,Ingestão de álcool,Colisão traseira,Sem Vítimas        ,Plena noite,Ceu Claro,Dupla   ,Urbano,Utilitário,Ileso       ,34.0,Masculino