id,data_inversa,uf,br,municipio,causa_acidente,tipo_acidente,classificacao_acidente,fase_dia,condicao_metereologica,tipo_pista,uso_solo,tipo_veiculo,estado_fisico,idade,sexo
1022782,10/12/2011,RN,101,PARNAMIRIM,Ingestão de álcool,Colisão traseira,Sem Vítimas        ,Plena noite,Ceu Claro,Dupla   ,Urbano,Automóvel,Ileso       ,21.0,Masculino
1022782,10/12/2011,RN,101,PARNAMIRIM,Ingestão de álcool,Colisão traseira,Sem Vítimas        ,Plena noite,Ceu Claro,Dupla   ,Urbano,Automóvel,Ileso       ,24.0,Masculino
1022788,10/12/2011,RN,405,SAO FRANCISCO DO OESTE,Não guardar distância de segurança,Colisão traseira,Sem Vítimas        ,Plena noite,Ceu Claro,Simples ,Rural ,Caminhão-Trator,Ileso       ,32.0,Masculino
1022788,10/12/2011,RN,405,SAO FRANCISCO DO OESTE,Não guardar distância de segurança,Colisão traseira,Sem Vítimas        ,Plena noite,Ceu Claro,Simples ,Rural ,Caminhão,Ileso       ,53.0,Masculino
1022830,06/12/2011,RN,101,PARNAMIRIM,Falta de atenção,Colisão lateral,Sem Vítimas        ,Pleno dia,Sol,Múltipla,Urbano,Automóvel,Ileso       ,53.0,Masculino
1022830,06/12/2011,RN,101,PARNAMIRIM,Falta de atenção,Colisão lateral,Sem Vítimas        ,Pleno dia,Sol,Múltipla,Urbano,Caminhão,Ileso       ,20.0,Masculino
1022845,11/12/2011,RN,304,MOSSORO,Falta de atenção,Colisão traseira,Com Vítimas Feridas,Plena noite,Ceu Claro,Simples ,Urbano,Automóvel,Ileso       ,40.0,Masculino
1022845,11/12/2011,RN,304,MOSSORO,Falta de atenção,Colisão traseira,Com Vítimas Feridas,Plena noite,Ceu Claro,Simples ,Urbano,Automóvel,Ignorado    ,29.0,Masculino
1022845,11/12/2011,RN,304,MOSSORO,Falta de atenção,Colisão traseira,Com Vítimas Feridas,Plena noite,Ceu Claro,Simples ,Urbano,Automóvel,Ferido Leve ,22.0,Feminino
1022957,10/12/2011,RN,110,MOSSORO,Falta de atenção,Queda de motocicleta / bicicleta / veículo,Com Vítimas Feridas,Plena noite,Ignorada,Simples ,Urbano,Motoneta,Ferido Leve ,22.0,Feminino
1022999,11/12/2011,RN,101,SAO JOSE DE MIPIBU,Falta de atenção,Colisão traseira,Com Vítimas Feridas,Pleno dia,Ceu Claro,Dupla   ,Rural ,Automóvel,Ileso       ,36.0,Masculino
1022999,11/12/2011,RN,101,SAO JOSE DE MIPIBU,Falta de atenção,Colisão traseira,Com Vítimas Feridas,Pleno dia,Ceu Claro,Dupla   ,Rural ,Automóvel,Ferido Leve ,39.0,Masculino
1022999,11/12/2011,RN,101,SAO JOSE DE MIPIBU,Falta de atenção,Colisão traseira,Com Vítimas Feridas,Pleno dia,Ceu Claro,Dupla   ,Rural ,Automóvel,Ferido Leve ,9.0,Masculino
1022999,11/12/2011,RN,101,SAO JOSE DE MIPIBU,Falta de atenção,Colisão traseira,Com Vítimas Feridas,Pleno dia,Ceu Claro,Dupla   ,Rural ,Caminhão,Ileso       ,39.0,Masculino
1023031,11/12/2011,RN,101,EXTREMOZ,Falta de atenção,Colisão Transversal,Com Vítimas Feridas,Pleno dia,Ceu Claro,Dupla   ,Rural ,Motoneta,Ferido Leve ,18.0,Masculino
1023031,11/12/2011,RN,101,EXTREMOZ,Falta de atenção,Colisão Transversal,Com Vítimas Feridas,Pleno dia,Ceu Claro,Dupla   ,Rural ,Motoneta,Ferido Leve ,27.0,Feminino
1023031,11/12/2011,RN,101,EXTREMOZ,Falta de atenção,Colisão Transversal,Com Vítimas Feridas,Pleno dia,Ceu Claro,Dupla   ,Rural ,Automóvel,Ileso       ,38.0,Masculino
1023101,11/12/2011,RN,405,ITAU,Ingestão de álcool,Saída de Pista,Sem Vítimas        ,Pleno dia,Ceu Claro,Simples ,Rural ,Automóvel,Ileso       ,25.0,Masculino
1023107,11/12/2011,RN,101,PARNAMIRIM,Não guardar distância de segurança,Colisão traseira,Sem Vítimas        ,Pleno dia,Ceu Claro,Dupla   ,Urbano,Automóvel,Ileso       ,35.0,Masculino
1023107,11/12/2011,RN,101,PARNAMIRIM,Não guardar distância de segurança,Colisão traseira,Sem Vítimas        ,Pleno dia,Ceu Claro,Dupla   ,Urbano,Automóvel,Ileso       ,28.0,Masculino
1023107,11/12/2011,RN,101,PARNAMIRIM,Não guardar distância de segurança,Colisão traseira,Sem Vítimas        ,Pleno dia,Ceu Claro,Dupla   ,Urbano,Automóvel,Ileso       ,46.0,Masculino
1023107,11/12/2011,RN,101,PARNAMIRIM,Não guardar distância de segurança,Colisão traseira,Sem Vítimas        ,Pleno dia,Ceu Claro,Dupla   ,Urbano,Automóvel,Ileso       ,48.0,Masculino
1023129,11/12/2011,RN,406,JOAO CAMARA,Outras,Colisão Transversal,Sem Vítimas        ,Pleno dia,Ceu Claro,Simples ,Rural ,Automóvel,Ileso       ,38.0,Masculino
1023129,11/12/2011,RN,406,JOAO CAMARA,Outras,Colisão Transversal,Sem Vítimas        ,Pleno dia,Ceu Claro,Simples ,Rural ,Caminhonete,Ileso       ,41.0,Masculino
1023135,11/12/2011,RN,427,JARDIM DO SERIDO,Falta de atenção,Saída de Pista,Sem Vítimas        ,Pleno dia,Ceu Claro,Simples ,Rural ,Automóvel,Ileso       ,30.0,Masculino
1023210,11/12/2011,RN,110,MOSSORO,Falta de atenção,Colisão Transversal,Com Vítimas Feridas,Anoitecer,Ceu Claro,Simples ,Urbano,Motocicletas,Ferido Leve ,42.0,Masculino
1023210,11/12/2011,RN,110,MOSSORO,Falta de atenção,Colisão Transversal,Com Vítimas Feridas,Anoitecer,Ceu Claro,Simples ,Urbano,Motocicletas,Ferido Grave,30.0,Feminino
1023210,11/12/2011,RN,110,MOSSORO,Falta de atenção,Colisão Transversal,Com Vítimas Feridas,Anoitecer,Ceu Claro,Simples ,Urbano,Automóvel,Ignorado    ,-1.0,Inválido
1023235,11/12/2011,RN,226,NATAL,Falta de atenção,Colisão traseira,Com Vítimas Feridas,Plena noite,Ceu Claro,Dupla   ,Urbano,Motocicletas,Ferido Leve ,26.0,Masculino
1023235,11/12/2011,RN,226,NATAL,Falta de atenção,Colisão traseira,Com Vítimas Feridas,Plena noite,Ceu Claro,Dupla   ,Urbano,Motocicletas,Ferido Leve ,33.0,Masculino
1023235,11/12/2011,RN,226,NATAL,Falta de atenção,Colisão traseira,Com Vítimas Feridas,Plena noite,Ceu Claro,Dupla   ,Urbano,Motocicletas,Ferido Leve ,-1.0,Feminino
1023266,11/12/2011,RN,304,MOSSORO,Não guardar distância de segurança,Colisão lateral,Com Vítimas Feridas,Pleno dia,Ceu Claro,Simples ,Urbano,Automóvel,Ileso       ,46.0,Masculino
1023266,11/12/2011,RN,304,MOSSORO,Não guardar distância de segurança,Colisão lateral,Com Vítimas Feridas,Pleno dia,Ceu Claro,Simples ,Urbano,Motocicletas,Ferido Leve ,28.0,Masculino
1023266,11/12/2011,RN,304,MOSSORO,Não guardar distância de segurança,Colisão lateral,Com Vítimas Feridas,Pleno dia,Ceu Claro,Simples ,Urbano,Motocicletas,Ileso       ,19.0,Feminino
1023300,11/12/2011,RN,101,PARNAMIRIM,Outras,Capotamento,Ignorado           ,Plena noite,Ceu Claro,Dupla   ,Urbano,Automóvel,Ignorado    ,-1.0,Masculino
1023458,09/12/2011,RN,101,PARNAMIRIM,Desobediência à sinalização,Colisão traseira,Com Vítimas Feridas,Pleno dia,Ceu Claro,Dupla   ,Urbano,Motoneta,Ferido Leve ,24.0,Masculino
1023458,09/12/2011,RN,101,PARNAMIRIM,Desobediência à sinalização,Colisão traseira,Com Vítimas Feridas,Pleno dia,Ceu Claro,Dupla   ,Urbano,Motoneta,Ferido Leve ,24.0,Masculino
1023458,09/12/2011,RN,101,PARNAMIRIM,Desobediência à sinalização,Colisão traseira,Com Vítimas Feridas,Pleno dia,Ceu Claro,Dupla   ,Urbano,Automóvel,Ileso       ,31.0,Masculino
1023488,12/12/2011,RN,101,PARNAMIRIM,Não guardar distância de segurança,Colisão traseira,Sem Vítimas        ,Pleno dia,Sol,Dupla   ,Urbano,Caminhonete,Ileso       ,33.0,Masculino
1023488,12/12/2011,RN,101,PARNAMIRIM,Não guardar distância de segurança,Colisão traseira,Sem Vítimas        ,Pleno dia,Sol,Dupla   ,Urbano,Caminhonete,Ileso       ,47.0,Feminino
1023488,12/12/2011,RN,101,PARNAMIRIM,Não guardar distância de segurança,Colisão traseira,Sem Vítimas        ,Pleno dia,Sol,Dupla   ,Urbano,Automóvel,Ileso       ,-1.0,Masculino
1023546,09/12/2011,RN,101,NATAL,Não guardar distância de segurança,Colisão traseira,Sem Vítimas        ,Pleno dia,Ceu Claro,Dupla   ,Urbano,Caminhão,Ileso       ,44.0,Masculino
1023546,09/12/2011,RN,101,NATAL,Não guardar distância de segurança,Colisão traseira,Sem Vítimas        ,Pleno dia,Ceu Claro,Dupla   ,Urbano,Automóvel,Ileso       ,57.0,Feminino
1023625,12/12/2011,RN,101,PARNAMIRIM,Outras,Colisão traseira,Sem Vítimas        ,Pleno dia,Ceu Claro,Dupla   ,Urbano,Automóvel,Ileso       ,21.0,Masculino
1023625,12/12/2011,RN,101,PARNAMIRIM,Outras,Colisão traseira,Sem Vítimas        ,Pleno dia,Ceu Claro,Dupla   ,Urbano,Caminhão,Ileso       ,38.0,Masculino
1023745,10/12/2011,RN,101,SAO JOSE DE MIPIBU,Outras,Colisão com objeto fixo,Com Vítimas Feridas,Plena noite,Ceu Claro,Dupla   ,Urbano,Automóvel,Ileso       ,32.0,Masculino
1023745,10/12/2011,RN,101,SAO JOSE DE MIPIBU,Outras,Colisão com objeto fixo,Com Vítimas Feridas,Plena noite,Ceu Claro,Dupla   ,Urbano,Automóvel,Ferido Grave,-1.0,Inválido
1023828,07/12/2011,RN,226,SENADOR ELOI DE SOUZA,Outras,Colisão Transversal,Com Vítimas Feridas,Pleno dia,Sol,Simples ,Rural ,Automóvel,Ignorado    ,61.0,Masculino
1023828,07/12/2011,RN,226,SENADOR ELOI DE SOUZA,Outras,Colisão Transversal,Com Vítimas Feridas,Pleno dia,Sol,Simples ,Rural ,Motocicletas,Ferido Grave,36.0,Masculino
1023838,12/12/2011,RN,101,NATAL,Falta de atenção,Colisão traseira,Sem Vítimas        ,Anoitecer,Ceu Claro,Dupla   ,Urbano,Automóvel,Ileso       ,39.0,Masculino
1023838,12/12/2011,RN,101,NATAL,Falta de atenção,Colisão traseira,Sem Vítimas        ,Anoitecer,Ceu Claro,Dupla   ,Urbano,Camioneta,Ileso       ,26.0,Feminino
1023848,30/11/2011,RN,101,NATAL,Desobediência à sinalização,Colisão Transversal,Sem Vítimas        ,Pleno dia,Sol,Dupla   ,Urbano,Automóvel,Ileso       ,41.0,Masculino
1023848,30/11/2011,RN,101,NATAL,Desobediência à sinalização,Colisão Transversal,Sem Vítimas        ,Pleno dia,Sol,Dupla   ,Urbano,Motocicletas,Ileso       ,27.0,Masculino
1023852,12/12/2011,RN,101,PARNAMIRIM,Desobediência à sinalização,Colisão lateral,Sem Vítimas        ,Pleno dia,Ceu Claro,Dupla   ,Urbano,Automóvel,Ileso       ,54.0,Masculino
1023852,12/12/2011,RN,101,PARNAMIRIM,Desobediência à sinalização,Colisão lateral,Sem Vítimas        ,Pleno dia,Ceu Claro,Dupla   ,Urbano,Automóvel,Ileso       ,36.0,Masculino
1023862,12/12/2011,RN,304,MACAIBA,Desobediência à sinalização,Colisão Transversal,Com Vítimas Feridas,Pleno dia,Ceu Claro,Dupla   ,Urbano,Ônibus,Ileso       ,28.0,Masculino
1023862,12/12/2011,RN,304,MACAIBA,Desobediência à sinalização,Colisão Transversal,Com Vítimas Feridas,Pleno dia,Ceu Claro,Dupla   ,Urbano,Motocicletas,Ferido Grave,-1.0,Masculino
1023865,12/12/2011,RN,101,PARNAMIRIM,Outras,Colisão frontal,Com Vítimas Feridas,Pleno dia,Sol,Múltipla,Urbano,Motocicletas,Ferido Leve ,31.0,Masculino
1023865,12/12/2011,RN,101,PARNAMIRIM,Outras,Colisão frontal,Com Vítimas Feridas,Pleno dia,Sol,Múltipla,Urbano,Bicicleta,Ferido Leve ,21.0,Masculino
1023874,12/12/2011,RN,101,PARNAMIRIM,Não guardar distância de segurança,Colisão traseira,Sem Vítimas        ,Anoitecer,Ceu Claro,Dupla   ,Urbano,Automóvel,Ileso       ,35.0,Feminino
1023874,12/12/2011,RN,101,PARNAMIRIM,Não guardar distância de segurança,Colisão traseira,Sem Vítimas        ,Anoitecer,Ceu Claro,Dupla   ,Urbano,Automóvel,Ileso       ,22.0,Masculino
1023874,12/12/2011,RN,101,PARNAMIRIM,Não guardar distância de segurança,Colisão traseira,Sem Vítimas        ,Anoitecer,Ceu Claro,Dupla   ,Urbano,Automóvel,Ileso       ,61.0,Feminino
1023878,11/12/2011,RN,226,NATAL,Ingestão de álcool,Colisão lateral,Sem Vítimas        ,Plena noite,Ceu Claro,Simples ,Urbano,Automóvel,Ileso       ,51.0,Masculino
1023878,11/12/2011,RN,226,NATAL,Ingestão de álcool,Colisão lateral,Sem Vítimas        ,Plena noite,Ceu Claro,Simples ,Urbano,Automóvel,Ileso       ,19.0,Masculino
1023885,12/12/2011,RN,101,PARNAMIRIM,Outras,Colisão traseira,Sem Vítimas        ,Pleno dia,Sol,Múltipla,Urbano,Automóvel,Ileso       ,69.0,Masculino
1023885,12/12/2011,RN,101,PARNAMIRIM,Outras,Colisão traseira,Sem Vítimas        ,Pleno dia,Sol,Múltipla,Urbano,Caminhonete,Ileso       ,57.0,Masculino
1023885,12/12/2011,RN,101,PARNAMIRIM,Outras,Colisão traseira,Sem Vítimas        ,Pleno dia,Sol,Múltipla,Urbano,Automóvel,Ileso       ,45.0,Masculino
1023981,11/12/2011,RN,405,GOVERNADOR DIX-SEPT ROSADO,Dormindo,Capotamento,Com Vítimas Feridas,Plena noite,Ceu Claro,Simples ,Rural ,Automóvel,Ferido Leve ,28.0,Masculino
1023981,11/12/2011,RN,405,GOVERNADOR DIX-SEPT ROSADO,Dormindo,Capotamento,Com Vítimas Feridas,Plena noite,Ceu Claro,Simples ,Rural ,Automóvel,Ferido Leve ,25.0,Masculino
1023981,11/12/2011,RN,405,GOVERNADOR DIX-SEPT ROSADO,Dormindo,Capotamento,Com Vítimas Feridas,Plena noite,Ceu Claro,Simples ,Rural ,Automóvel,Ferido Leve ,26.0,Masculino
1023981,11/12/2011,RN,405,GOVERNADOR DIX-SEPT ROSADO,Dormindo,Capotamento,Com Vítimas Feridas,Plena noite,Ceu Claro,Simples ,Rural ,Automóvel,Ferido Leve ,24.0,Masculino
1024178,13/12/2011,RN,101,SAO GONCALO DO AMARANTE,Outras,Colisão traseira,Com Vítimas Feridas,Pleno dia,Sol,Dupla   ,Urbano,Motocicletas,Ferido Leve ,42.0,Masculino
1024178,13/12/2011,RN,101,SAO GONCALO DO AMARANTE,Outras,Colisão traseira,Com Vítimas Feridas,Pleno dia,Sol,Dupla   ,Urbano,Automóvel,Ileso       ,30.0,Masculino
1024227,13/12/2011,RN,405,MOSSORO,Falta de atenção,Capotamento,Com Vítimas Feridas,Pleno dia,Ceu Claro,Simples ,Rural ,Automóvel,Ignorado    ,-1.0,Inválido
1024227,13/12/2011,RN,405,MOSSORO,Falta de atenção,Capotamento,Com Vítimas Feridas,Pleno dia,Ceu Claro,Simples ,Rural ,Automóvel,Ferido Grave,-1.0,Masculino
1024227,13/12/2011,RN,405,MOSSORO,Falta de atenção,Capotamento,Com Vítimas Feridas,Pleno dia,Ceu Claro,Simples ,Rural ,Automóvel,Ferido Leve ,-1.0,Masculino
1024237,10/12/2011,RN,304,LAJES,Falta de atenção,Colisão traseira,Sem Vítimas        ,Plena noite,Ceu Claro,Simples ,Rural ,Automóvel,Ileso       ,27.0,Masculino
1024237,10/12/2011,RN,304,LAJES,Falta de atenção,Colisão traseira,Sem Vítimas        ,Plena noite,Ceu Claro,Simples ,Rural ,Automóvel,Ileso       ,52.0,Masculino
1024328,09/12/2011,RN,101,NATAL,Outras,Colisão traseira,Com Vítimas Feridas,Pleno dia,Sol,Dupla   ,Urbano,Motocicletas,Ferido Leve ,31.0,Masculino
1024328,09/12/2011,RN,101,NATAL,Outras,Colisão traseira,Com Vítimas Feridas,Pleno dia,Sol,Dupla   ,Urbano,Utilitário,Ileso       ,32.0,Feminino
1024338,13/12/2011,RN,101,PARNAMIRIM,Falta de atenção,Colisão lateral,Com Vítimas Feridas,Pleno dia,Ceu Claro,Dupla   ,Urbano,Automóvel,Ileso       ,38.0,Masculino
1024338,13/12/2011,RN,101,PARNAMIRIM,Falta de atenção,Colisão lateral,Com Vítimas Feridas,Pleno dia,Ceu Claro,Dupla   ,Urbano,Automóvel,Ferido Leve ,36.0,Feminino
1024338,13/12/2011,RN,101,PARNAMIRIM,Falta de atenção,Colisão lateral,Com Vítimas Feridas,Pleno dia,Ceu Claro,Dupla   ,Urbano,Ônibus,Ileso       ,23.0,Masculino
1024349,25/11/2011,RN,304,MACAIBA,Falta de atenção,Colisão traseira,Sem Vítimas        ,Anoitecer,Ceu Claro,Simples ,Urbano,Automóvel,Ileso       ,42.0,Masculino
1024349,25/11/2011,RN,304,MACAIBA,Falta de atenção,Colisão traseira,Sem Vítimas        ,Anoitecer,Ceu Claro,Simples ,Urbano,Automóvel,Ileso       ,42.0,Masculino
1024349,25/11/2011,RN,304,MACAIBA,Falta de atenção,Colisão traseira,Sem Vítimas        ,Anoitecer,Ceu Claro,Simples ,Urbano,Automóvel,Ileso       ,54.0,Masculino
1024367,06/12/2011,RN,101,NATAL,Falta de atenção,Colisão traseira,Sem Vítimas        ,Pleno dia,Ceu Claro,Dupla   ,Urbano,Automóvel,Ileso       ,35.0,Feminino
1024367,06/12/2011,RN,101,NATAL,Falta de atenção,Colisão traseira,Sem Vítimas        ,Pleno dia,Ceu Claro,Dupla   ,Urbano,Automóvel,Ileso       ,-1.0,Masculino
1024369,09/12/2011,RN,101,NATAL,Falta de atenção,Colisão traseira,Com Vítimas Feridas,Pleno dia,Sol,Múltipla,Urbano,Automóvel,Ileso       ,28.0,Feminino
1024369,09/12/2011,RN,101,NATAL,Falta de atenção,Colisão traseira,Com Vítimas Feridas,Pleno dia,Sol,Múltipla,Urbano,Motocicletas,Ferido Grave,31.0,Masculino
1024369,09/12/2011,RN,101,NATAL,Falta de atenção,Colisão traseira,Com Vítimas Feridas,Pleno dia,Sol,Múltipla,Urbano,Automóvel,Ileso       ,25.0,Feminino
1024525,13/12/2011,RN,304,MACAIBA,Falta de atenção,Colisão traseira,Sem Vítimas        ,Plena noite,Ceu Claro,Simples ,Rural ,Caminhonete,Ileso       ,44.0,Masculino
1024525,13/12/2011,RN,304,MACAIBA,Falta de atenção,Colisão traseira,Sem Vítimas        ,Plena noite,Ceu Claro,Simples ,Rural ,Caminhonete,Ileso       ,-1.0,Masculino
1024583,13/12/2011,RN,101,PARNAMIRIM,Falta de atenção,Colisão traseira,Sem Vítimas        ,Plena noite,Ceu Claro,Múltipla,Urbano,Automóvel,Ileso       ,24.0,Masculino
1024583,13/12/2011,RN,101,PARNAMIRIM,Falta de atenção,Colisão traseira,Sem Vítimas        ,Plena noite,Ceu Claro,Múltipla,Urbano,Motocicletas,Ileso       ,33.0,Masculino
1024583,13/12/2011,RN,101,PARNAMIRIM,Falta de atenção,Colisão traseira,Sem Vítimas        ,Plena noite,Ceu Claro,Múltipla,Urbano,Automóvel,Ileso       ,37.0,Masculino
1024642,09/12/2011,RN,101,NATAL,Outras,Colisão lateral,Sem Vítimas        ,Plena noite,Ceu Claro,Dupla   ,Urbano,Automóvel,Ileso       ,33.0,Masculino
1024642,09/12/2011,RN,101,NATAL,Outras,Colisão lateral,Sem Vítimas        ,Plena noite,Ceu Claro,Dupla   ,Urbano,Caminhão-Trator,Ileso       ,48.0,Masculino
1024647,14/12/2011,RN,101,PARNAMIRIM,Ingestão de álcool,Colisão traseira,Com Vítimas Feridas,Plena noite,Ceu Claro,Dupla   ,Urbano,Motocicletas,Ferido Leve ,43.0,Masculino
1024647,14/12/2011,RN,101,PARNAMIRIM,Ingestão de álcool,Colisão traseira,Com Vítimas Feridas,Plena noite,Ceu Claro,Dupla   ,Urbano,Automóvel,Ileso       ,33.0,Feminino
1024730,06/11/2011,RN,304,ASSU,Outras,Colisão Transversal,Sem Vítimas        ,Pleno dia,Sol,Simples ,Rural ,Automóvel,Ileso       ,35.0,Masculino
1024730,06/11/2011,RN,304,ASSU,Outras,Colisão Transversal,Sem Vítimas        ,Pleno dia,Sol,Simples ,Rural ,Automóvel,Ileso       ,27.0,Masculino
1024730,06/11/2011,RN,304,ASSU,Outras,Colisão Transversal,Sem Vítimas        ,Pleno dia,Sol,Simples ,Rural ,Caminhonete,Ileso       ,80.0,Masculino
1024765,10/12/2011,RN,101,NATAL,Outras,Colisão lateral,Sem Vítimas        ,Pleno dia,Ceu Claro,Dupla   ,Urbano,Caminhão-Trator,Ileso       ,37.0,Masculino
1024765,10/12/2011,RN,101,NATAL,Outras,Colisão lateral,Sem Vítimas        ,Pleno dia,Ceu Claro,Dupla   ,Urbano,Automóvel,Ileso       ,20.0,Masculino
1024797,22/11/2011,RN,101,PARNAMIRIM,Outras,Atropelamento de pessoa,Com Vítimas Feridas,Pleno dia,Ceu Claro,Dupla   ,Urbano,Automóvel,Ileso       ,61.0,Masculino
1024797,22/11/2011,RN,101,PARNAMIRIM,Outras,Atropelamento de pessoa,Com Vítimas Feridas,Pleno dia,Ceu Claro,Dupla   ,Urbano,(null),Ferido Grave,28.0,Masculino
1024807,10/12/2011,RN,304,MACAIBA,Desobediência à sinalização,Colisão traseira,Sem Vítimas        ,Plena noite,Ceu Claro,Simples ,Rural ,Automóvel,Ileso       ,27.0,Masculino
1024807,10/12/2011,RN,304,MACAIBA,Desobediência à sinalização,Colisão traseira,Sem Vítimas        ,Plena noite,Ceu Claro,Simples ,Rural ,Automóvel,Ignorado    ,-1.0,Masculino
1024816,08/12/2011,RN,304,MOSSORO,Falta de atenção,Colisão Transversal,Com Vítimas Feridas,Pleno dia,Ceu Claro,Simples ,Urbano,Caminhão,Ileso       ,33.0,Masculino
1024816,08/12/2011,RN,304,MOSSORO,Falta de atenção,Colisão Transversal,Com Vítimas Feridas,Pleno dia,Ceu Claro,Simples ,Urbano,Automóvel,Ferido Grave,58.0,Masculino
1024816,08/12/2011,RN,304,MOSSORO,Falta de atenção,Colisão Transversal,Com Vítimas Feridas,Pleno dia,Ceu Claro,Simples ,Urbano,Camioneta,Ileso       ,51.0,Masculino
1024816,08/12/2011,RN,304,MOSSORO,Falta de atenção,Colisão Transversal,Com Vítimas Feridas,Pleno dia,Ceu Claro,Simples ,Urbano,Camioneta,Ileso       ,25.0,Masculino
1024816,08/12/2011,RN,304,MOSSORO,Falta de atenção,Colisão Transversal,Com Vítimas Feridas,Pleno dia,Ceu Claro,Simples ,Urbano,Automóvel,Ileso       ,-1.0,Masculino
1024837,14/12/2011,RN,101,NATAL,Não guardar distância de segurança,Colisão traseira,Sem Vítimas        ,Pleno dia,Sol,Múltipla,Urbano,Automóvel,Ileso       ,54.0,Masculino
1024837,14/12/2011,RN,101,NATAL,Não guardar distância de segurança,Colisão traseira,Sem Vítimas        ,Pleno dia,Sol,Múltipla,Urbano,Automóvel,Ileso       ,28.0,Masculino
1024837,14/12/2011,RN,101,NATAL,Não guardar distância de segurança,Colisão traseira,Sem Vítimas        ,Pleno dia,Sol,Múltipla,Urbano,Automóvel,Ileso       ,38.0,Feminino
1024842,08/12/2011,RN,304,MOSSORO,Desobediência à sinalização,Colisão Transversal,Sem Vítimas        ,Pleno dia,Sol,Simples ,Urbano,Automóvel,Ileso       ,59.0,Masculino
1024842,08/12/2011,RN,304,MOSSORO,Desobediência à sinalização,Colisão Transversal,Sem Vítimas        ,Pleno dia,Sol,Simples ,Urbano,Automóvel,Ileso       ,36.0,Masculino
1024866,14/12/2011,RN,101,SAO GONCALO DO AMARANTE,Não guardar distância de segurança,Colisão traseira,Sem Vítimas        ,Pleno dia,Sol,Dupla   ,Urbano,Automóvel,Ileso       ,31.0,Feminino
1024866,14/12/2011,RN,101,SAO GONCALO DO AMARANTE,Não guardar distância de segurança,Colisão traseira,Sem Vítimas        ,Pleno dia,Sol,Dupla   ,Urbano,Motocicletas,Ileso       ,-1.0,Feminino
1024960,14/12/2011,RN,101,NATAL,Falta de atenção,Colisão traseira,Sem Vítimas        ,Pleno dia,Sol,Múltipla,Urbano,Motocicletas,Ileso       ,31.0,Masculino
1024960,14/12/2011,RN,101,NATAL,Falta de atenção,Colisão traseira,Sem Vítimas        ,Pleno dia,Sol,Múltipla,Urbano,Ônibus,Ileso       ,37.0,Masculino
1024975,14/12/2011,RN,304,SANTA MARIA,Falta de atenção,Colisão traseira,Sem Vítimas        ,Pleno dia,Ceu Claro,Simples ,Urbano,Automóvel,Ileso       ,25.0,Masculino
1024975,14/12/2011,RN,304,SANTA MARIA,Falta de atenção,Colisão traseira,Sem Vítimas        ,Pleno dia,Ceu Claro,Simples ,Urbano,Automóvel,Ileso       ,30.0,Masculino
1025026,14/12/2011,RN,101,NATAL,Não guardar distância de segurança,Colisão traseira,Sem Vítimas        ,Pleno dia,Sol,Dupla   ,Urbano,Automóvel,Ileso       ,30.0,Masculino
1025026,14/12/2011,RN,101,NATAL,Não guardar distância de segurança,Colisão traseira,Sem Vítimas        ,Pleno dia,Sol,Dupla   ,Urbano,Automóvel,Ileso       ,24.0,Masculino
1025028,14/12/2011,RN,101,NATAL,Falta de atenção,Colisão traseira,Sem Vítimas        ,Pleno dia,Sol,Dupla   ,Urbano,Automóvel,Ileso       ,31.0,Masculino
1025028,14/12/2011,RN,101,NATAL,Falta de atenção,Colisão traseira,Sem Vítimas        ,Pleno dia,Sol,Dupla   ,Urbano,Automóvel,Ileso       ,34.0,Masculino
1025252,14/12/2011,RN,101,NATAL,Não guardar distância de segurança,Colisão traseira,Sem Vítimas        ,Pleno dia,Sol,Dupla   ,Urbano,Camioneta,Ignorado    ,-1.0,Inválido
1025252,14/12/2011,RN,101,NATAL,Não guardar distância de segurança,Colisão traseira,Sem Vítimas        ,Pleno dia,Sol,Dupla   ,Urbano,Automóvel,Ileso       ,28.0,Masculino
1025367,15/12/2011,RN,304,IPANGUACU,Animais na Pista,Colisão com objeto fixo,Sem Vítimas        ,Plena noite,Ceu Claro,Simples ,Rural ,Camioneta,Ileso       ,32.0,Masculino
1025367,15/12/2011,RN,304,IPANGUACU,Animais na Pista,Colisão com objeto fixo,Sem Vítimas        ,Plena noite,Ceu Claro,Simples ,Rural ,Camioneta,Ileso       ,49.0,Masculino
1025371,12/12/2011,RN,304,ASSU,Desobediência à sinalização,Colisão Transversal,Com Vítimas Feridas,Amanhecer,Sol,Simples ,Urbano,Motocicletas,Ferido Grave,22.0,Masculino
1025371,12/12/2011,RN,304,ASSU,Desobediência à sinalização,Colisão Transversal,Com Vítimas Feridas,Amanhecer,Sol,Simples ,Urbano,Caminhonete,Ignorado    ,-1.0,Inválido
1025384,15/12/2011,RN,304,MACAIBA,Defeito mecânico em veículo,Colisão traseira,Com Vítimas Feridas,Pleno dia,Ceu Claro,Dupla   ,Rural ,Caminhonete,Ileso       ,40.0,Masculino
1025384,15/12/2011,RN,304,MACAIBA,Defeito mecânico em veículo,Colisão traseira,Com Vítimas Feridas,Pleno dia,Ceu Claro,Dupla   ,Rural ,Motocicletas,Ferido Leve ,22.0,Masculino