id,data_inversa,uf,br,municipio,causa_acidente,tipo_acidente,classificacao_acidente,fase_dia,condicao_metereologica,tipo_pista,uso_solo,tipo_veiculo,estado_fisico,idade,sexo
1035537,16/10/2011,RN,427,CAICO,Outras,Tombamento,Com Vítimas Feridas,Pleno dia,Nublado,Simples ,Rural ,Ônibus,Ferido Grave,-1.0,Feminino
1035537,16/10/2011,RN,427,CAICO,Outras,Tombamento,Com Vítimas Feridas,Pleno dia,Nublado,Simples ,Rural ,Ônibus,Ferido Grave,-1.0,Masculino
1035537,16/10/2011,RN,427,CAICO,Outras,Tombamento,Com Vítimas Feridas,Pleno dia,Nublado,Simples ,Rural ,Ônibus,Ferido Grave,-1.0,Feminino
1035537,16/10/2011,RN,427,CAICO,Outras,Tombamento,Com Vítimas Feridas,Pleno dia,Nublado,Simples ,Rural ,Ônibus,Ferido Grave,-1.0,Feminino
1035537,16/10/2011,RN,427,CAICO,Outras,Tombamento,Com Vítimas Feridas,Pleno dia,Nublado,Simples ,Rural ,Ônibus,Ferido Grave,-1.0,Feminino
1035537,16/10/2011,RN,427,CAICO,Outras,Tombamento,Com Vítimas Feridas,Pleno dia,Nublado,Simples ,Rural ,Ônibus,Ferido Grave,-1.0,Feminino
1035537,16/10/2011,RN,427,CAICO,Outras,Tombamento,Com Vítimas Feridas,Pleno dia,Nublado,Simples ,Rural ,Ônibus,Ferido Grave,-1.0,Masculino
1035537,16/10/2011,RN,427,CAICO,Outras,Tombamento,Com Vítimas Feridas,Pleno dia,Nublado,Simples ,Rural ,Ônibus,Ferido Leve ,-1.0,Masculino
1035537,16/10/2011,RN,427,CAICO,Outras,Tombamento,Com Vítimas Feridas,Pleno dia,Nublado,Simples ,Rural ,Ônibus,Ferido Leve ,-1.0,Masculino
1035537,16/10/2011,RN,427,CAICO,Outras,Tombamento,Com Vítimas Feridas,Pleno dia,Nublado,Simples ,Rural ,Ônibus,Ferido Leve ,-1.0,Masculino
1035728,31/12/2011,RN,101,NATAL,Ingestão de álcool,Colisão traseira,Sem Vítimas        ,Plena noite,Ceu Claro,Múltipla,Urbano,Automóvel,Ileso       ,64.0,Masculino
1035728,31/12/2011,RN,101,NATAL,Ingestão de álcool,Colisão traseira,Sem Vítimas        ,Plena noite,Ceu Claro,Múltipla,Urbano,Automóvel,Ileso       ,28.0,Feminino
1036002,30/12/2011,RN,101,PARNAMIRIM,Falta de atenção,Colisão lateral,Sem Vítimas        ,Anoitecer,Ceu Claro,Dupla   ,Urbano,Ônibus,Ileso       ,34.0,Masculino
1036002,30/12/2011,RN,101,PARNAMIRIM,Falta de atenção,Colisão lateral,Sem Vítimas        ,Anoitecer,Ceu Claro,Dupla   ,Urbano,Automóvel,Ileso       ,36.0,Masculino
1036063,30/12/2011,RN,427,JARDIM DO SERIDO,Ingestão de álcool,Saída de Pista,Sem Vítimas        ,Amanhecer,Ceu Claro,Simples ,Urbano,Automóvel,Ileso       ,-1.0,Masculino
1036160,29/12/2011,RN,101,GOIANINHA,Falta de atenção,Colisão Transversal,Com Vítimas Fatais ,Anoitecer,Ceu Claro,Dupla   ,Rural ,Automóvel,Ileso       ,31.0,Masculino
1036160,29/12/2011,RN,101,GOIANINHA,Falta de atenção,Colisão Transversal,Com Vítimas Fatais ,Anoitecer,Ceu Claro,Dupla   ,Rural ,Motocicletas,Morto       ,35.0,Masculino
1036279,30/12/2011,RN,101,NATAL,Falta de atenção,Colisão traseira,Sem Vítimas        ,Anoitecer,Ceu Claro,Dupla   ,Urbano,Camioneta,Ileso       ,55.0,Masculino
1036279,30/12/2011,RN,101,NATAL,Falta de atenção,Colisão traseira,Sem Vítimas        ,Anoitecer,Ceu Claro,Dupla   ,Urbano,Automóvel,Ileso       ,34.0,Masculino
1036383,30/12/2011,RN,110,MOSSORO,Outras,Atropelamento de pessoa,Com Vítimas Feridas,Pleno dia,Ceu Claro,Simples ,Urbano,Motocicletas,Ileso       ,19.0,Masculino
1036383,30/12/2011,RN,110,MOSSORO,Outras,Atropelamento de pessoa,Com Vítimas Feridas,Pleno dia,Ceu Claro,Simples ,Urbano,(null),Ferido Grave,72.0,Feminino
1036633,25/12/2011,RN,304,MACAIBA,Falta de atenção,Colisão traseira,Sem Vítimas        ,Plena noite,Ceu Claro,Dupla   ,Urbano,Automóvel,Ileso       ,39.0,Masculino
1036633,25/12/2011,RN,304,MACAIBA,Falta de atenção,Colisão traseira,Sem Vítimas        ,Plena noite,Ceu Claro,Dupla   ,Urbano,Automóvel,Ileso       ,50.0,Masculino
1036775,31/12/2011,RN,405,PAU DOS FERROS,Outras,Colisão frontal,Com Vítimas Fatais ,Plena noite,Ceu Claro,Simples ,Rural ,Camioneta,Ignorado    ,-1.0,Inválido
1036775,31/12/2011,RN,405,PAU DOS FERROS,Outras,Colisão frontal,Com Vítimas Fatais ,Plena noite,Ceu Claro,Simples ,Rural ,Motocicletas,Morto       ,21.0,Masculino
1036850,31/12/2011,RN,427,JARDIM DO SERIDO,Não guardar distância de segurança,Colisão traseira,Com Vítimas Feridas,Pleno dia,Ceu Claro,Simples ,Urbano,Motocicletas,Ferido Leve ,21.0,Masculino
1036850,31/12/2011,RN,427,JARDIM DO SERIDO,Não guardar distância de segurança,Colisão traseira,Com Vítimas Feridas,Pleno dia,Ceu Claro,Simples ,Urbano,Caminhonete,Ignorado    ,-1.0,Inválido
1036850,31/12/2011,RN,427,JARDIM DO SERIDO,Não guardar distância de segurança,Colisão traseira,Com Vítimas Feridas,Pleno dia,Ceu Claro,Simples ,Urbano,Motocicletas,Ferido Grave,30.0,Masculino
1036952,30/12/2011,RN,101,PARNAMIRIM,Falta de atenção,Colisão traseira,Sem Vítimas        ,Pleno dia,Ceu Claro,Dupla   ,Urbano,Ônibus,Ileso       ,31.0,Masculino
1036952,30/12/2011,RN,101,PARNAMIRIM,Falta de atenção,Colisão traseira,Sem Vítimas        ,Pleno dia,Ceu Claro,Dupla   ,Urbano,Ônibus,Ileso       ,28.0,Masculino
1037190,30/12/2011,RN,101,NATAL,Falta de atenção,Colisão lateral,Sem Vítimas        ,Pleno dia,Ceu Claro,Dupla   ,Urbano,Automóvel,Ileso       ,53.0,Masculino
1037190,30/12/2011,RN,101,NATAL,Falta de atenção,Colisão lateral,Sem Vítimas        ,Pleno dia,Ceu Claro,Dupla   ,Urbano,Caminhão-Trator,Ileso       ,36.0,Masculino
1037225,30/12/2011,RN,304,MOSSORO,Falta de atenção,Colisão Transversal,Com Vítimas Feridas,Plena noite,Ceu Claro,Simples ,Urbano,Automóvel,Ileso       ,18.0,Masculino
1037225,30/12/2011,RN,304,MOSSORO,Falta de atenção,Colisão Transversal,Com Vítimas Feridas,Plena noite,Ceu Claro,Simples ,Urbano,Motocicletas,Ferido Leve ,49.0,Masculino
1037225,30/12/2011,RN,304,MOSSORO,Falta de atenção,Colisão Transversal,Com Vítimas Feridas,Plena noite,Ceu Claro,Simples ,Urbano,Motocicletas,Ferido Grave,53.0,Feminino
1037607,26/12/2011,RN,406,CEARA-MIRIM,Outras,Capotamento,Com Vítimas Feridas,Pleno dia,Ceu Claro,Simples ,Rural ,Automóvel,Ileso       ,45.0,Masculino
1037607,26/12/2011,RN,406,CEARA-MIRIM,Outras,Capotamento,Com Vítimas Feridas,Pleno dia,Ceu Claro,Simples ,Rural ,Automóvel,Ferido Grave,38.0,Feminino
1037607,26/12/2011,RN,406,CEARA-MIRIM,Outras,Capotamento,Com Vítimas Feridas,Pleno dia,Ceu Claro,Simples ,Rural ,Automóvel,Ferido Grave,7.0,Feminino
1037607,26/12/2011,RN,406,CEARA-MIRIM,Outras,Capotamento,Com Vítimas Feridas,Pleno dia,Ceu Claro,Simples ,Rural ,Automóvel,Ferido Grave,14.0,Masculino
1037607,26/12/2011,RN,406,CEARA-MIRIM,Outras,Capotamento,Com Vítimas Feridas,Pleno dia,Ceu Claro,Simples ,Rural ,Automóvel,Ferido Leve ,51.0,Feminino
1037607,26/12/2011,RN,406,CEARA-MIRIM,Outras,Capotamento,Com Vítimas Feridas,Pleno dia,Ceu Claro,Simples ,Rural ,Automóvel,Ileso       ,-1.0,Inválido
1037671,29/12/2011,RN,304,MOSSORO,Falta de atenção,Colisão Transversal,Com Vítimas Feridas,Pleno dia,Ceu Claro,Múltipla,Urbano,Automóvel,Ileso       ,42.0,Masculino
1037671,29/12/2011,RN,304,MOSSORO,Falta de atenção,Colisão Transversal,Com Vítimas Feridas,Pleno dia,Ceu Claro,Múltipla,Urbano,Motoneta,Ferido Leve ,35.0,Masculino
1038040,30/12/2011,RN,101,NATAL,Não guardar distância de segurança,Colisão traseira,Sem Vítimas        ,Plena noite,Ceu Claro,Dupla   ,Urbano,Ônibus,Ileso       ,62.0,Masculino
1038040,30/12/2011,RN,101,NATAL,Não guardar distância de segurança,Colisão traseira,Sem Vítimas        ,Plena noite,Ceu Claro,Dupla   ,Urbano,Automóvel,Ileso       ,39.0,Masculino
1042350,18/09/2011,RN,304,MOSSORO,Desobediência à sinalização,Colisão Transversal,Com Vítimas Fatais ,Pleno dia,Sol,Simples ,Urbano,Motocicletas,Morto       ,40.0,Masculino
1042350,18/09/2011,RN,304,MOSSORO,Desobediência à sinalização,Colisão Transversal,Com Vítimas Fatais ,Pleno dia,Sol,Simples ,Urbano,Automóvel,Ferido Leve ,20.0,Masculino
1042387,31/12/2011,RN,101,NATAL,Falta de atenção,Colisão Transversal,Sem Vítimas        ,Plena noite,Ceu Claro,Dupla   ,Urbano,Automóvel,Ileso       ,57.0,Masculino
1042387,31/12/2011,RN,101,NATAL,Falta de atenção,Colisão Transversal,Sem Vítimas        ,Plena noite,Ceu Claro,Dupla   ,Urbano,Automóvel,Ileso       ,29.0,Masculino
1042387,31/12/2011,RN,101,NATAL,Falta de atenção,Colisão Transversal,Sem Vítimas        ,Plena noite,Ceu Claro,Dupla   ,Urbano,Automóvel,Ileso       ,19.0,Feminino
1042387,31/12/2011,RN,101,NATAL,Falta de atenção,Colisão Transversal,Sem Vítimas        ,Plena noite,Ceu Claro,Dupla   ,Urbano,Automóvel,Ileso       ,37.0,Feminino
1047706,01/05/2011,RN,304,MOSSORO,Falta de atenção,Colisão lateral,Sem Vítimas        ,Plena noite,Nublado,Simples ,Urbano,Camioneta,Ileso       ,24.0,Masculino
1047706,01/05/2011,RN,304,MOSSORO,Falta de atenção,Colisão lateral,Sem Vítimas        ,Plena noite,Nublado,Simples ,Urbano,Automóvel,Ileso       ,51.0,Masculino
1048207,16/09/2011,RN,101,SAO GONCALO DO AMARANTE,Outras,Colisão lateral,Sem Vítimas        ,Pleno dia,Ceu Claro,Múltipla,Urbano,Automóvel,Ileso       ,33.0,Masculino
1048207,16/09/2011,RN,101,SAO GONCALO DO AMARANTE,Outras,Colisão lateral,Sem Vítimas        ,Pleno dia,Ceu Claro,Múltipla,Urbano,Caminhão,Ileso       ,38.0,Masculino
1049059,29/12/2011,RN,406,SAO GONCALO DO AMARANTE,Falta de atenção,Colisão Transversal,Sem Vítimas        ,Pleno dia,Sol,Simples ,Rural ,Automóvel,Ileso       ,51.0,Masculino
1049059,29/12/2011,RN,406,SAO GONCALO DO AMARANTE,Falta de atenção,Colisão Transversal,Sem Vítimas        ,Pleno dia,Sol,Simples ,Rural ,Caminhonete,Ileso       ,55.0,Masculino
1053639,10/12/2011,RN,101,NATAL,Outras,Colisão com objeto fixo,Com Vítimas Feridas,Pleno dia,Ceu Claro,Dupla   ,Urbano,Automóvel,Ileso       ,-1.0,Inválido
1053639,10/12/2011,RN,101,NATAL,Outras,Colisão com objeto fixo,Com Vítimas Feridas,Pleno dia,Ceu Claro,Dupla   ,Urbano,Motocicletas,Ferido Leve ,28.0,Feminino
1053639,10/12/2011,RN,101,NATAL,Outras,Colisão com objeto fixo,Com Vítimas Feridas,Pleno dia,Ceu Claro,Dupla   ,Urbano,Motocicletas,Ferido Leve ,43.0,Feminino
1053639,10/12/2011,RN,101,NATAL,Outras,Colisão com objeto fixo,Com Vítimas Feridas,Pleno dia,Ceu Claro,Dupla   ,Urbano,Automóvel,Ileso       ,62.0,Masculino
1053639,10/12/2011,RN,101,NATAL,Outras,Colisão com objeto fixo,Com Vítimas Feridas,Pleno dia,Ceu Claro,Dupla   ,Urbano,Motocicletas,Ferido Grave,33.0,Masculino
1060784,11/11/2011,RN,304,MOSSORO,Não guardar distância de segurança,Colisão traseira,Sem Vítimas        ,Pleno dia,Ceu Claro,Dupla   ,Urbano,Caminhonete,Ileso       ,24.0,Masculino
1060784,11/11/2011,RN,304,MOSSORO,Não guardar distância de segurança,Colisão traseira,Sem Vítimas        ,Pleno dia,Ceu Claro,Dupla   ,Urbano,Caminhão,Ileso       ,32.0,Masculino
1060860,18/11/2011,RN,304,MOSSORO,Não guardar distância de segurança,Colisão traseira,Com Vítimas Feridas,Pleno dia,Ceu Claro,Simples ,Urbano,Microônibus,Ileso       ,37.0,Masculino
1060860,18/11/2011,RN,304,MOSSORO,Não guardar distância de segurança,Colisão traseira,Com Vítimas Feridas,Pleno dia,Ceu Claro,Simples ,Urbano,Caminhonete,Ileso       ,35.0,Masculino
1060860,18/11/2011,RN,304,MOSSORO,Não guardar distância de segurança,Colisão traseira,Com Vítimas Feridas,Pleno dia,Ceu Claro,Simples ,Urbano,Caminhão-Trator,Ileso       ,33.0,Masculino
1060860,18/11/2011,RN,304,MOSSORO,Não guardar distância de segurança,Colisão traseira,Com Vítimas Feridas,Pleno dia,Ceu Claro,Simples ,Urbano,Camioneta,Ileso       ,31.0,Masculino
1060860,18/11/2011,RN,304,MOSSORO,Não guardar distância de segurança,Colisão traseira,Com Vítimas Feridas,Pleno dia,Ceu Claro,Simples ,Urbano,Motocicletas,Ileso       ,54.0,Masculino
1060860,18/11/2011,RN,304,MOSSORO,Não guardar distância de segurança,Colisão traseira,Com Vítimas Feridas,Pleno dia,Ceu Claro,Simples ,Urbano,Caminhonete,Ferido Leve ,26.0,Masculino
1060860,18/11/2011,RN,304,MOSSORO,Não guardar distância de segurança,Colisão traseira,Com Vítimas Feridas,Pleno dia,Ceu Claro,Simples ,Urbano,Motocicletas,Ferido Leve ,32.0,Masculino
1070407,05/11/2011,RN,304,MACAIBA,Desobediência à sinalização,Colisão lateral,Sem Vítimas        ,Pleno dia,Ceu Claro,Simples ,Rural ,Caminhão-Trator,Ileso       ,46.0,Masculino
1070407,05/11/2011,RN,304,MACAIBA,Desobediência à sinalização,Colisão lateral,Sem Vítimas        ,Pleno dia,Ceu Claro,Simples ,Rural ,Automóvel,Ileso       ,26.0,Masculino
1075712,24/12/2011,RN,226,SANTA CRUZ,Outras,Incêndio,Sem Vítimas        ,Pleno dia,Ceu Claro,Simples ,Rural ,Ônibus,Ileso       ,22.0,Masculino
1075712,24/12/2011,RN,226,SANTA CRUZ,Outras,Incêndio,Sem Vítimas        ,Pleno dia,Ceu Claro,Simples ,Rural ,Ônibus,Ileso       ,26.0,Masculino
1075712,24/12/2011,RN,226,SANTA CRUZ,Outras,Incêndio,Sem Vítimas        ,Pleno dia,Ceu Claro,Simples ,Rural ,Ônibus,Ileso       ,22.0,Feminino
1075712,24/12/2011,RN,226,SANTA CRUZ,Outras,Incêndio,Sem Vítimas        ,Pleno dia,Ceu Claro,Simples ,Rural ,Ônibus,Ileso       ,-1.0,Masculino
1075712,24/12/2011,RN,226,SANTA CRUZ,Outras,Incêndio,Sem Vítimas        ,Pleno dia,Ceu Claro,Simples ,Rural ,Ônibus,Ileso       ,46.0,Masculino
1075712,24/12/2011,RN,226,SANTA CRUZ,Outras,Incêndio,Sem Vítimas        ,Pleno dia,Ceu Claro,Simples ,Rural ,Ônibus,Ileso       ,57.0,Feminino
1075712,24/12/2011,RN,226,SANTA CRUZ,Outras,Incêndio,Sem Vítimas        ,Pleno dia,Ceu Claro,Simples ,Rural ,Ônibus,Ileso       ,63.0,Masculino
1075712,24/12/2011,RN,226,SANTA CRUZ,Outras,Incêndio,Sem Vítimas        ,Pleno dia,Ceu Claro,Simples ,Rural ,Ônibus,Ileso       ,35.0,Feminino
1075712,24/12/2011,RN,226,SANTA CRUZ,Outras,Incêndio,Sem Vítimas        ,Pleno dia,Ceu Claro,Simples ,Rural ,Ônibus,Ileso       ,3.0,Feminino
1075712,24/12/2011,RN,226,SANTA CRUZ,Outras,Incêndio,Sem Vítimas        ,Pleno dia,Ceu Claro,Simples ,Rural ,Ônibus,Ileso       ,7.0,Masculino
1075712,24/12/2011,RN,226,SANTA CRUZ,Outras,Incêndio,Sem Vítimas        ,Pleno dia,Ceu Claro,Simples ,Rural ,Ônibus,Ileso       ,18.0,Feminino
1075712,24/12/2011,RN,226,SANTA CRUZ,Outras,Incêndio,Sem Vítimas        ,Pleno dia,Ceu Claro,Simples ,Rural ,Ônibus,Ileso       ,-1.0,Feminino
1075712,24/12/2011,RN,226,SANTA CRUZ,Outras,Incêndio,Sem Vítimas        ,Pleno dia,Ceu Claro,Simples ,Rural ,Ônibus,Ileso       ,-1.0,Feminino
1075712,24/12/2011,RN,226,SANTA CRUZ,Outras,Incêndio,Sem Vítimas        ,Pleno dia,Ceu Claro,Simples ,Rural ,Ônibus,Ileso       ,-1.0,Masculino
1075712,24/12/2011,RN,226,SANTA CRUZ,Outras,Incêndio,Sem Vítimas        ,Pleno dia,Ceu Claro,Simples ,Rural ,Ônibus,Ileso       ,-1.0,Feminino
1081208,05/12/2011,RN,226,NATAL,Outras,Colisão Transversal,Com Vítimas Feridas,Pleno dia,Sol,Simples ,Urbano,Caminhonete,Ileso       ,35.0,Masculino
1081208,05/12/2011,RN,226,NATAL,Outras,Colisão Transversal,Com Vítimas Feridas,Pleno dia,Sol,Simples ,Urbano,Automóvel,Ileso       ,34.0,Masculino
1081208,05/12/2011,RN,226,NATAL,Outras,Colisão Transversal,Com Vítimas Feridas,Pleno dia,Sol,Simples ,Urbano,Automóvel,Ferido Grave,32.0,Feminino
1085659,08/10/2011,RN,226,NATAL,Outras,Atropelamento de pessoa,Com Vítimas Feridas,Anoitecer,Ignorada,Simples ,Urbano,(null),Ferido Grave,-1.0,Feminino
1085659,08/10/2011,RN,226,NATAL,Outras,Atropelamento de pessoa,Com Vítimas Feridas,Anoitecer,Ignorada,Simples ,Urbano,Motocicletas,Ileso       ,22.0,Masculino
1089115,16/10/2011,RN,406,SAO GONCALO DO AMARANTE,Falta de atenção,Colisão Transversal,Sem Vítimas        ,Anoitecer,Ceu Claro,Simples ,Rural ,Automóvel,Ileso       ,19.0,Masculino
1089115,16/10/2011,RN,406,SAO GONCALO DO AMARANTE,Falta de atenção,Colisão Transversal,Sem Vítimas        ,Anoitecer,Ceu Claro,Simples ,Rural ,Automóvel,Ileso       ,51.0,Masculino
1099510,07/11/2011,RN,304,MACAIBA,Outras,Colisão Transversal,Com Vítimas Fatais ,Pleno dia,Sol,Dupla   ,Rural ,Automóvel,Ileso       ,29.0,Masculino
1099510,07/11/2011,RN,304,MACAIBA,Outras,Colisão Transversal,Com Vítimas Fatais ,Pleno dia,Sol,Dupla   ,Rural ,Motoneta,Morto       ,59.0,Masculino
1107480,11/05/2011,RN,304,MACAIBA,Outras,Colisão Transversal,Com Vítimas Feridas,Pleno dia,Sol,Simples ,Urbano,Automóvel,Ileso       ,33.0,Masculino
1107480,11/05/2011,RN,304,MACAIBA,Outras,Colisão Transversal,Com Vítimas Feridas,Pleno dia,Sol,Simples ,Urbano,Motocicletas,Ileso       ,19.0,Masculino
1107480,11/05/2011,RN,304,MACAIBA,Outras,Colisão Transversal,Com Vítimas Feridas,Pleno dia,Sol,Simples ,Urbano,Motocicletas,Ferido Grave,19.0,Feminino
1110251,24/05/2011,RN,101,SAO JOSE DE MIPIBU,Falta de atenção,Colisão traseira,Sem Vítimas        ,Pleno dia,Sol,Múltipla,Urbano,Automóvel,Ileso       ,28.0,Masculino
1110251,24/05/2011,RN,101,SAO JOSE DE MIPIBU,Falta de atenção,Colisão traseira,Sem Vítimas        ,Pleno dia,Sol,Múltipla,Urbano,Automóvel,Ileso       ,40.0,Masculino
1144476,01/11/2011,RN,405,JOSE DA PENHA,Outras,Atropelamento de pessoa,Com Vítimas Fatais ,Plena noite,Ceu Claro,Simples ,Urbano,Caminhão-Trator,Ileso       ,62.0,Masculino
1144476,01/11/2011,RN,405,JOSE DA PENHA,Outras,Atropelamento de pessoa,Com Vítimas Fatais ,Plena noite,Ceu Claro,Simples ,Urbano,(null),Morto       ,35.0,Masculino
1157925,12/08/2011,RN,226,CAMPO GRANDE,Outras,Saída de Pista,Com Vítimas Feridas,Pleno dia,Ceu Claro,Simples ,Rural ,Automóvel,Ferido Grave,31.0,Masculino
1157925,12/08/2011,RN,226,CAMPO GRANDE,Outras,Saída de Pista,Com Vítimas Feridas,Pleno dia,Ceu Claro,Simples ,Rural ,Automóvel,Ferido Grave,4.0,Masculino
1201897,29/11/2011,RN,101,GOIANINHA,Falta de atenção,Capotamento,Com Vítimas Feridas,Pleno dia,Ceu Claro,Dupla   ,Urbano,Automóvel,Ileso       ,45.0,Masculino
1201897,29/11/2011,RN,101,GOIANINHA,Falta de atenção,Capotamento,Com Vítimas Feridas,Pleno dia,Ceu Claro,Dupla   ,Urbano,Automóvel,Ferido Leve ,10.0,Feminino
1201897,29/11/2011,RN,101,GOIANINHA,Falta de atenção,Capotamento,Com Vítimas Feridas,Pleno dia,Ceu Claro,Dupla   ,Urbano,Automóvel,Ferido Leve ,37.0,Feminino
1217221,28/10/2011,RN,304,LAJES,Outras,Saída de Pista,Com Vítimas Feridas,Pleno dia,Sol,Simples ,Rural ,Automóvel,Ferido Grave,29.0,Masculino
1218644,15/12/2011,RN,304,MACAIBA,Outras,Colisão Transversal,Com Vítimas Feridas,Pleno dia,Ceu Claro,Simples ,Rural ,Utilitário,Ileso       ,54.0,Masculino
1218644,15/12/2011,RN,304,MACAIBA,Outras,Colisão Transversal,Com Vítimas Feridas,Pleno dia,Ceu Claro,Simples ,Rural ,Automóvel,Ferido Leve ,48.0,Feminino
1218644,15/12/2011,RN,304,MACAIBA,Outras,Colisão Transversal,Com Vítimas Feridas,Pleno dia,Ceu Claro,Simples ,Rural ,Camioneta,Ferido Leve ,46.0,Masculino
1273047,27/12/2011,RN,304,MOSSORO,Ultrapassagem indevida,Capotamento,Com Vítimas Feridas,Pleno dia,Sol,Simples ,Urbano,Caminhão,Ileso       ,51.0,Masculino
1273047,27/12/2011,RN,304,MOSSORO,Ultrapassagem indevida,Capotamento,Com Vítimas Feridas,Pleno dia,Sol,Simples ,Urbano,Caminhão-Trator,Ignorado    ,-1.0,Inválido
1273047,27/12/2011,RN,304,MOSSORO,Ultrapassagem indevida,Capotamento,Com Vítimas Feridas,Pleno dia,Sol,Simples ,Urbano,Microônibus,Ignorado    ,-1.0,Inválido
1273047,27/12/2011,RN,304,MOSSORO,Ultrapassagem indevida,Capotamento,Com Vítimas Feridas,Pleno dia,Sol,Simples ,Urbano,Caminhão,Ferido Leve ,-1.0,Masculino
1273047,27/12/2011,RN,304,MOSSORO,Ultrapassagem indevida,Capotamento,Com Vítimas Feridas,Pleno dia,Sol,Simples ,Urbano,Caminhão,Ferido Leve ,30.0,Masculino
1330923,12/06/2011,RN,101,PARNAMIRIM,Falta de atenção,Colisão com bicicleta,Com Vítimas Feridas,Pleno dia,Ceu Claro,Múltipla,Urbano,Automóvel,Ileso       ,38.0,Masculino
1330923,12/06/2011,RN,101,PARNAMIRIM,Falta de atenção,Colisão com bicicleta,Com Vítimas Feridas,Pleno dia,Ceu Claro,Múltipla,Urbano,Bicicleta,Ferido Grave,58.0,Masculino
1330923,12/06/2011,RN,101,PARNAMIRIM,Falta de atenção,Colisão com bicicleta,Com Vítimas Feridas,Pleno dia,Ceu Claro,Múltipla,Urbano,Automóvel,Ileso       ,-1.0,Inválido
1337546,22/10/2011,RN,101,CANGUARETAMA,Falta de atenção,Colisão traseira,Com Vítimas Feridas,Pleno dia,Ceu Claro,Dupla   ,Rural ,Automóvel,Ileso       ,37.0,Masculino
1337546,22/10/2011,RN,101,CANGUARETAMA,Falta de atenção,Colisão traseira,Com Vítimas Feridas,Pleno dia,Ceu Claro,Dupla   ,Rural ,Automóvel,Ferido Leve ,33.0,Masculino
1337546,22/10/2011,RN,101,CANGUARETAMA,Falta de atenção,Colisão traseira,Com Vítimas Feridas,Pleno dia,Ceu Claro,Dupla   ,Rural ,Automóvel,Ferido Leve ,36.0,Feminino
1337546,22/10/2011,RN,101,CANGUARETAMA,Falta de atenção,Colisão traseira,Com Vítimas Feridas,Pleno dia,Ceu Claro,Dupla   ,Rural ,Automóvel,Ferido Leve ,14.0,Feminino
1337546,22/10/2011,RN,101,CANGUARETAMA,Falta de atenção,Colisão traseira,Com Vítimas Feridas,Pleno dia,Ceu Claro,Dupla   ,Rural ,Automóvel,Ferido Leve ,17.0,Feminino
1337546,22/10/2011,RN,101,CANGUARETAMA,Falta de atenção,Colisão traseira,Com Vítimas Feridas,Pleno dia,Ceu Claro,Dupla   ,Rural ,Automóvel,Ferido Leve ,-1.0,Masculino
83189634,25/12/2011,RN,405,MOSSORO,Outras,Capotamento,Com Vítimas Feridas,Plena noite,Ceu Claro,Simples ,Rural ,Microônibus,Ileso       ,48.0,Masculino
83189634,25/12/2011,RN,405,MOSSORO,Outras,Capotamento,Com Vítimas Feridas,Plena noite,Ceu Claro,Simples ,Rural ,Microônibus,Ferido Leve ,-1.0,Feminino
83189634,25/12/2011,RN,405,MOSSORO,Outras,Capotamento,Com Vítimas Feridas,Plena noite,Ceu Claro,Simples ,Rural ,Microônibus,Ferido Leve ,16.0,Feminino
83189634,25/12/2011,RN,405,MOSSORO,Outras,Capotamento,Com Vítimas Feridas,Plena noite,Ceu Claro,Simples ,Rural ,Microônibus,Ferido Leve ,22.0,Feminino
83189634,25/12/2011,RN,405,MOSSORO,Outras,Capotamento,Com Vítimas Feridas,Plena noite,Ceu Claro,Simples ,Rural ,Microônibus,Ferido Leve ,12.0,Feminino
83189634,25/12/2011,RN,405,MOSSORO,Outras,Capotamento,Com Vítimas Feridas,Plena noite,Ceu Claro,Simples ,Rural ,Microônibus,Ferido Leve ,47.0,Masculino
83189634,25/12/2011,RN,405,MOSSORO,Outras,Capotamento,Com Vítimas Feridas,Plena noite,Ceu Claro,Simples ,Rural ,Microônibus,Ferido Leve ,-1.0,Masculino
83189634,25/12/2011,RN,405,MOSSORO,Outras,Capotamento,Com Vítimas Feridas,Plena noite,Ceu Claro,Simples ,Rural ,Microônibus,Ileso       ,7.0,Masculino
83189634,25/12/2011,RN,405,MOSSORO,Outras,Capotamento,Com Vítimas Feridas,Plena noite,Ceu Claro,Simples ,Rural ,Microônibus,Ileso       ,27.0,Feminino
83189634,25/12/2011,RN,405,MOSSORO,Outras,Capotamento,Com Vítimas Feridas,Plena noite,Ceu Claro,Simples ,Rural ,Microônibus,Ferido Leve ,39.0,Feminino
83189634,25/12/2011,RN,405,MOSSORO,Outras,Capotamento,Com Vítimas Feridas,Plena noite,Ceu Claro,Simples ,Rural ,Microônibus,Ferido Leve ,50.0,Feminino
83189634,25/12/2011,RN,405,MOSSORO,Outras,Capotamento,Com Vítimas Feridas,Plena noite,Ceu Claro,Simples ,Rural ,Microônibus,Ferido Leve ,10.0,Masculino
83189634,25/12/2011,RN,405,MOSSORO,Outras,Capotamento,Com Vítimas Feridas,Plena noite,Ceu Claro,Simples ,Rural ,Microônibus,Ileso       ,28.0,Masculino
83189634,25/12/2011,RN,405,MOSSORO,Outras,Capotamento,Com Vítimas Feridas,Plena noite,Ceu Claro,Simples ,Rural ,Microônibus,Ferido Leve ,47.0,Feminino
83189634,25/12/2011,RN,405,MOSSORO,Outras,Capotamento,Com Vítimas Feridas,Plena noite,Ceu Claro,Simples ,Rural ,Microônibus,Ferido Grave,30.0,Masculino
83189634,25/12/2011,RN,405,MOSSORO,Outras,Capotamento,Com Vítimas Feridas,Plena noite,Ceu Claro,Simples ,Rural ,Microônibus,Ferido Leve ,55.0,Feminino
83189634,25/12/2011,RN,405,MOSSORO,Outras,Capotamento,Com Vítimas Feridas,Plena noite,Ceu Claro,Simples ,Rural ,Microônibus,Ferido Leve ,16.0,Masculino
83189634,25/12/2011,RN,405,MOSSORO,Outras,Capotamento,Com Vítimas Feridas,Plena noite,Ceu Claro,Simples ,Rural ,Microônibus,Ferido Leve ,10.0,Masculino